timestamp_ns,value_ustrain
1721984400000000000,2.550
1721984400010000000,1.715
1721984400020000000,2.759
1721984400030000000,1.558
1721984400040000000,2.327
1721984400050000000,-0.819
1721984400060000000,2.561
1721984400070000000,-2.377
1721984400080000000,1.289
1721984400090000000,5.510
1721984400100000000,-4.291
1721984400110000000,1.578
1721984400120000000,-6.193
1721984400130000000,2.055
1721984400140000000,-2.798
1721984400150000000,3.533
1721984400160000000,1.974
1721984400170000000,3.740
1721984400180000000,1.105
1721984400190000000,-0.478
1721984400200000000,-3.292
1721984400210000000,-0.468
1721984400220000000,-0.282
1721984400230000000,-1.491
1721984400240000000,-2.805
1721984400250000000,-0.289
1721984400260000000,-3.456
1721984400270000000,0.454
1721984400280000000,3.102
1721984400290000000,-2.884
1721984400300000000,-0.200
1721984400310000000,2.561
1721984400320000000,2.427
1721984400330000000,3.121
1721984400340000000,1.195
1721984400350000000,-4.278
1721984400360000000,3.323
1721984400370000000,3.077
1721984400380000000,-2.129
1721984400390000000,3.560
1721984400400000000,-2.841
1721984400410000000,-4.616
1721984400420000000,1.425
1721984400430000000,-2.556
1721984400440000000,2.556
1721984400450000000,2.297
1721984400460000000,0.148
1721984400470000000,-0.704
1721984400480000000,4.205
1721984400490000000,4.629
1721984400500000000,-2.256
1721984400510000000,4.455
1721984400520000000,2.080
1721984400530000000,-1.874
1721984400540000000,-1.782
1721984400550000000,-2.652
1721984400560000000,-1.551
1721984400570000000,0.719
1721984400580000000,-3.518
1721984400590000000,2.617
1721984400600000000,2.729
1721984400610000000,2.294
1721984400620000000,-1.394
1721984400630000000,-3.718
1721984400640000000,-1.738
1721984400650000000,-2.705
1721984400660000000,-1.097
1721984400670000000,2.072
1721984400680000000,-3.534
1721984400690000000,-1.452
1721984400700000000,2.062
1721984400710000000,-1.886
1721984400720000000,1.940
1721984400730000000,-0.454
1721984400740000000,0.804
1721984400750000000,1.281
1721984400760000000,-0.674
1721984400770000000,-5.835
1721984400780000000,3.755
1721984400790000000,0.130
1721984400800000000,1.678
1721984400810000000,-5.898
1721984400820000000,0.250
1721984400830000000,3.607
1721984400840000000,-4.218
1721984400850000000,-2.025
1721984400860000000,6.381
1721984400870000000,1.559
1721984400880000000,1.043
1721984400890000000,3.536
1721984400900000000,2.055
1721984400910000000,2.415
1721984400920000000,-0.765
1721984400930000000,-4.070
1721984400940000000,2.002
1721984400950000000,-3.803
1721984400960000000,-3.308
1721984400970000000,-1.292
1721984400980000000,2.681
1721984400990000000,-1.347
1721984401000000000,1.632
1721984401010000000,-0.335
1721984401020000000,-2.121
1721984401030000000,0.666
1721984401040000000,-1.844
1721984401050000000,1.237
1721984401060000000,-0.304
1721984401070000000,1.155
1721984401080000000,-1.790
1721984401090000000,-3.439
1721984401100000000,7.703
1721984401110000000,-0.270
1721984401120000000,4.563
1721984401130000000,-4.648
1721984401140000000,-1.592
1721984401150000000,2.106
1721984401160000000,-0.465
1721984401170000000,-1.958
1721984401180000000,4.460
1721984401190000000,-1.042
1721984401200000000,-2.534
1721984401210000000,-0.870
1721984401220000000,6.312
1721984401230000000,-2.518
1721984401240000000,1.508
1721984401250000000,1.238
1721984401260000000,-1.850
1721984401270000000,-0.366
1721984401280000000,-3.879
1721984401290000000,2.498
1721984401300000000,-2.983
1721984401310000000,0.889
1721984401320000000,2.204
1721984401330000000,-4.906
1721984401340000000,4.504
1721984401350000000,-3.718
1721984401360000000,1.105
1721984401370000000,0.987
1721984401380000000,4.666
1721984401390000000,3.151
1721984401400000000,2.181
1721984401410000000,-0.719
1721984401420000000,-2.747
1721984401430000000,2.362
1721984401440000000,-2.494
1721984401450000000,1.730
1721984401460000000,0.539
1721984401470000000,-1.158
1721984401480000000,1.011
1721984401490000000,-1.472
1721984401500000000,-3.088
1721984401510000000,-2.079
1721984401520000000,-0.203
1721984401530000000,0.227
1721984401540000000,0.903
1721984401550000000,4.067
1721984401560000000,0.318
1721984401570000000,3.302
1721984401580000000,1.772
1721984401590000000,2.339
1721984401600000000,1.900
1721984401610000000,1.749
1721984401620000000,4.391
1721984401630000000,-5.481
1721984401640000000,-4.706
1721984401650000000,-4.398
1721984401660000000,-5.972
1721984401670000000,-2.222
1721984401680000000,-1.831
1721984401690000000,-1.599
1721984401700000000,0.595
1721984401710000000,2.322
1721984401720000000,-1.538
1721984401730000000,-0.517
1721984401740000000,-1.228
1721984401750000000,-0.505
1721984401760000000,-8.655
1721984401770000000,-4.830
1721984401780000000,-0.907
1721984401790000000,1.771
1721984401800000000,0.811
1721984401810000000,-8.162
1721984401820000000,-0.688
1721984401830000000,-1.796
1721984401840000000,-4.218
1721984401850000000,-0.302
1721984401860000000,4.400
1721984401870000000,2.866
1721984401880000000,0.655
1721984401890000000,-0.936
1721984401900000000,-1.921
1721984401910000000,-2.376
1721984401920000000,-3.638
1721984401930000000,-0.159
1721984401940000000,1.048
1721984401950000000,-3.384
1721984401960000000,-1.207
1721984401970000000,0.179
1721984401980000000,1.705
1721984401990000000,-2.597
1721984402000000000,-9.471
1721984402009999999,8.641
1721984402020000000,6.841
1721984402029999999,4.351
1721984402040000000,1.443
1721984402049999999,2.317
1721984402060000000,3.109
1721984402069999999,16.070
1721984402080000000,23.281
1721984402089999999,17.547
1721984402100000000,16.903
1721984402109999999,6.133
1721984402120000000,14.189
1721984402130000000,18.657
1721984402140000000,18.234
1721984402150000000,28.913
1721984402160000000,18.826
1721984402170000000,22.742
1721984402180000000,42.303
1721984402190000000,18.874
1721984402200000000,24.140
1721984402210000000,32.496
1721984402220000000,35.937
1721984402230000000,22.579
1721984402240000000,30.372
1721984402250000000,36.032
1721984402260000000,44.450
1721984402270000000,44.371
1721984402280000000,46.237
1721984402290000000,44.127
1721984402300000000,37.319
1721984402310000000,34.402
1721984402320000000,41.746
1721984402330000000,46.690
1721984402340000000,40.913
1721984402350000000,44.339
1721984402360000000,43.636
1721984402370000000,47.254
1721984402380000000,50.392
1721984402390000000,60.534
1721984402400000000,45.221
1721984402410000000,60.048
1721984402420000000,57.689
1721984402430000000,45.318
1721984402440000000,67.176
1721984402450000000,65.596
1721984402460000000,60.461
1721984402470000000,55.026
1721984402480000000,69.760
1721984402490000000,53.871
1721984402500000000,62.321
1721984402510000000,73.077
1721984402520000000,64.528
1721984402530000000,66.113
1721984402540000000,71.029
1721984402550000000,69.885
1721984402560000000,63.454
1721984402570000000,81.832
1721984402580000000,74.840
1721984402590000000,78.857
1721984402600000000,77.189
1721984402610000000,87.203
1721984402620000000,86.936
1721984402630000000,100.872
1721984402640000000,86.131
1721984402650000000,74.010
1721984402660000000,88.550
1721984402670000000,90.544
1721984402680000000,98.951
1721984402690000000,93.952
1721984402700000000,103.213
1721984402710000000,107.104
1721984402720000000,89.719
1721984402730000000,100.752
1721984402740000000,92.955
1721984402750000000,111.764
1721984402760000000,106.801
1721984402770000000,109.206
1721984402780000000,96.222
1721984402790000000,105.961
1721984402800000000,101.021
1721984402810000000,123.437
1721984402820000000,112.393
1721984402830000000,106.651
1721984402840000000,124.257
1721984402850000000,126.201
1721984402860000000,112.985
1721984402870000000,115.705
1721984402880000000,119.656
1721984402890000000,125.442
1721984402900000000,118.119
1721984402910000000,127.636
1721984402920000000,127.104
1721984402930000000,123.229
1721984402940000000,117.700
1721984402950000000,119.252
1721984402960000000,121.178
1721984402970000000,131.849
1721984402980000000,126.710
1721984402990000000,129.680
1721984403000000000,148.617
1721984403010000000,142.759
1721984403020000000,145.501
1721984403030000000,153.425
1721984403040000000,157.076
1721984403050000000,152.611
1721984403060000000,140.462
1721984403070000000,154.735
1721984403080000000,162.820
1721984403090000000,161.118
1721984403100000000,151.040
1721984403110000000,146.368
1721984403120000000,150.381
1721984403130000000,146.632
1721984403140000000,155.129
1721984403150000000,152.346
1721984403160000000,147.307
1721984403170000000,144.324
1721984403180000000,155.669
1721984403190000000,157.043
1721984403200000000,146.154
1721984403210000000,163.207
1721984403220000000,146.239
1721984403230000000,158.827
1721984403240000000,150.933
1721984403250000000,148.334
1721984403260000000,143.702
1721984403270000000,153.344
1721984403280000000,158.619
1721984403290000000,162.461
1721984403300000000,169.685
1721984403310000000,156.746
1721984403320000000,157.876
1721984403330000000,146.081
1721984403340000000,158.085
1721984403350000000,153.639
1721984403360000000,150.885
1721984403370000000,149.853
1721984403380000000,145.058
1721984403390000000,156.386
1721984403400000000,162.409
1721984403410000000,158.765
1721984403420000000,142.496
1721984403430000000,146.317
1721984403440000000,150.583
1721984403450000000,152.117
1721984403460000000,154.080
1721984403470000000,162.886
1721984403480000000,167.283
1721984403490000000,159.425
1721984403500000000,151.977
1721984403510000000,168.806
1721984403520000000,163.746
1721984403530000000,149.762
1721984403540000000,161.152
1721984403550000000,157.838
1721984403560000000,150.354
1721984403570000000,166.377
1721984403580000000,158.915
1721984403590000000,152.537
1721984403600000000,166.024
1721984403610000000,168.751
1721984403620000000,168.547
1721984403630000000,170.022
1721984403640000000,159.970
1721984403650000000,158.590
1721984403660000000,167.474
1721984403670000000,169.584
1721984403680000000,166.655
1721984403690000000,162.028
1721984403700000000,162.847
1721984403710000000,161.408
1721984403720000000,163.027
1721984403730000000,162.944
1721984403740000000,171.623
1721984403750000000,175.829
1721984403760000000,166.772
1721984403770000000,156.009
1721984403780000000,169.463
1721984403790000000,170.156
1721984403800000000,167.866
1721984403810000000,149.832
1721984403820000000,169.134
1721984403830000000,169.815
1721984403840000000,172.795
1721984403850000000,164.824
1721984403860000000,175.023
1721984403870000000,163.228
1721984403880000000,178.960
1721984403890000000,171.094
1721984403900000000,167.306
1721984403910000000,171.622
1721984403920000000,167.869
1721984403930000000,172.201
1721984403940000000,174.130
1721984403950000000,172.824
1721984403960000000,173.898
1721984403970000000,163.782
1721984403980000000,179.463
1721984403990000000,173.577
1721984404000000000,193.532
1721984404010000000,179.599
1721984404019999999,182.430
1721984404030000000,166.222
1721984404040000000,180.683
1721984404050000000,182.248
1721984404059999999,170.326
1721984404070000000,182.800
1721984404080000000,177.059
1721984404090000000,186.487
1721984404099999999,181.953
1721984404110000000,192.066
1721984404120000000,175.301
1721984404130000000,202.287
1721984404139999999,184.533
1721984404150000000,189.339
1721984404160000000,185.753
1721984404170000000,195.796
1721984404179999999,184.724
1721984404190000000,184.637
1721984404200000000,194.158
1721984404210000000,191.828
1721984404219999999,196.572
1721984404230000000,191.450
1721984404240000000,196.951
1721984404250000000,191.908
1721984404260000000,188.996
1721984404269999999,191.994
1721984404280000000,202.311
1721984404290000000,180.124
1721984404300000000,190.117
1721984404310000000,191.668
1721984404320000000,183.316
1721984404330000000,191.397
1721984404340000000,197.553
1721984404350000000,205.589
1721984404360000000,201.695
1721984404370000000,201.218
1721984404380000000,197.357
1721984404390000000,191.951
1721984404400000000,199.774
1721984404410000000,202.457
1721984404420000000,199.133
1721984404430000000,201.856
1721984404440000000,203.406
1721984404450000000,205.619
1721984404460000000,205.865
1721984404470000000,208.392
1721984404480000000,210.634
1721984404490000000,207.823
1721984404500000000,212.854
1721984404510000000,218.236
1721984404520000000,200.063
1721984404530000000,199.564
1721984404540000000,226.474
1721984404550000000,222.465
1721984404560000000,219.802
1721984404570000000,221.559
1721984404580000000,226.708
1721984404590000000,204.405
1721984404600000000,221.593
1721984404610000000,215.151
1721984404620000000,205.915
1721984404630000000,208.782
1721984404640000000,224.456
1721984404650000000,214.565
1721984404660000000,216.307
1721984404670000000,220.311
1721984404680000000,235.150
1721984404690000000,225.912
1721984404700000000,205.120
1721984404710000000,215.645
1721984404720000000,219.567
1721984404730000000,215.881
1721984404740000000,226.358
1721984404750000000,205.282
1721984404760000000,242.822
1721984404770000000,228.311
1721984404780000000,221.350
1721984404790000000,232.877
1721984404800000000,224.492
1721984404810000000,236.360
1721984404820000000,231.415
1721984404830000000,236.499
1721984404840000000,228.598
1721984404850000000,241.318
1721984404860000000,250.052
1721984404870000000,242.851
1721984404880000000,238.483
1721984404890000000,240.322
1721984404900000000,243.293
1721984404910000000,243.011
1721984404920000000,230.129
1721984404930000000,244.993
1721984404940000000,246.132
1721984404950000000,255.512
1721984404960000000,251.905
1721984404970000000,243.591
1721984404980000000,250.304
1721984404990000000,250.247
1721984405000000000,255.133
1721984405010000000,262.217
1721984405020000000,259.767
1721984405030000000,259.139
1721984405040000000,244.491
1721984405050000000,241.718
1721984405060000000,260.725
1721984405070000000,259.014
1721984405080000000,258.832
1721984405090000000,263.985
1721984405100000000,248.893
1721984405110000000,264.961
1721984405120000000,264.886
1721984405130000000,257.852
1721984405140000000,268.788
1721984405150000000,260.318
1721984405160000000,259.948
1721984405170000000,273.049
1721984405180000000,265.587
1721984405190000000,271.437
1721984405200000000,283.941
1721984405210000000,277.347
1721984405220000000,254.869
1721984405230000000,275.595
1721984405240000000,279.239
1721984405250000000,290.077
1721984405260000000,281.698
1721984405270000000,286.350
1721984405280000000,282.404
1721984405290000000,277.172
1721984405300000000,274.352
1721984405310000000,291.349
1721984405320000000,286.701
1721984405330000000,287.479
1721984405340000000,294.075
1721984405350000000,291.184
1721984405360000000,292.329
1721984405370000000,282.470
1721984405380000000,290.327
1721984405390000000,290.960
1721984405400000000,293.374
1721984405410000000,302.841
1721984405420000000,294.894
1721984405430000000,291.763
1721984405440000000,288.061
1721984405450000000,301.746
1721984405460000000,289.837
1721984405470000000,300.227
1721984405480000000,295.076
1721984405490000000,298.896
1721984405500000000,304.826
1721984405510000000,314.120
1721984405520000000,317.838
1721984405530000000,288.668
1721984405540000000,314.076
1721984405550000000,300.958
1721984405560000000,310.779
1721984405570000000,313.459
1721984405580000000,310.037
1721984405590000000,309.199
1721984405600000000,307.205
1721984405610000000,328.009
1721984405620000000,322.833
1721984405630000000,312.320
1721984405640000000,312.699
1721984405650000000,322.596
1721984405660000000,313.735
1721984405670000000,314.349
1721984405680000000,327.082
1721984405690000000,321.862
1721984405700000000,318.339
1721984405710000000,315.252
1721984405720000000,329.418
1721984405730000000,319.985
1721984405740000000,331.534
1721984405750000000,336.896
1721984405760000000,330.655
1721984405770000000,329.781
1721984405780000000,326.833
1721984405790000000,330.157
1721984405800000000,321.470
1721984405810000000,331.593
1721984405820000000,330.975
1721984405830000000,330.256
1721984405840000000,325.869
1721984405850000000,324.265
1721984405860000000,341.193
1721984405870000000,343.957
1721984405880000000,352.901
1721984405890000000,341.381
1721984405900000000,348.034
1721984405910000000,347.706
1721984405920000000,334.335
1721984405930000000,361.474
1721984405940000000,345.529
1721984405950000000,343.708
1721984405960000000,344.857
1721984405970000000,340.237
1721984405980000000,353.089
1721984405990000000,356.682
1721984406000000000,344.580
1721984406010000000,350.224
1721984406020000000,354.132
1721984406030000000,351.620
1721984406040000000,366.296
1721984406050000000,372.580
1721984406060000000,366.894
1721984406070000000,370.157
1721984406080000000,360.314
1721984406090000000,348.818
1721984406100000000,362.363
1721984406110000000,362.133
1721984406120000000,372.028
1721984406130000000,345.561
1721984406140000000,358.006
1721984406150000000,353.240
1721984406160000000,363.523
1721984406170000000,369.119
1721984406180000000,358.975
1721984406190000000,357.905
1721984406200000000,376.701
1721984406210000000,380.721
1721984406220000000,370.257
1721984406230000000,375.434
1721984406240000000,366.473
1721984406250000000,377.101
1721984406260000000,386.068
1721984406270000000,379.849
1721984406280000000,372.951
1721984406290000000,372.261
1721984406300000000,378.752
1721984406310000000,376.549
1721984406320000000,372.548
1721984406330000000,375.433
1721984406340000000,366.668
1721984406350000000,381.994
1721984406360000000,374.301
1721984406370000000,364.357
1721984406380000000,386.856
1721984406390000000,387.706
1721984406400000000,374.798
1721984406410000000,381.950
1721984406420000000,388.721
1721984406430000000,377.294
1721984406440000000,376.283
1721984406450000000,387.530
1721984406460000000,397.032
1721984406470000000,382.824
1721984406480000000,389.031
1721984406490000000,394.389
1721984406500000000,398.641
1721984406510000000,386.832
1721984406520000000,388.327
1721984406530000000,389.346
1721984406540000000,404.697
1721984406550000000,401.791
1721984406560000000,391.171
1721984406570000000,397.827
1721984406580000000,393.460
1721984406590000000,399.895
1721984406600000000,392.700
1721984406610000000,411.007
1721984406620000000,396.732
1721984406630000000,396.560
1721984406640000000,404.474
1721984406650000000,400.249
1721984406660000000,389.792
1721984406670000000,409.768
1721984406680000000,403.737
1721984406690000000,402.144
1721984406700000000,411.088
1721984406710000000,408.169
1721984406720000000,394.112
1721984406730000000,405.255
1721984406740000000,399.657
1721984406750000000,421.316
1721984406760000000,411.582
1721984406770000000,405.248
1721984406780000000,412.733
1721984406790000000,406.718
1721984406800000000,413.157
1721984406810000000,401.765
1721984406820000000,414.926
1721984406830000000,409.034
1721984406840000000,412.617
1721984406850000000,408.916
1721984406860000000,407.313
1721984406870000000,397.398
1721984406880000000,404.619
1721984406890000000,405.580
1721984406900000000,405.540
1721984406910000000,405.087
1721984406920000000,408.716
1721984406930000000,416.143
1721984406940000000,426.860
1721984406950000000,406.817
1721984406960000000,420.510
1721984406970000000,415.463
1721984406980000000,405.205
1721984406990000000,409.822
1721984407000000000,415.127
1721984407010000000,404.278
1721984407020000000,413.290
1721984407030000000,423.775
1721984407040000000,427.234
1721984407050000000,410.388
1721984407060000000,418.394
1721984407070000000,427.932
1721984407080000000,419.414
1721984407090000000,423.336
1721984407100000000,420.617
1721984407110000000,413.707
1721984407120000000,412.196
1721984407130000000,418.642
1721984407140000000,425.237
1721984407150000000,431.058
1721984407160000000,429.566
1721984407170000000,408.593
1721984407180000000,423.745
1721984407190000000,424.368
1721984407200000000,409.155
1721984407210000000,421.959
1721984407220000000,417.279
1721984407230000000,426.105
1721984407240000000,418.746
1721984407250000000,429.699
1721984407260000000,421.232
1721984407270000000,425.905
1721984407280000000,431.560
1721984407290000000,421.923
1721984407300000000,406.835
1721984407310000000,432.102
1721984407320000000,439.276
1721984407330000000,423.860
1721984407340000000,417.880
1721984407350000000,427.107
1721984407360000000,426.942
1721984407370000000,422.764
1721984407380000000,425.690
1721984407390000000,445.491
1721984407400000000,436.248
1721984407410000000,432.228
1721984407420000000,433.196
1721984407430000000,431.233
1721984407440000000,417.472
1721984407450000000,440.024
1721984407460000000,431.085
1721984407470000000,419.013
1721984407480000000,433.463
1721984407490000000,419.273
1721984407500000000,438.696
1721984407510000000,431.653
1721984407520000000,434.265
1721984407530000000,427.732
1721984407540000000,421.142
1721984407550000000,430.504
1721984407560000000,435.064
1721984407570000000,433.496
1721984407580000000,442.203
1721984407590000000,430.512
1721984407600000000,440.637
1721984407610000000,435.584
1721984407620000000,428.256
1721984407630000000,443.705
1721984407640000000,441.474
1721984407650000000,440.214
1721984407660000000,427.495
1721984407670000000,431.837
1721984407680000000,429.126
1721984407690000000,441.438
1721984407700000000,441.557
1721984407710000000,443.129
1721984407720000000,439.758
1721984407730000000,436.755
1721984407740000000,428.982
1721984407750000000,423.287
1721984407760000000,449.552
1721984407770000000,433.265
1721984407780000000,445.096
1721984407790000000,451.853
1721984407800000000,442.939
1721984407810000000,430.443
1721984407820000000,438.063
1721984407830000000,438.181
1721984407840000000,439.423
1721984407850000000,450.260
1721984407860000000,436.804
1721984407870000000,425.328
1721984407880000000,443.883
1721984407890000000,438.629
1721984407900000000,449.219
1721984407910000000,437.699
1721984407920000000,433.082
1721984407930000000,432.422
1721984407940000000,434.373
1721984407950000000,444.376
1721984407960000000,444.056
1721984407970000000,455.847
1721984407980000000,455.270
1721984407990000000,436.663
1721984408000000000,448.264
1721984408010000000,437.098
1721984408020000000,447.222
1721984408029999999,440.328
1721984408039999999,443.567
1721984408050000000,437.599
1721984408060000000,435.228
1721984408070000000,429.549
1721984408080000000,440.863
1721984408090000000,439.732
1721984408100000000,440.533
1721984408109999999,452.116
1721984408119999999,450.146
1721984408130000000,434.555
1721984408140000000,432.438
1721984408150000000,442.825
1721984408160000000,429.430
1721984408170000000,431.930
1721984408180000000,419.853
1721984408189999999,440.728
1721984408199999999,437.320
1721984408210000000,433.176
1721984408220000000,443.977
1721984408230000000,446.813
1721984408240000000,456.051
1721984408250000000,436.539
1721984408260000000,442.528
1721984408270000000,446.008
1721984408279999999,437.081
1721984408289999999,446.110
1721984408300000000,448.797
1721984408310000000,444.976
1721984408320000000,452.539
1721984408330000000,437.371
1721984408340000000,435.369
1721984408350000000,435.061
1721984408359999999,438.461
1721984408369999999,452.548
1721984408380000000,445.400
1721984408390000000,445.118
1721984408400000000,449.791
1721984408410000000,446.827
1721984408420000000,451.287
1721984408430000000,441.302
1721984408439999999,442.638
1721984408449999999,442.363
1721984408460000000,443.886
1721984408470000000,440.511
1721984408480000000,436.125
1721984408490000000,449.176
1721984408500000000,432.941
1721984408510000000,450.877
1721984408520000000,447.183
1721984408529999999,442.814
1721984408539999999,437.246
1721984408550000000,442.609
1721984408560000000,449.067
1721984408570000000,449.441
1721984408580000000,441.404
1721984408590000000,442.243
1721984408600000000,449.419
1721984408610000000,443.681
1721984408620000000,454.283
1721984408630000000,436.880
1721984408640000000,451.052
1721984408650000000,451.776
1721984408660000000,438.533
1721984408670000000,439.954
1721984408680000000,438.915
1721984408690000000,448.322
1721984408700000000,436.922
1721984408710000000,446.017
1721984408720000000,447.573
1721984408730000000,461.321
1721984408740000000,452.286
1721984408750000000,459.176
1721984408760000000,454.240
1721984408770000000,451.772
1721984408780000000,443.712
1721984408790000000,447.421
1721984408800000000,447.009
1721984408810000000,455.865
1721984408820000000,446.859
1721984408830000000,448.568
1721984408840000000,457.809
1721984408850000000,441.685
1721984408860000000,440.308
1721984408870000000,441.901
1721984408880000000,454.940
1721984408890000000,453.975
1721984408900000000,431.434
1721984408910000000,441.739
1721984408920000000,444.040
1721984408930000000,438.486
1721984408940000000,445.458
1721984408950000000,443.793
1721984408960000000,452.297
1721984408970000000,448.174
1721984408980000000,445.192
1721984408990000000,452.007
1721984409000000000,446.482
1721984409010000000,447.085
1721984409020000000,445.332
1721984409030000000,460.421
1721984409040000000,444.377
1721984409050000000,450.901
1721984409060000000,439.466
1721984409070000000,447.775
1721984409080000000,452.475
1721984409090000000,445.248
1721984409100000000,457.048
1721984409110000000,456.558
1721984409120000000,453.602
1721984409130000000,451.681
1721984409140000000,454.553
1721984409150000000,460.311
1721984409160000000,460.916
1721984409170000000,439.136
1721984409180000000,455.641
1721984409190000000,441.428
1721984409200000000,446.642
1721984409210000000,449.717
1721984409220000000,446.531
1721984409230000000,448.216
1721984409240000000,442.171
1721984409250000000,451.447
1721984409260000000,449.823
1721984409270000000,444.884
1721984409280000000,448.987
1721984409290000000,453.496
1721984409300000000,447.502
1721984409310000000,442.546
1721984409320000000,453.147
1721984409330000000,441.277
1721984409340000000,453.638
1721984409350000000,436.783
1721984409360000000,447.472
1721984409370000000,436.914
1721984409380000000,434.523
1721984409390000000,449.027
1721984409400000000,450.280
1721984409410000000,462.835
1721984409420000000,447.150
1721984409430000000,454.783
1721984409440000000,445.334
1721984409450000000,452.947
1721984409460000000,448.285
1721984409470000000,447.022
1721984409480000000,452.261
1721984409490000000,439.841
1721984409500000000,455.617
1721984409510000000,454.447
1721984409520000000,455.715
1721984409530000000,445.937
1721984409540000000,443.591
1721984409550000000,448.384
1721984409560000000,453.706
1721984409570000000,451.855
1721984409580000000,437.902
1721984409590000000,458.098
1721984409600000000,453.971
1721984409610000000,454.665
1721984409620000000,455.072
1721984409630000000,458.852
1721984409640000000,446.484
1721984409650000000,451.347
1721984409660000000,440.436
1721984409670000000,448.383
1721984409680000000,439.351
1721984409690000000,458.140
1721984409700000000,453.232
1721984409710000000,448.677
1721984409720000000,447.484
1721984409730000000,449.806
1721984409740000000,452.772
1721984409750000000,453.125
1721984409760000000,455.750
1721984409770000000,466.827
1721984409780000000,456.833
1721984409790000000,449.986
1721984409800000000,459.036
1721984409810000000,458.344
1721984409820000000,451.022
1721984409830000000,445.624
1721984409840000000,448.021
1721984409850000000,453.452
1721984409860000000,463.048
1721984409870000000,457.045
1721984409880000000,450.782
1721984409890000000,448.846
1721984409900000000,458.810
1721984409910000000,458.099
1721984409920000000,454.506
1721984409930000000,445.211
1721984409940000000,453.518
1721984409950000000,449.262
1721984409960000000,459.845
1721984409970000000,459.983
1721984409980000000,450.953
1721984409990000000,443.495
1721984410000000000,445.665
1721984410010000000,441.627
1721984410020000000,445.772
1721984410030000000,449.278
1721984410040000000,444.888
1721984410050000000,451.008
1721984410060000000,447.873
1721984410070000000,446.496
1721984410080000000,470.039
1721984410090000000,448.656
1721984410100000000,456.551
1721984410110000000,445.024
1721984410120000000,450.749
1721984410130000000,459.776
1721984410140000000,451.173
1721984410150000000,441.379
1721984410160000000,447.280
1721984410170000000,448.027
1721984410180000000,463.171
1721984410190000000,452.148
1721984410200000000,442.614
1721984410210000000,456.803
1721984410220000000,459.455
1721984410230000000,458.469
1721984410240000000,439.282
1721984410250000000,458.714
1721984410260000000,443.808
1721984410270000000,454.159
1721984410280000000,454.182
1721984410290000000,444.782
1721984410300000000,450.541
1721984410310000000,448.008
1721984410320000000,457.439
1721984410330000000,444.707
1721984410340000000,433.637
1721984410350000000,444.346
1721984410360000000,454.818
1721984410370000000,456.293
1721984410380000000,464.083
1721984410390000000,448.200
1721984410400000000,458.194
1721984410410000000,454.620
1721984410420000000,453.403
1721984410430000000,468.335
1721984410440000000,443.725
1721984410450000000,452.058
1721984410460000000,447.182
1721984410470000000,455.481
1721984410480000000,437.755
1721984410490000000,444.794
1721984410500000000,452.229
1721984410510000000,452.289
1721984410520000000,453.664
1721984410530000000,450.512
1721984410540000000,439.489
1721984410550000000,450.378
1721984410560000000,457.377
1721984410570000000,446.376
1721984410580000000,448.898
1721984410590000000,438.883
1721984410600000000,441.886
1721984410610000000,446.507
1721984410620000000,435.978
1721984410630000000,457.461
1721984410640000000,458.108
1721984410650000000,452.820
1721984410660000000,448.428
1721984410670000000,453.021
1721984410680000000,446.601
1721984410690000000,443.811
1721984410700000000,452.035
1721984410710000000,455.922
1721984410720000000,456.498
1721984410730000000,451.383
1721984410740000000,445.462
1721984410750000000,459.797
1721984410760000000,451.856
1721984410770000000,440.285
1721984410780000000,452.564
1721984410790000000,457.111
1721984410800000000,448.934
1721984410810000000,456.580
1721984410820000000,462.799
1721984410830000000,450.132
1721984410840000000,453.380
1721984410850000000,457.134
1721984410860000000,454.039
1721984410870000000,450.600
1721984410880000000,432.419
1721984410890000000,455.122
1721984410900000000,449.009
1721984410910000000,453.784
1721984410920000000,456.394
1721984410930000000,455.359
1721984410940000000,447.193
1721984410950000000,451.871
1721984410960000000,453.813
1721984410970000000,450.121
1721984410980000000,452.222
1721984410990000000,444.737
1721984411000000000,450.428
1721984411010000000,452.603
1721984411020000000,461.884
1721984411030000000,447.385
1721984411040000000,452.668
1721984411050000000,451.163
1721984411060000000,458.167
1721984411070000000,461.483
1721984411080000000,450.599
1721984411090000000,445.854
1721984411100000000,447.902
1721984411110000000,448.941
1721984411120000000,455.587
1721984411130000000,456.876
1721984411140000000,455.075
1721984411150000000,452.749
1721984411160000000,444.172
1721984411170000000,444.844
1721984411180000000,450.915
1721984411190000000,446.888
1721984411200000000,439.367
1721984411210000000,439.119
1721984411220000000,458.249
1721984411230000000,450.132
1721984411240000000,435.606
1721984411250000000,445.084
1721984411260000000,446.660
1721984411270000000,452.499
1721984411280000000,452.743
1721984411290000000,449.532
1721984411300000000,461.651
1721984411310000000,448.782
1721984411320000000,446.990
1721984411330000000,446.569
1721984411340000000,445.547
1721984411350000000,438.061
1721984411360000000,461.010
1721984411370000000,450.238
1721984411380000000,457.985
1721984411390000000,450.602
1721984411400000000,458.134
1721984411410000000,449.877
1721984411420000000,444.236
1721984411430000000,447.895
1721984411440000000,463.140
1721984411450000000,456.850
1721984411460000000,456.609
1721984411470000000,436.894
1721984411480000000,433.019
1721984411490000000,450.921
1721984411500000000,456.956
1721984411510000000,449.643
1721984411520000000,459.827
1721984411530000000,449.543
1721984411540000000,446.694
1721984411550000000,457.610
1721984411560000000,446.106
1721984411570000000,439.682
1721984411580000000,448.156
1721984411590000000,443.879
1721984411600000000,461.782
1721984411610000000,448.515
1721984411620000000,451.993
1721984411630000000,453.120
1721984411640000000,452.395
1721984411650000000,454.244
1721984411660000000,456.358
1721984411670000000,446.646
1721984411680000000,442.647
1721984411690000000,447.342
1721984411700000000,452.484
1721984411710000000,436.487
1721984411720000000,442.539
1721984411730000000,448.634
1721984411740000000,460.236
1721984411750000000,444.735
1721984411760000000,442.490
1721984411770000000,457.455
1721984411780000000,455.069
1721984411790000000,449.134
1721984411800000000,451.628
1721984411810000000,455.442
1721984411820000000,432.506
1721984411830000000,442.322
1721984411840000000,451.057
1721984411850000000,450.181
1721984411860000000,446.584
1721984411870000000,458.602
1721984411880000000,446.854
1721984411890000000,449.603
1721984411900000000,445.056
1721984411910000000,463.535
1721984411920000000,464.197
1721984411930000000,460.604
1721984411940000000,448.853
1721984411950000000,444.694
1721984411960000000,460.194
1721984411970000000,442.266
1721984411980000000,453.363
1721984411990000000,453.151
1721984412000000000,445.233
1721984412010000000,447.165
1721984412020000000,450.033
1721984412030000000,448.446
1721984412040000000,450.372
1721984412050000000,459.488
1721984412060000000,439.062
1721984412070000000,445.554
1721984412080000000,453.549
1721984412090000000,444.279
1721984412100000000,458.758
1721984412110000000,439.868
1721984412120000000,451.563
1721984412130000000,451.900
1721984412140000000,456.937
1721984412150000000,455.876
1721984412160000000,451.830
1721984412170000000,450.115
1721984412180000000,436.346
1721984412190000000,443.312
1721984412200000000,458.661
1721984412210000000,450.290
1721984412220000000,435.136
1721984412230000000,460.151
1721984412240000000,445.497
1721984412250000000,436.518
1721984412260000000,451.398
1721984412270000000,438.305
1721984412280000000,449.017
1721984412290000000,445.901
1721984412300000000,452.789
1721984412310000000,445.457
1721984412320000000,439.608
1721984412330000000,448.917
1721984412340000000,449.488
1721984412350000000,447.944
1721984412360000000,437.003
1721984412370000000,464.607
1721984412380000000,458.946
1721984412390000000,458.078
1721984412400000000,465.263
1721984412410000000,452.128
1721984412420000000,441.237
1721984412430000000,443.629
1721984412440000000,452.962
1721984412450000000,444.728
1721984412460000000,449.849
1721984412470000000,446.144
1721984412480000000,448.876
1721984412490000000,445.725
1721984412500000000,446.257
1721984412510000000,467.513
1721984412520000000,453.401
1721984412530000000,445.967
1721984412540000000,447.415
1721984412550000000,449.763
1721984412560000000,461.503
1721984412570000000,458.552
1721984412580000000,459.111
1721984412590000000,439.532
1721984412600000000,456.592
1721984412610000000,443.590
1721984412620000000,442.351
1721984412630000000,456.478
1721984412640000000,447.991
1721984412650000000,453.972
1721984412660000000,446.436
1721984412670000000,455.516
1721984412680000000,445.596
1721984412690000000,448.190
1721984412700000000,444.106
1721984412710000000,444.291
1721984412720000000,458.346
1721984412730000000,442.859
1721984412740000000,440.719
1721984412750000000,457.850
1721984412760000000,453.867
1721984412770000000,452.064
1721984412780000000,455.521
1721984412790000000,451.348
1721984412800000000,448.921
1721984412810000000,447.102
1721984412820000000,453.902
1721984412830000000,449.323
1721984412840000000,446.731
1721984412850000000,453.201
1721984412860000000,452.667
1721984412870000000,445.870
1721984412880000000,445.963
1721984412890000000,454.783
1721984412900000000,452.374
1721984412910000000,447.946
1721984412920000000,453.810
1721984412930000000,450.871
1721984412940000000,439.078
1721984412950000000,445.965
1721984412960000000,453.735
1721984412970000000,440.894
1721984412980000000,453.893
1721984412990000000,452.897
1721984413000000000,448.419
1721984413010000000,446.377
1721984413020000000,436.997
1721984413030000000,450.858
1721984413040000000,457.502
1721984413050000000,447.012
1721984413060000000,448.842
1721984413070000000,445.201
1721984413080000000,455.465
1721984413090000000,444.905
1721984413100000000,444.806
1721984413110000000,450.212
1721984413120000000,453.802
1721984413130000000,447.894
1721984413140000000,458.153
1721984413150000000,441.085
1721984413160000000,453.178
1721984413170000000,442.848
1721984413180000000,448.418
1721984413190000000,449.921
1721984413200000000,448.278
1721984413210000000,445.225
1721984413220000000,446.119
1721984413230000000,448.236
1721984413240000000,449.817
1721984413250000000,447.612
1721984413260000000,452.294
1721984413270000000,455.080
1721984413280000000,449.103
1721984413290000000,459.269
1721984413300000000,453.964
1721984413310000000,449.298
1721984413320000000,457.486
1721984413330000000,452.718
1721984413340000000,457.698
1721984413350000000,443.052
1721984413360000000,457.450
1721984413370000000,450.701
1721984413380000000,458.392
1721984413390000000,452.876
1721984413400000000,446.955
1721984413410000000,442.278
1721984413420000000,452.180
1721984413430000000,447.507
1721984413440000000,452.778
1721984413450000000,450.197
1721984413460000000,454.397
1721984413470000000,453.788
1721984413480000000,455.063
1721984413490000000,463.816
1721984413500000000,454.814
1721984413510000000,444.645
1721984413520000000,443.032
1721984413530000000,453.443
1721984413540000000,455.143
1721984413550000000,432.594
1721984413560000000,441.623
1721984413570000000,446.554
1721984413580000000,454.142
1721984413590000000,451.494
1721984413600000000,451.081
1721984413610000000,457.050
1721984413620000000,452.939
1721984413630000000,440.867
1721984413640000000,439.830
1721984413650000000,451.078
1721984413660000000,452.996
1721984413670000000,439.232
1721984413680000000,439.821
1721984413690000000,440.329
1721984413700000000,442.228
1721984413710000000,454.975
1721984413720000000,457.456
1721984413730000000,453.019
1721984413740000000,447.980
1721984413750000000,444.019
1721984413760000000,450.590
1721984413770000000,453.778
1721984413780000000,449.722
1721984413790000000,448.186
1721984413800000000,433.730
1721984413810000000,455.078
1721984413820000000,449.218
1721984413830000000,457.492
1721984413840000000,436.951
1721984413850000000,446.095
1721984413860000000,440.241
1721984413870000000,457.745
1721984413880000000,459.208
1721984413890000000,438.968
1721984413900000000,452.278
1721984413910000000,437.484
1721984413920000000,448.174
1721984413930000000,458.637
1721984413940000000,451.354
1721984413950000000,446.616
1721984413960000000,444.881
1721984413970000000,443.208
1721984413980000000,441.796
1721984413990000000,454.052
1721984414000000000,443.447
1721984414010000000,438.957
1721984414020000000,455.043
1721984414030000000,451.240
1721984414040000000,438.906
1721984414050000000,449.710
1721984414060000000,442.975
1721984414070000000,451.761
1721984414080000000,446.115
1721984414090000000,464.837
1721984414100000000,450.537
1721984414110000000,450.310
1721984414120000000,453.828
1721984414130000000,441.431
1721984414140000000,458.873
1721984414150000000,439.902
1721984414160000000,460.718
1721984414170000000,453.039
1721984414180000000,445.887
1721984414190000000,458.207
1721984414200000000,443.719
1721984414210000000,450.965
1721984414220000000,438.036
1721984414230000000,453.262
1721984414240000000,455.314
1721984414250000000,442.573
1721984414260000000,456.183
1721984414270000000,454.077
1721984414280000000,458.060
1721984414290000000,443.226
1721984414300000000,446.199
1721984414310000000,444.687
1721984414320000000,449.144
1721984414330000000,449.246
1721984414340000000,456.126
1721984414350000000,449.524
1721984414360000000,459.393
1721984414370000000,439.536
1721984414380000000,447.114
1721984414390000000,437.109
1721984414400000000,451.935
1721984414410000000,450.904
1721984414420000000,460.949
1721984414430000000,438.765
1721984414440000000,438.250
1721984414450000000,459.512
1721984414460000000,444.857
1721984414470000000,458.918
1721984414480000000,447.618
1721984414490000000,448.817
1721984414500000000,458.981
1721984414510000000,454.410
1721984414520000000,456.658
1721984414530000000,448.667
1721984414540000000,452.521
1721984414550000000,453.659
1721984414560000000,451.408
1721984414570000000,456.236
1721984414580000000,459.406
1721984414590000000,456.134
1721984414600000000,449.701
1721984414610000000,446.182
1721984414620000000,443.769
1721984414630000000,431.329
1721984414640000000,441.791
1721984414650000000,440.098
1721984414660000000,457.310
1721984414670000000,454.256
1721984414680000000,464.873
1721984414690000000,446.117
1721984414700000000,446.570
1721984414710000000,464.307
1721984414720000000,444.225
1721984414730000000,442.834
1721984414740000000,449.986
1721984414750000000,451.121
1721984414760000000,444.485
1721984414770000000,445.367
1721984414780000000,445.618
1721984414790000000,452.181
1721984414800000000,465.593
1721984414810000000,447.660
1721984414820000000,453.017
1721984414830000000,443.783
1721984414840000000,448.605
1721984414850000000,447.235
1721984414860000000,452.956
1721984414870000000,448.155
1721984414880000000,445.389
1721984414890000000,443.377
1721984414900000000,439.136
1721984414910000000,442.669
1721984414920000000,453.498
1721984414930000000,455.450
1721984414940000000,453.276
1721984414950000000,457.038
1721984414960000000,467.197
1721984414970000000,448.386
1721984414980000000,438.661
1721984414990000000,430.471
1721984415000000000,457.275
1721984415010000000,448.231
1721984415020000000,445.488
1721984415030000000,453.660
1721984415040000000,450.289
1721984415050000000,452.347
1721984415060000000,453.130
1721984415070000000,436.592
1721984415080000000,442.801
1721984415090000000,450.780
1721984415100000000,461.448
1721984415110000000,451.662
1721984415120000000,446.449
1721984415130000000,452.728
1721984415140000000,450.471
1721984415150000000,448.476
1721984415160000000,454.147
1721984415170000000,436.729
1721984415180000000,443.067
1721984415190000000,460.736
1721984415200000000,445.014
1721984415210000000,463.553
1721984415220000000,452.057
1721984415230000000,450.159
1721984415240000000,454.645
1721984415250000000,457.443
1721984415260000000,461.386
1721984415270000000,446.913
1721984415280000000,442.467
1721984415290000000,453.310
1721984415300000000,453.693
1721984415310000000,442.983
1721984415320000000,447.443
1721984415330000000,439.469
1721984415340000000,453.281
1721984415350000000,458.843
1721984415360000000,438.358
1721984415370000000,445.136
1721984415380000000,449.677
1721984415390000000,459.579
1721984415400000000,445.303
1721984415410000000,454.268
1721984415420000000,452.693
1721984415430000000,442.215
1721984415440000000,438.203
1721984415450000000,451.400
1721984415460000000,446.638
1721984415470000000,437.480
1721984415480000000,460.125
1721984415490000000,450.550
1721984415500000000,455.118
1721984415510000000,449.840
1721984415520000000,449.067
1721984415530000000,451.350
1721984415540000000,451.977
1721984415550000000,453.822
1721984415560000000,455.385
1721984415570000000,437.044
1721984415580000000,454.981
1721984415590000000,443.038
1721984415600000000,450.116
1721984415610000000,438.783
1721984415620000000,450.125
1721984415630000000,453.625
1721984415640000000,446.803
1721984415650000000,451.841
1721984415660000000,461.084
1721984415670000000,456.405
1721984415680000000,458.110
1721984415690000000,456.345
1721984415700000000,458.603
1721984415710000000,455.561
1721984415720000000,442.753
1721984415730000000,443.386
1721984415740000000,454.262
1721984415750000000,446.902
1721984415760000000,445.121
1721984415770000000,457.509
1721984415780000000,450.557
1721984415790000000,447.158
1721984415800000000,446.338
1721984415810000000,452.504
1721984415820000000,455.973
1721984415830000000,440.918
1721984415840000000,449.523
1721984415850000000,441.940
1721984415860000000,453.330
1721984415870000000,456.190
1721984415880000000,448.053
1721984415890000000,459.591
1721984415900000000,457.033
1721984415910000000,455.839
1721984415920000000,438.300
1721984415930000000,445.653
1721984415940000000,448.656
1721984415950000000,447.888
1721984415960000000,454.516
1721984415970000000,441.280
1721984415980000000,448.620
1721984415990000000,451.249
1721984416000000000,441.046
1721984416010000000,436.047
1721984416020000000,444.846
1721984416030000000,447.404
1721984416040000000,443.141
1721984416050000000,437.121
1721984416059999999,435.579
1721984416070000000,446.802
1721984416079999999,450.235
1721984416090000000,454.300
1721984416100000000,449.586
1721984416110000000,463.894
1721984416120000000,453.725
1721984416129999999,442.413
1721984416140000000,453.877
1721984416149999999,453.508
1721984416160000000,450.953
1721984416170000000,465.088
1721984416180000000,443.324
1721984416190000000,455.493
1721984416200000000,451.832
1721984416210000000,447.329
1721984416219999999,447.693
1721984416230000000,459.934
1721984416239999999,447.892
1721984416250000000,439.841
1721984416260000000,445.620
1721984416270000000,460.657
1721984416280000000,453.861
1721984416290000000,448.802
1721984416300000000,459.114
1721984416309999999,456.483
1721984416320000000,445.053
1721984416329999999,453.647
1721984416340000000,437.129
1721984416350000000,444.552
1721984416360000000,453.950
1721984416370000000,460.759
1721984416379999999,443.766
1721984416390000000,450.023
1721984416399999999,449.598
1721984416410000000,455.739
1721984416420000000,455.105
1721984416430000000,443.223
1721984416440000000,455.588
1721984416450000000,457.522
1721984416460000000,462.908
1721984416469999999,442.692
1721984416480000000,444.252
1721984416489999999,451.893
1721984416500000000,446.746
1721984416510000000,462.033
1721984416520000000,453.830
1721984416530000000,454.802
1721984416540000000,447.592
1721984416550000000,455.762
1721984416559999999,448.532
1721984416570000000,453.464
1721984416579999999,451.044
1721984416590000000,450.683
1721984416600000000,439.551
1721984416610000000,458.456
1721984416620000000,440.184
1721984416629999999,449.755
1721984416640000000,458.188
1721984416649999999,454.955
1721984416660000000,446.418
1721984416670000000,449.370
1721984416680000000,446.632
1721984416690000000,445.486
1721984416700000000,450.509
1721984416710000000,458.222
1721984416719999999,454.745
1721984416730000000,444.889
1721984416739999999,455.316
1721984416750000000,452.742
1721984416760000000,464.544
1721984416770000000,439.045
1721984416780000000,448.351
1721984416790000000,450.217
1721984416800000000,452.155
1721984416809999999,455.045
1721984416820000000,444.870
1721984416829999999,453.669
1721984416840000000,446.805
1721984416850000000,443.838
1721984416860000000,449.483
1721984416870000000,448.825
1721984416879999999,451.919
1721984416890000000,440.191
1721984416899999999,459.900
1721984416910000000,452.718
1721984416920000000,452.137
1721984416930000000,446.710
1721984416940000000,448.671
1721984416950000000,452.016
1721984416960000000,447.124
1721984416969999999,444.584
1721984416980000000,455.254
1721984416989999999,443.860
1721984417000000000,449.681
1721984417010000000,453.782
1721984417020000000,444.640
1721984417030000000,454.012
1721984417040000000,452.401
1721984417050000000,448.996
1721984417059999999,456.406
1721984417070000000,445.194
1721984417079999999,452.935
1721984417090000000,450.060
1721984417100000000,442.656
1721984417110000000,449.146
1721984417120000000,437.979
1721984417129999999,452.411
1721984417140000000,450.291
1721984417149999999,443.034
1721984417160000000,465.755
1721984417170000000,449.889
1721984417180000000,450.594
1721984417190000000,448.317
1721984417200000000,456.450
1721984417210000000,454.484
1721984417220000000,444.320
1721984417230000000,442.545
1721984417240000000,444.685
1721984417250000000,445.535
1721984417260000000,448.269
1721984417270000000,444.004
1721984417280000000,446.343
1721984417290000000,448.624
1721984417300000000,451.516
1721984417310000000,445.317
1721984417320000000,461.493
1721984417330000000,451.439
1721984417340000000,458.803
1721984417350000000,446.365
1721984417360000000,452.910
1721984417370000000,443.970
1721984417380000000,446.864
1721984417390000000,447.946
1721984417400000000,450.908
1721984417410000000,444.968
1721984417420000000,448.957
1721984417430000000,455.041
1721984417440000000,446.874
1721984417450000000,448.317
1721984417460000000,434.003
1721984417470000000,452.089
1721984417480000000,453.452
1721984417490000000,452.532
1721984417500000000,451.505
1721984417510000000,457.844
1721984417520000000,443.509
1721984417530000000,457.506
1721984417540000000,462.331
1721984417550000000,454.938
1721984417560000000,454.316
1721984417570000000,461.613
1721984417580000000,444.255
1721984417590000000,447.279
1721984417600000000,453.291
1721984417610000000,470.305
1721984417620000000,446.954
1721984417630000000,454.752
1721984417640000000,465.126
1721984417650000000,443.422
1721984417660000000,447.358
1721984417670000000,437.527
1721984417680000000,447.819
1721984417690000000,457.096
1721984417700000000,454.643
1721984417710000000,440.310
1721984417720000000,455.759
1721984417730000000,454.903
1721984417740000000,461.564
1721984417750000000,451.918
1721984417760000000,439.663
1721984417770000000,444.100
1721984417780000000,436.745
1721984417790000000,439.279
1721984417800000000,436.532
1721984417810000000,463.003
1721984417820000000,445.024
1721984417830000000,450.519
1721984417840000000,445.016
1721984417850000000,442.845
1721984417860000000,438.679
1721984417870000000,454.051
1721984417880000000,449.588
1721984417890000000,447.954
1721984417900000000,449.769
1721984417910000000,445.309
1721984417920000000,449.646
1721984417930000000,451.882
1721984417940000000,448.516
1721984417950000000,436.572
1721984417960000000,452.799
1721984417970000000,453.863
1721984417980000000,450.382
1721984417990000000,436.838
1721984418000000000,445.485
1721984418010000000,438.732
1721984418020000000,456.715
1721984418030000000,446.162
1721984418040000000,456.598
1721984418050000000,450.747
1721984418060000000,443.011
1721984418070000000,453.455
1721984418080000000,445.387
1721984418090000000,435.889
1721984418100000000,441.511
1721984418110000000,453.637
1721984418120000000,442.378
1721984418130000000,452.397
1721984418140000000,457.011
1721984418150000000,465.596
1721984418160000000,452.028
1721984418170000000,459.480
1721984418180000000,449.616
1721984418190000000,442.342
1721984418200000000,453.275
1721984418210000000,445.692
1721984418220000000,459.403
1721984418230000000,449.382
1721984418240000000,459.694
1721984418250000000,447.297
1721984418260000000,448.654
1721984418270000000,436.697
1721984418280000000,449.905
1721984418290000000,456.004
1721984418300000000,464.312
1721984418310000000,449.297
1721984418320000000,453.437
1721984418330000000,446.902
1721984418340000000,450.698
1721984418350000000,447.838
1721984418360000000,454.732
1721984418370000000,448.332
1721984418380000000,450.716
1721984418390000000,446.189
1721984418400000000,447.475
1721984418410000000,447.643
1721984418420000000,448.602
1721984418430000000,452.511
1721984418440000000,449.394
1721984418450000000,444.406
1721984418460000000,452.016
1721984418470000000,451.205
1721984418480000000,450.258
1721984418490000000,457.337
1721984418500000000,451.681
1721984418510000000,453.294
1721984418520000000,443.460
1721984418530000000,442.164
1721984418540000000,433.313
1721984418550000000,455.068
1721984418560000000,443.159
1721984418570000000,457.398
1721984418580000000,455.534
1721984418590000000,455.411
1721984418600000000,452.389
1721984418610000000,440.860
1721984418620000000,451.669
1721984418630000000,446.506
1721984418640000000,459.751
1721984418650000000,445.750
1721984418660000000,449.572
1721984418670000000,450.172
1721984418680000000,450.261
1721984418690000000,444.590
1721984418700000000,438.162
1721984418710000000,452.012
1721984418720000000,448.447
1721984418730000000,446.883
1721984418740000000,445.843
1721984418750000000,439.216
1721984418760000000,450.961
1721984418770000000,450.743
1721984418780000000,444.713
1721984418790000000,448.285
1721984418800000000,444.840
1721984418810000000,457.394
1721984418820000000,456.612
1721984418830000000,467.682
1721984418840000000,434.103
1721984418850000000,437.885
1721984418860000000,450.104
1721984418870000000,441.945
1721984418880000000,452.523
1721984418890000000,452.915
1721984418900000000,440.902
1721984418910000000,444.947
1721984418920000000,446.784
1721984418930000000,453.650
1721984418940000000,457.461
1721984418950000000,448.618
1721984418960000000,453.893
1721984418970000000,441.016
1721984418980000000,435.038
1721984418990000000,437.159
1721984419000000000,454.026
1721984419010000000,456.550
1721984419020000000,446.822
1721984419030000000,454.975
1721984419040000000,452.146
1721984419050000000,446.078
1721984419060000000,447.010
1721984419070000000,452.226
1721984419080000000,454.410
1721984419090000000,454.332
1721984419100000000,439.950
1721984419110000000,456.982
1721984419120000000,444.869
1721984419130000000,431.200
1721984419140000000,452.014
1721984419150000000,442.354
1721984419160000000,445.748
1721984419170000000,442.669
1721984419180000000,447.144
1721984419190000000,451.318
1721984419200000000,443.743
1721984419210000000,452.218
1721984419220000000,446.081
1721984419230000000,452.194
1721984419240000000,442.058
1721984419250000000,445.572
1721984419260000000,447.183
1721984419270000000,440.164
1721984419280000000,453.654
1721984419290000000,457.169
1721984419300000000,440.729
1721984419310000000,445.585
1721984419320000000,451.293
1721984419330000000,460.489
1721984419340000000,461.130
1721984419350000000,444.543
1721984419360000000,459.968
1721984419370000000,457.205
1721984419380000000,450.048
1721984419390000000,451.944
1721984419400000000,458.796
1721984419410000000,449.135
1721984419420000000,448.474
1721984419430000000,458.698
1721984419440000000,448.017
1721984419450000000,455.535
1721984419460000000,440.957
1721984419470000000,443.138
1721984419480000000,451.251
1721984419490000000,456.795
1721984419500000000,462.005
1721984419510000000,458.982
1721984419520000000,458.375
1721984419530000000,446.097
1721984419540000000,448.628
1721984419550000000,451.875
1721984419560000000,444.567
1721984419570000000,461.385
1721984419580000000,443.712
1721984419590000000,442.611
1721984419600000000,452.403
1721984419610000000,430.366
1721984419620000000,443.128
1721984419630000000,449.336
1721984419640000000,451.097
1721984419650000000,450.506
1721984419660000000,446.030
1721984419670000000,450.342
1721984419680000000,458.078
1721984419690000000,454.114
1721984419700000000,439.582
1721984419710000000,456.913
1721984419720000000,447.637
1721984419730000000,453.989
1721984419740000000,442.408
1721984419750000000,446.088
1721984419760000000,447.801
1721984419770000000,447.781
1721984419780000000,458.591
1721984419790000000,444.789
1721984419800000000,458.179
1721984419810000000,445.590
1721984419820000000,458.721
1721984419830000000,451.442
1721984419840000000,451.440
1721984419850000000,453.303
1721984419860000000,451.795
1721984419870000000,447.194
1721984419880000000,432.915
1721984419890000000,449.050
1721984419900000000,451.879
1721984419910000000,451.832
1721984419920000000,441.764
1721984419930000000,443.898
1721984419940000000,441.202
1721984419950000000,453.535
1721984419960000000,455.165
1721984419970000000,451.707
1721984419980000000,459.444
1721984419990000000,457.333
1721984420000000000,448.381
1721984420010000000,454.669
1721984420020000000,444.629
1721984420030000000,449.400
1721984420040000000,443.737
1721984420050000000,442.581
1721984420060000000,461.444
1721984420070000000,452.968
1721984420080000000,463.315
1721984420090000000,456.234
1721984420100000000,440.062
1721984420110000000,453.498
1721984420120000000,456.704
1721984420130000000,458.324
1721984420140000000,456.052
1721984420150000000,440.207
1721984420160000000,450.374
1721984420170000000,441.189
1721984420180000000,442.165
1721984420190000000,444.877
1721984420200000000,445.695
1721984420210000000,434.513
1721984420220000000,444.665
1721984420230000000,453.177
1721984420240000000,456.107
1721984420250000000,449.288
1721984420260000000,460.302
1721984420270000000,441.806
1721984420280000000,443.790
1721984420290000000,450.144
1721984420300000000,442.933
1721984420310000000,448.702
1721984420320000000,449.724
1721984420330000000,461.497
1721984420340000000,441.548
1721984420350000000,453.490
1721984420360000000,442.707
1721984420370000000,441.961
1721984420380000000,448.228
1721984420390000000,459.283
1721984420400000000,443.958
1721984420410000000,457.540
1721984420420000000,450.839
1721984420430000000,447.504
1721984420440000000,449.801
1721984420450000000,451.621
1721984420460000000,447.805
1721984420470000000,444.474
1721984420480000000,452.417
1721984420490000000,454.685
1721984420500000000,450.698
1721984420510000000,450.112
1721984420520000000,440.946
1721984420530000000,453.174
1721984420540000000,444.762
1721984420550000000,444.706
1721984420560000000,439.310
1721984420570000000,452.187
1721984420580000000,445.882
1721984420590000000,438.143
1721984420600000000,446.248
1721984420610000000,454.222
1721984420620000000,446.431
1721984420630000000,462.160
1721984420640000000,444.418
1721984420650000000,446.406
1721984420660000000,444.442
1721984420670000000,444.058
1721984420680000000,446.969
1721984420690000000,453.449
1721984420700000000,452.838
1721984420710000000,457.523
1721984420720000000,457.396
1721984420730000000,447.421
1721984420740000000,450.869
1721984420750000000,453.002
1721984420760000000,455.028
1721984420770000000,437.358
1721984420780000000,447.361
1721984420790000000,444.107
1721984420800000000,459.784
1721984420810000000,450.161
1721984420820000000,444.778
1721984420830000000,441.749
1721984420840000000,446.991
1721984420850000000,458.401
1721984420860000000,442.363
1721984420870000000,450.396
1721984420880000000,454.058
1721984420890000000,449.297
1721984420900000000,448.206
1721984420910000000,453.889
1721984420920000000,459.250
1721984420930000000,456.176
1721984420940000000,450.052
1721984420950000000,451.233
1721984420960000000,458.712
1721984420970000000,453.028
1721984420980000000,452.618
1721984420990000000,445.579
1721984421000000000,448.188
1721984421010000000,455.195
1721984421020000000,448.176
1721984421030000000,453.985
1721984421040000000,455.287
1721984421050000000,429.256
1721984421060000000,458.163
1721984421070000000,444.381
1721984421080000000,448.323
1721984421090000000,437.957
1721984421100000000,449.435
1721984421110000000,444.789
1721984421120000000,460.755
1721984421130000000,441.361
1721984421140000000,455.265
1721984421150000000,445.898
1721984421160000000,454.732
1721984421170000000,437.727
1721984421180000000,439.565
1721984421190000000,458.804
1721984421200000000,445.703
1721984421210000000,456.381
1721984421220000000,454.287
1721984421230000000,442.835
1721984421240000000,446.647
1721984421250000000,452.358
1721984421260000000,454.500
1721984421270000000,447.761
1721984421280000000,442.320
1721984421290000000,442.473
1721984421300000000,438.986
1721984421310000000,448.638
1721984421320000000,447.998
1721984421330000000,457.524
1721984421340000000,457.181
1721984421350000000,446.166
1721984421360000000,452.147
1721984421370000000,440.867
1721984421380000000,455.145
1721984421390000000,443.731
1721984421400000000,444.828
1721984421410000000,445.078
1721984421420000000,445.481
1721984421430000000,442.760
1721984421440000000,445.881
1721984421450000000,453.931
1721984421460000000,453.164
1721984421470000000,450.256
1721984421480000000,448.179
1721984421490000000,459.726
1721984421500000000,438.752
1721984421510000000,452.164
1721984421520000000,441.084
1721984421530000000,458.769
1721984421540000000,441.428
1721984421550000000,445.617
1721984421560000000,445.494
1721984421570000000,444.888
1721984421580000000,460.025
1721984421590000000,452.933
1721984421600000000,453.906
1721984421610000000,443.873
1721984421620000000,447.114
1721984421630000000,442.865
1721984421640000000,450.194
1721984421650000000,437.521
1721984421660000000,444.873
1721984421670000000,459.131
1721984421680000000,461.750
1721984421690000000,450.874
1721984421700000000,445.321
1721984421710000000,455.678
1721984421720000000,442.054
1721984421730000000,446.789
1721984421740000000,463.326
1721984421750000000,455.867
1721984421760000000,452.749
1721984421770000000,464.400
1721984421780000000,451.131
1721984421790000000,459.089
1721984421800000000,447.920
1721984421810000000,449.778
1721984421820000000,457.991
1721984421830000000,446.444
1721984421840000000,455.316
1721984421850000000,451.561
1721984421860000000,449.790
1721984421870000000,448.435
1721984421880000000,440.775
1721984421890000000,452.477
1721984421900000000,448.272
1721984421910000000,459.295
1721984421920000000,453.276
1721984421930000000,449.028
1721984421940000000,445.413
1721984421950000000,456.458
1721984421960000000,451.548
1721984421970000000,456.672
1721984421980000000,454.565
1721984421990000000,458.711
1721984422000000000,352.976
1721984422010000000,348.202
1721984422020000000,347.376
1721984422030000000,350.020
1721984422040000000,349.779
1721984422050000000,353.025
1721984422060000000,348.943
1721984422070000000,356.212
1721984422080000000,358.072
1721984422090000000,361.858
1721984422100000000,355.514
1721984422110000000,345.798
1721984422120000000,347.524
1721984422130000000,346.921
1721984422140000000,352.670
1721984422150000000,351.940
1721984422160000000,352.689
1721984422170000000,350.316
1721984422180000000,344.736
1721984422190000000,350.052
1721984422200000000,351.723
1721984422210000000,349.171
1721984422220000000,353.193
1721984422230000000,353.820
1721984422240000000,342.617
1721984422250000000,339.108
1721984422260000000,346.379
1721984422270000000,346.487
1721984422280000000,353.350
1721984422290000000,358.988
1721984422300000000,350.818
1721984422310000000,346.400
1721984422320000000,373.680
1721984422330000000,353.145
1721984422340000000,341.582
1721984422350000000,343.916
1721984422360000000,354.520
1721984422370000000,346.606
1721984422380000000,350.582
1721984422390000000,355.722
1721984422400000000,352.308
1721984422410000000,350.937
1721984422420000000,341.213
1721984422430000000,350.697
1721984422440000000,362.627
1721984422450000000,361.535
1721984422460000000,357.809
1721984422470000000,350.736
1721984422480000000,346.728
1721984422490000000,351.013
1721984422500000000,357.481
1721984422510000000,351.381
1721984422520000000,336.671
1721984422530000000,353.294
1721984422540000000,358.144
1721984422550000000,352.961
1721984422560000000,351.721
1721984422570000000,357.407
1721984422580000000,351.147
1721984422590000000,344.765
1721984422600000000,342.215
1721984422610000000,352.731
1721984422620000000,355.638
1721984422630000000,362.753
1721984422640000000,338.005
1721984422650000000,340.352
1721984422660000000,344.797
1721984422670000000,350.138
1721984422680000000,364.835
1721984422690000000,353.951
1721984422700000000,351.972
1721984422710000000,352.913
1721984422720000000,351.387
1721984422730000000,347.815
1721984422740000000,342.034
1721984422750000000,351.845
1721984422760000000,340.921
1721984422770000000,354.521
1721984422780000000,341.070
1721984422790000000,363.887
1721984422800000000,351.647
1721984422810000000,346.299
1721984422820000000,359.755
1721984422830000000,357.266
1721984422840000000,350.537
1721984422850000000,362.850
1721984422860000000,345.221
1721984422870000000,346.624
1721984422880000000,359.958
1721984422890000000,353.619
1721984422900000000,344.609
1721984422910000000,350.567
1721984422920000000,348.458
1721984422930000000,351.171
1721984422940000000,350.160
1721984422950000000,337.940
1721984422960000000,351.126
1721984422970000000,362.804
1721984422980000000,352.616
1721984422990000000,348.365
1721984423000000000,348.695
1721984423010000000,356.922
1721984423020000000,353.766
1721984423030000000,349.909
1721984423040000000,346.176
1721984423050000000,356.452
1721984423060000000,337.881
1721984423070000000,346.880
1721984423080000000,340.551
1721984423090000000,342.809
1721984423100000000,339.966
1721984423110000000,355.959
1721984423120000000,352.494
1721984423130000000,357.147
1721984423140000000,346.011
1721984423150000000,356.531
1721984423160000000,366.211
1721984423170000000,349.815
1721984423180000000,351.925
1721984423190000000,344.754
1721984423200000000,352.497
1721984423210000000,353.006
1721984423220000000,342.549
1721984423230000000,352.247
1721984423240000000,344.036
1721984423250000000,361.211
1721984423260000000,351.256
1721984423270000000,342.331
1721984423280000000,349.537
1721984423290000000,345.149
1721984423300000000,333.422
1721984423310000000,359.140
1721984423320000000,348.605
1721984423330000000,353.016
1721984423340000000,334.976
1721984423350000000,349.384
1721984423360000000,358.311
1721984423370000000,354.085
1721984423380000000,337.892
1721984423390000000,363.389
1721984423400000000,349.787
1721984423410000000,362.757
1721984423420000000,357.566
1721984423430000000,350.129
1721984423440000000,356.136
1721984423450000000,357.116
1721984423460000000,348.267
1721984423470000000,344.394
1721984423480000000,353.590
1721984423490000000,356.769
1721984423500000000,357.438
1721984423510000000,346.759
1721984423520000000,368.530
1721984423530000000,345.320
1721984423540000000,352.129
1721984423550000000,346.132
1721984423560000000,344.773
1721984423570000000,344.520
1721984423580000000,344.526
1721984423590000000,358.319
1721984423600000000,348.138
1721984423610000000,354.700
1721984423620000000,346.045
1721984423630000000,356.697
1721984423640000000,342.391
1721984423650000000,354.507
1721984423660000000,344.394
1721984423670000000,344.390
1721984423680000000,353.229
1721984423690000000,350.577
1721984423700000000,364.085
1721984423710000000,348.910
1721984423720000000,352.250
1721984423730000000,352.620
1721984423740000000,353.948
1721984423750000000,350.024
1721984423760000000,349.947
1721984423770000000,347.118
1721984423780000000,350.385
1721984423790000000,339.033
1721984423800000000,357.633
1721984423810000000,351.342
1721984423820000000,367.903
1721984423830000000,343.639
1721984423840000000,343.351
1721984423850000000,361.648
1721984423860000000,342.810
1721984423870000000,344.962
1721984423880000000,341.659
1721984423890000000,356.537
1721984423900000000,357.435
1721984423910000000,365.383
1721984423920000000,345.720
1721984423930000000,351.121
1721984423940000000,357.235
1721984423950000000,346.701
1721984423960000000,349.571
1721984423970000000,346.661
1721984423980000000,342.251
1721984423990000000,341.930
1721984424000000000,351.389
1721984424010000000,354.737
1721984424020000000,358.264
1721984424030000000,360.685
1721984424040000000,348.650
1721984424050000000,352.278
1721984424060000000,351.010
1721984424070000000,359.962
1721984424080000000,348.540
1721984424090000000,333.870
1721984424100000000,358.745
1721984424110000000,335.148
1721984424120000000,351.595
1721984424130000000,343.641
1721984424140000000,345.895
1721984424150000000,342.527
1721984424160000000,347.276
1721984424170000000,349.139
1721984424180000000,340.944
1721984424190000000,354.990
1721984424200000000,357.413
1721984424210000000,341.668
1721984424220000000,353.759
1721984424230000000,356.386
1721984424240000000,349.311
1721984424250000000,355.847
1721984424260000000,353.394
1721984424270000000,347.435
1721984424280000000,344.690
1721984424290000000,341.662
1721984424300000000,351.931
1721984424310000000,350.063
1721984424320000000,349.824
1721984424330000000,356.359
1721984424340000000,353.420
1721984424350000000,355.011
1721984424360000000,354.561
1721984424370000000,351.019
1721984424380000000,356.669
1721984424390000000,347.058
1721984424400000000,337.500
1721984424410000000,341.604
1721984424420000000,354.006
1721984424430000000,359.957
1721984424440000000,358.633
1721984424450000000,341.675
1721984424460000000,341.273
1721984424470000000,352.854
1721984424480000000,361.389
1721984424490000000,349.844
1721984424500000000,354.248
1721984424510000000,360.379
1721984424520000000,334.596
1721984424530000000,337.158
1721984424540000000,353.696
1721984424550000000,348.251
1721984424560000000,350.482
1721984424570000000,344.741
1721984424580000000,348.439
1721984424590000000,353.737
1721984424600000000,349.936
1721984424610000000,339.872
1721984424620000000,352.659
1721984424630000000,343.718
1721984424640000000,351.163
1721984424650000000,344.559
1721984424660000000,347.481
1721984424670000000,365.233
1721984424680000000,344.569
1721984424690000000,352.146
1721984424700000000,359.736
1721984424710000000,350.054
1721984424720000000,351.946
1721984424730000000,343.800
1721984424740000000,342.802
1721984424750000000,355.188
1721984424760000000,361.268
1721984424770000000,352.729
1721984424780000000,354.132
1721984424790000000,342.709
1721984424800000000,359.464
1721984424810000000,359.009
1721984424820000000,352.453
1721984424830000000,353.431
1721984424840000000,342.311
1721984424850000000,365.594
1721984424860000000,347.026
1721984424870000000,351.447
1721984424880000000,349.404
1721984424890000000,360.690
1721984424900000000,367.108
1721984424910000000,355.077
1721984424920000000,365.123
1721984424930000000,343.855
1721984424940000000,344.706
1721984424950000000,355.165
1721984424960000000,356.033
1721984424970000000,342.969
1721984424980000000,358.081
1721984424990000000,358.169
1721984425000000000,334.309
1721984425010000000,366.408
1721984425020000000,349.132
1721984425030000000,360.016
1721984425040000000,347.061
1721984425050000000,350.799
1721984425060000000,364.438
1721984425070000000,338.546
1721984425080000000,356.058
1721984425090000000,353.213
1721984425100000000,357.231
1721984425110000000,351.797
1721984425120000000,352.812
1721984425130000000,343.311
1721984425140000000,350.669
1721984425150000000,361.091
1721984425160000000,342.744
1721984425170000000,354.689
1721984425180000000,346.975
1721984425190000000,351.472
1721984425200000000,356.504
1721984425210000000,347.319
1721984425220000000,358.456
1721984425230000000,344.394
1721984425240000000,348.571
1721984425250000000,344.374
1721984425260000000,342.769
1721984425270000000,351.756
1721984425280000000,345.616
1721984425290000000,358.865
1721984425300000000,355.318
1721984425310000000,352.054
1721984425320000000,348.985
1721984425330000000,364.375
1721984425340000000,349.069
1721984425350000000,342.242
1721984425360000000,349.258
1721984425370000000,360.340
1721984425380000000,356.146
1721984425390000000,360.434
1721984425400000000,352.858
1721984425410000000,349.791
1721984425420000000,348.760
1721984425430000000,355.178
1721984425440000000,348.024
1721984425450000000,344.173
1721984425460000000,348.647
1721984425470000000,350.503
1721984425480000000,334.211
1721984425490000000,345.104
1721984425500000000,350.226
1721984425510000000,371.040
1721984425520000000,327.475
1721984425530000000,359.463
1721984425540000000,349.694
1721984425550000000,345.471
1721984425560000000,359.125
1721984425570000000,358.734
1721984425580000000,360.666
1721984425590000000,340.424
1721984425600000000,353.127
1721984425610000000,352.231
1721984425620000000,358.780
1721984425630000000,366.869
1721984425640000000,345.482
1721984425650000000,344.896
1721984425660000000,349.120
1721984425670000000,352.558
1721984425680000000,338.721
1721984425690000000,350.589
1721984425700000000,348.475
1721984425710000000,348.050
1721984425720000000,355.847
1721984425730000000,339.654
1721984425740000000,348.071
1721984425750000000,347.375
1721984425760000000,334.230
1721984425770000000,335.912
1721984425780000000,356.448
1721984425790000000,345.598
1721984425800000000,351.339
1721984425810000000,359.484
1721984425820000000,344.299
1721984425830000000,353.159
1721984425840000000,351.416
1721984425850000000,360.856
1721984425860000000,354.327
1721984425870000000,354.035
1721984425880000000,350.433
1721984425890000000,351.379
1721984425900000000,346.911
1721984425910000000,354.972
1721984425920000000,346.306
1721984425930000000,351.402
1721984425940000000,345.461
1721984425950000000,346.480
1721984425960000000,351.006
1721984425970000000,355.011
1721984425980000000,344.523
1721984425990000000,356.855
1721984426000000000,347.837
1721984426010000000,340.239
1721984426020000000,335.887
1721984426030000000,338.042
1721984426040000000,333.317
1721984426050000000,352.030
1721984426060000000,346.491
1721984426070000000,349.046
1721984426080000000,344.785
1721984426090000000,327.337
1721984426100000000,336.282
1721984426110000000,321.552
1721984426120000000,338.310
1721984426130000000,332.032
1721984426140000000,338.955
1721984426150000000,310.796
1721984426160000000,339.548
1721984426170000000,323.380
1721984426180000000,317.374
1721984426190000000,313.094
1721984426200000000,322.740
1721984426210000000,322.770
1721984426220000000,307.697
1721984426230000000,307.852
1721984426240000000,294.948
1721984426250000000,307.540
1721984426260000000,293.323
1721984426270000000,306.433
1721984426280000000,306.226
1721984426290000000,297.815
1721984426300000000,300.212
1721984426310000000,298.256
1721984426320000000,296.608
1721984426330000000,290.425
1721984426340000000,315.787
1721984426350000000,290.912
1721984426360000000,295.162
1721984426370000000,277.253
1721984426380000000,293.092
1721984426390000000,289.681
1721984426400000000,282.160
1721984426410000000,286.291
1721984426420000000,277.274
1721984426430000000,274.545
1721984426440000000,271.663
1721984426450000000,250.053
1721984426460000000,275.981
1721984426470000000,262.339
1721984426480000000,269.012
1721984426490000000,276.840
1721984426500000000,262.156
1721984426510000000,261.612
1721984426520000000,253.683
1721984426530000000,257.911
1721984426540000000,244.286
1721984426550000000,255.746
1721984426560000000,252.012
1721984426570000000,241.196
1721984426580000000,251.966
1721984426590000000,249.715
1721984426600000000,240.915
1721984426610000000,237.565
1721984426620000000,251.426
1721984426630000000,246.281
1721984426640000000,238.944
1721984426650000000,231.736
1721984426660000000,237.557
1721984426670000000,238.004
1721984426680000000,240.412
1721984426690000000,222.683
1721984426700000000,226.857
1721984426710000000,229.844
1721984426720000000,228.451
1721984426730000000,229.437
1721984426740000000,217.220
1721984426750000000,219.679
1721984426760000000,220.755
1721984426770000000,215.335
1721984426780000000,228.158
1721984426790000000,212.416
1721984426800000000,208.821
1721984426810000000,232.913
1721984426820000000,201.359
1721984426830000000,209.921
1721984426840000000,201.086
1721984426850000000,210.066
1721984426860000000,197.025
1721984426870000000,199.009
1721984426880000000,191.983
1721984426890000000,200.000
1721984426900000000,193.425
1721984426910000000,188.814
1721984426920000000,203.459
1721984426930000000,196.305
1721984426940000000,181.733
1721984426950000000,187.486
1721984426960000000,172.539
1721984426970000000,175.653
1721984426980000000,181.509
1721984426990000000,179.150
1721984427000000000,185.415
1721984427010000000,182.495
1721984427020000000,170.093
1721984427030000000,168.270
1721984427040000000,156.161
1721984427050000000,177.843
1721984427060000000,162.503
1721984427070000000,181.396
1721984427080000000,156.887
1721984427090000000,155.294
1721984427100000000,168.644
1721984427110000000,160.756
1721984427120000000,161.810
1721984427130000000,152.541
1721984427140000000,153.740
1721984427150000000,144.455
1721984427160000000,149.348
1721984427170000000,154.233
1721984427180000000,144.849
1721984427190000000,141.229
1721984427200000000,136.874
1721984427210000000,139.474
1721984427220000000,132.091
1721984427230000000,123.216
1721984427240000000,140.345
1721984427250000000,129.172
1721984427260000000,126.050
1721984427270000000,133.884
1721984427280000000,125.420
1721984427290000000,124.796
1721984427300000000,124.095
1721984427310000000,132.182
1721984427320000000,119.464
1721984427330000000,123.975
1721984427340000000,119.840
1721984427350000000,112.524
1721984427360000000,115.605
1721984427370000000,115.854
1721984427380000000,116.433
1721984427390000000,111.306
1721984427400000000,98.055
1721984427410000000,96.198
1721984427420000000,94.599
1721984427430000000,90.994
1721984427440000000,104.288
1721984427450000000,102.076
1721984427460000000,99.128
1721984427470000000,85.604
1721984427480000000,76.401
1721984427490000000,87.000
1721984427500000000,87.061
1721984427510000000,91.127
1721984427520000000,77.794
1721984427530000000,81.663
1721984427540000000,67.823
1721984427550000000,76.344
1721984427560000000,79.072
1721984427570000000,86.424
1721984427580000000,71.319
1721984427590000000,80.967
1721984427600000000,78.574
1721984427610000000,74.846
1721984427620000000,74.772
1721984427630000000,47.165
1721984427640000000,67.529
1721984427650000000,59.762
1721984427660000000,49.889
1721984427670000000,58.495
1721984427680000000,56.091
1721984427690000000,55.530
1721984427700000000,54.783
1721984427710000000,51.694
1721984427720000000,51.680
1721984427730000000,45.239
1721984427740000000,56.975
1721984427750000000,51.926
1721984427760000000,58.737
1721984427770000000,58.778
1721984427780000000,34.537
1721984427790000000,21.230
1721984427800000000,47.766
1721984427810000000,30.587
1721984427820000000,27.508
1721984427830000000,36.663
1721984427840000000,30.523
1721984427850000000,27.073
1721984427860000000,32.033
1721984427870000000,33.025
1721984427880000000,28.032
1721984427890000000,19.592
1721984427900000000,19.102
1721984427910000000,16.158
1721984427920000000,24.302
1721984427930000000,23.529
1721984427940000000,16.809
1721984427950000000,3.191
1721984427960000000,11.859
1721984427970000000,8.088
1721984427980000000,7.667
1721984427990000000,12.462
1721984428000000000,15.729
1721984428010000000,22.986
1721984428020000000,18.235
1721984428030000000,22.246
1721984428040000000,16.023
1721984428050000000,20.472
1721984428060000000,16.729
1721984428070000000,19.094
1721984428080000000,17.407
1721984428090000000,21.455
1721984428100000000,25.027
1721984428110000000,13.566
1721984428120000000,21.239
1721984428130000000,20.744
1721984428140000000,20.211
1721984428150000000,21.069
1721984428160000000,18.252
1721984428170000000,18.872
1721984428180000000,20.679
1721984428190000000,17.043
1721984428200000000,17.294
1721984428210000000,19.429
1721984428220000000,23.105
1721984428230000000,14.560
1721984428240000000,12.949
1721984428250000000,19.512
1721984428260000000,15.541
1721984428270000000,17.255
1721984428280000000,15.337
1721984428290000000,14.097
1721984428300000000,14.056
1721984428310000000,18.586
1721984428320000000,13.980
1721984428330000000,17.695
1721984428340000000,17.141
1721984428350000000,17.250
1721984428360000000,12.852
1721984428370000000,13.145
1721984428380000000,9.366
1721984428390000000,13.749
1721984428400000000,6.591
1721984428410000000,14.143
1721984428420000000,15.946
1721984428430000000,13.061
1721984428440000000,7.047
1721984428450000000,14.238
1721984428460000000,13.207
1721984428470000000,11.360
1721984428480000000,13.159
1721984428490000000,9.447
1721984428500000000,9.091
1721984428510000000,10.786
1721984428520000000,10.905
1721984428530000000,9.719
1721984428540000000,8.210
1721984428550000000,10.366
1721984428560000000,10.547
1721984428570000000,5.616
1721984428580000000,12.670
1721984428590000000,5.413
1721984428600000000,13.710
1721984428610000000,8.944
1721984428620000000,7.476
1721984428630000000,8.319
1721984428640000000,7.839
1721984428650000000,8.726
1721984428660000000,12.099
1721984428670000000,9.997
1721984428680000000,9.534
1721984428690000000,8.537
1721984428700000000,11.095
1721984428710000000,5.485
1721984428720000000,9.410
1721984428730000000,10.829
1721984428740000000,8.291
1721984428750000000,2.671
1721984428760000000,6.569
1721984428770000000,1.849
1721984428780000000,6.676
1721984428790000000,3.326
1721984428800000000,5.734
1721984428810000000,0.115
1721984428820000000,7.972
1721984428830000000,-0.041
1721984428840000000,8.171
1721984428850000000,6.277
1721984428860000000,3.769
1721984428870000000,7.263
1721984428880000000,9.781
1721984428890000000,1.972
1721984428900000000,9.089
1721984428910000000,1.343
1721984428920000000,4.371
1721984428930000000,5.358
1721984428940000000,4.593
1721984428950000000,-1.081
1721984428960000000,5.856
1721984428970000000,11.599
1721984428980000000,8.274
1721984428990000000,8.859
1721984429000000000,2.731
1721984429010000000,3.842
1721984429020000000,10.274
1721984429030000000,2.039
1721984429040000000,5.648
1721984429050000000,5.999
1721984429060000000,3.380
1721984429070000000,3.183
1721984429080000000,6.247
1721984429090000000,1.527
1721984429100000000,5.439
1721984429110000000,7.119
1721984429120000000,4.479
1721984429130000000,4.445
1721984429140000000,2.036
1721984429150000000,4.224
1721984429160000000,5.715
1721984429170000000,7.801
1721984429180000000,4.119
1721984429190000000,1.876
1721984429200000000,4.934
1721984429210000000,-0.195
1721984429220000000,2.426
1721984429230000000,2.284
1721984429240000000,2.666
1721984429250000000,0.276
1721984429260000000,5.145
1721984429270000000,1.020
1721984429280000000,0.866
1721984429290000000,0.697
1721984429300000000,2.665
1721984429310000000,3.728
1721984429320000000,3.614
1721984429330000000,0.238
1721984429340000000,4.721
1721984429350000000,6.169
1721984429360000000,3.093
1721984429370000000,3.132
1721984429380000000,5.271
1721984429390000000,-1.226
1721984429400000000,-0.620
1721984429410000000,4.483
1721984429420000000,3.433
1721984429430000000,3.376
1721984429440000000,4.865
1721984429450000000,2.794
1721984429460000000,5.036
1721984429470000000,2.306
1721984429480000000,1.976
1721984429490000000,0.991
1721984429500000000,0.414
1721984429510000000,0.386
1721984429520000000,1.747
1721984429530000000,11.277
1721984429540000000,-4.407
1721984429550000000,1.190
1721984429560000000,-2.125
1721984429570000000,2.371
1721984429580000000,4.673
1721984429590000000,7.821
1721984429600000000,4.293
1721984429610000000,2.289
1721984429620000000,-2.190
1721984429630000000,5.622
1721984429640000000,4.882
1721984429650000000,5.554
1721984429660000000,-0.538
1721984429670000000,4.351
1721984429680000000,3.599
1721984429690000000,5.052
1721984429700000000,-1.570
1721984429710000000,-1.245
1721984429720000000,-1.861
1721984429730000000,6.478
1721984429740000000,0.597
1721984429750000000,-1.411
1721984429760000000,2.116
1721984429770000000,4.585
1721984429780000000,2.240
1721984429790000000,4.710
1721984429800000000,1.596
1721984429810000000,1.982
1721984429820000000,-3.028
1721984429830000000,3.448
1721984429840000000,2.704
1721984429850000000,1.828
1721984429860000000,-1.099
1721984429870000000,2.084
1721984429880000000,-0.766
1721984429890000000,2.954
1721984429900000000,-2.110
1721984429910000000,-2.008
1721984429920000000,2.677
1721984429930000000,4.200
1721984429940000000,5.047
1721984429950000000,2.147
1721984429960000000,-1.586
1721984429970000000,1.758
1721984429980000000,-2.399
1721984429990000000,1.814
