timestamp_ns,value_pct
1723021200000000000,0.054
1723021200010000000,0.077
1723021200020000000,0.000
1723021200030000000,0.000
1723021200040000000,0.000
1723021200050000000,0.000
1723021200060000000,0.184
1723021200070000000,0.000
1723021200080000000,0.000
1723021200090000000,0.094
1723021200100000000,0.032
1723021200110000000,0.216
1723021200120000000,0.000
1723021200130000000,0.002
1723021200140000000,0.000
1723021200150000000,0.122
1723021200160000000,0.000
1723021200170000000,0.000
1723021200180000000,0.082
1723021200190000000,0.000
1723021200200000000,0.008
1723021200210000000,0.083
1723021200220000000,0.000
1723021200230000000,0.097
1723021200240000000,0.061
1723021200250000000,0.000
1723021200260000000,0.161
1723021200270000000,0.117
1723021200280000000,0.000
1723021200290000000,0.000
1723021200300000000,0.045
1723021200310000000,0.060
1723021200320000000,0.000
1723021200330000000,0.000
1723021200340000000,0.000
1723021200350000000,0.000
1723021200360000000,0.138
1723021200370000000,0.000
1723021200380000000,0.122
1723021200390000000,0.089
1723021200400000000,0.098
1723021200410000000,0.000
1723021200420000000,0.074
1723021200430000000,0.052
1723021200440000000,0.177
1723021200450000000,0.000
1723021200460000000,0.066
1723021200470000000,0.039
1723021200480000000,0.000
1723021200490000000,0.156
1723021200500000000,0.000
1723021200510000000,0.111
1723021200520000000,0.099
1723021200530000000,0.000
1723021200540000000,0.000
1723021200550000000,0.099
1723021200560000000,0.208
1723021200570000000,0.000
1723021200580000000,0.088
1723021200590000000,0.000
1723021200600000000,0.000
1723021200610000000,0.088
1723021200620000000,0.000
1723021200630000000,0.000
1723021200640000000,0.163
1723021200650000000,0.215
1723021200660000000,0.068
1723021200670000000,0.089
1723021200680000000,0.097
1723021200690000000,0.000
1723021200700000000,0.000
1723021200710000000,0.060
1723021200720000000,0.063
1723021200730000000,0.062
1723021200740000000,0.000
1723021200750000000,0.000
1723021200760000000,0.222
1723021200770000000,0.000
1723021200780000000,0.000
1723021200790000000,0.181
1723021200800000000,0.057
1723021200810000000,0.212
1723021200820000000,0.178
1723021200830000000,0.132
1723021200840000000,0.085
1723021200850000000,0.164
1723021200860000000,0.000
1723021200870000000,0.000
1723021200880000000,0.074
1723021200890000000,0.000
1723021200900000000,0.000
1723021200910000000,0.212
1723021200920000000,0.085
1723021200930000000,0.000
1723021200940000000,0.000
1723021200950000000,0.236
1723021200960000000,0.000
1723021200970000000,0.000
1723021200980000000,0.000
1723021200990000000,0.000
1723021201000000000,0.074
1723021201010000000,0.000
1723021201020000000,0.000
1723021201030000000,0.039
1723021201040000000,0.163
1723021201050000000,0.007
1723021201060000000,0.181
1723021201070000000,0.000
1723021201080000000,0.000
1723021201090000000,0.000
1723021201100000000,0.000
1723021201110000000,0.000
1723021201120000000,0.000
1723021201130000000,0.000
1723021201140000000,0.000
1723021201150000000,0.000
1723021201160000000,0.000
1723021201170000000,0.000
1723021201180000000,0.000
1723021201190000000,0.065
1723021201200000000,0.024
1723021201210000000,0.000
1723021201220000000,0.000
1723021201230000000,0.000
1723021201240000000,0.032
1723021201250000000,0.001
1723021201260000000,0.042
1723021201270000000,0.030
1723021201280000000,0.182
1723021201290000000,0.000
1723021201300000000,0.000
1723021201310000000,0.000
1723021201320000000,0.120
1723021201330000000,0.000
1723021201340000000,0.000
1723021201350000000,0.000
1723021201360000000,0.083
1723021201370000000,0.000
1723021201380000000,0.000
1723021201390000000,0.154
1723021201400000000,0.000
1723021201410000000,0.119
1723021201420000000,0.000
1723021201430000000,0.000
1723021201440000000,0.052
1723021201450000000,0.005
1723021201460000000,0.070
1723021201470000000,0.078
1723021201480000000,0.020
1723021201490000000,0.068
1723021201500000000,0.000
1723021201510000000,0.092
1723021201520000000,0.167
1723021201530000000,0.156
1723021201540000000,0.064
1723021201550000000,0.000
1723021201560000000,0.000
1723021201570000000,0.000
1723021201580000000,0.000
1723021201590000000,0.000
1723021201600000000,0.016
1723021201610000000,0.000
1723021201620000000,0.000
1723021201630000000,0.225
1723021201640000000,0.115
1723021201650000000,0.000
1723021201660000000,0.035
1723021201670000000,0.036
1723021201680000000,0.000
1723021201690000000,0.069
1723021201700000000,0.000
1723021201710000000,0.069
1723021201720000000,0.015
1723021201730000000,0.000
1723021201740000000,0.000
1723021201750000000,0.042
1723021201760000000,0.000
1723021201770000000,0.090
1723021201780000000,0.000
1723021201790000000,0.000
1723021201800000000,0.000
1723021201810000000,0.073
1723021201820000000,0.108
1723021201830000000,0.206
1723021201840000000,0.000
1723021201850000000,0.000
1723021201860000000,0.000
1723021201870000000,0.114
1723021201880000000,0.013
1723021201890000000,0.005
1723021201900000000,0.000
1723021201910000000,0.041
1723021201920000000,0.000
1723021201930000000,0.000
1723021201940000000,0.000
1723021201950000000,0.000
1723021201960000000,0.005
1723021201970000000,0.000
1723021201980000000,0.047
1723021201990000000,0.106
1723021202000000000,0.035
1723021202009999999,0.303
1723021202020000000,0.694
1723021202029999999,0.471
1723021202040000000,0.956
1723021202049999999,1.409
1723021202060000000,0.992
1723021202069999999,1.498
1723021202080000000,1.397
1723021202089999999,1.849
1723021202100000000,2.263
1723021202109999999,2.262
1723021202120000000,3.074
1723021202130000000,2.294
1723021202140000000,3.117
1723021202150000000,2.917
1723021202160000000,3.371
1723021202170000000,4.019
1723021202180000000,3.777
1723021202190000000,3.200
1723021202200000000,3.747
1723021202210000000,3.960
1723021202220000000,4.071
1723021202230000000,4.814
1723021202240000000,5.019
1723021202250000000,5.289
1723021202260000000,4.818
1723021202270000000,4.820
1723021202280000000,5.090
1723021202290000000,5.848
1723021202300000000,6.690
1723021202310000000,6.021
1723021202320000000,6.280
1723021202330000000,6.746
1723021202340000000,6.245
1723021202350000000,7.020
1723021202360000000,7.041
1723021202370000000,7.273
1723021202380000000,7.924
1723021202390000000,8.284
1723021202400000000,8.288
1723021202410000000,8.569
1723021202420000000,8.001
1723021202430000000,7.953
1723021202440000000,8.794
1723021202450000000,9.053
1723021202460000000,8.914
1723021202470000000,9.202
1723021202480000000,9.969
1723021202490000000,10.095
1723021202500000000,9.817
1723021202510000000,10.107
1723021202520000000,10.119
1723021202530000000,10.390
1723021202540000000,10.583
1723021202550000000,10.946
1723021202560000000,11.370
1723021202570000000,11.396
1723021202580000000,12.053
1723021202590000000,11.626
1723021202600000000,12.591
1723021202610000000,12.281
1723021202620000000,12.278
1723021202630000000,12.811
1723021202640000000,12.559
1723021202650000000,12.991
1723021202660000000,13.040
1723021202670000000,13.240
1723021202680000000,13.919
1723021202690000000,13.876
1723021202700000000,13.813
1723021202710000000,14.256
1723021202720000000,14.132
1723021202730000000,15.054
1723021202740000000,14.986
1723021202750000000,15.162
1723021202760000000,15.378
1723021202770000000,15.267
1723021202780000000,15.993
1723021202790000000,15.589
1723021202800000000,15.575
1723021202810000000,16.272
1723021202820000000,17.098
1723021202830000000,16.579
1723021202840000000,16.895
1723021202850000000,17.076
1723021202860000000,17.463
1723021202870000000,17.690
1723021202880000000,17.276
1723021202890000000,17.342
1723021202900000000,18.224
1723021202910000000,17.860
1723021202920000000,18.227
1723021202930000000,18.846
1723021202940000000,18.833
1723021202950000000,18.723
1723021202960000000,19.536
1723021202970000000,19.882
1723021202980000000,19.547
1723021202990000000,20.166
1723021203000000000,23.351
1723021203010000000,23.287
1723021203020000000,23.071
1723021203030000000,23.979
1723021203040000000,23.190
1723021203050000000,23.340
1723021203060000000,23.507
1723021203070000000,23.660
1723021203080000000,23.205
1723021203090000000,23.129
1723021203100000000,23.438
1723021203110000000,23.650
1723021203120000000,23.836
1723021203130000000,23.597
1723021203140000000,23.903
1723021203150000000,23.574
1723021203160000000,23.950
1723021203170000000,24.300
1723021203180000000,24.292
1723021203190000000,24.226
1723021203200000000,24.124
1723021203210000000,23.983
1723021203220000000,24.200
1723021203230000000,23.834
1723021203240000000,23.969
1723021203250000000,24.546
1723021203260000000,24.487
1723021203270000000,24.584
1723021203280000000,24.124
1723021203290000000,24.485
1723021203300000000,24.621
1723021203310000000,24.815
1723021203320000000,24.903
1723021203330000000,24.888
1723021203340000000,24.533
1723021203350000000,25.046
1723021203360000000,24.912
1723021203370000000,24.589
1723021203380000000,24.872
1723021203390000000,24.688
1723021203400000000,25.314
1723021203410000000,25.442
1723021203420000000,25.375
1723021203430000000,25.139
1723021203440000000,25.122
1723021203450000000,25.711
1723021203460000000,25.526
1723021203470000000,26.428
1723021203480000000,25.974
1723021203490000000,25.683
1723021203500000000,25.932
1723021203510000000,26.136
1723021203520000000,25.899
1723021203530000000,26.526
1723021203540000000,25.977
1723021203550000000,26.879
1723021203560000000,26.614
1723021203570000000,26.634
1723021203580000000,26.142
1723021203590000000,27.054
1723021203600000000,26.225
1723021203610000000,26.981
1723021203620000000,26.622
1723021203630000000,26.789
1723021203640000000,27.251
1723021203650000000,27.137
1723021203660000000,26.861
1723021203670000000,27.372
1723021203680000000,27.323
1723021203690000000,27.119
1723021203700000000,27.671
1723021203710000000,27.465
1723021203720000000,27.712
1723021203730000000,28.200
1723021203740000000,27.832
1723021203750000000,28.290
1723021203760000000,28.038
1723021203770000000,28.267
1723021203780000000,28.345
1723021203790000000,29.035
1723021203800000000,28.222
1723021203810000000,28.462
1723021203820000000,29.041
1723021203830000000,28.893
1723021203840000000,28.794
1723021203850000000,28.731
1723021203860000000,28.982
1723021203870000000,29.761
1723021203880000000,29.444
1723021203890000000,30.079
1723021203900000000,29.683
1723021203910000000,29.724
1723021203920000000,29.202
1723021203930000000,30.076
1723021203940000000,29.801
1723021203950000000,30.113
1723021203960000000,30.741
1723021203970000000,30.294
1723021203980000000,30.676
1723021203990000000,30.724
1723021204000000000,31.424
1723021204010000000,30.553
1723021204019999999,30.774
1723021204030000000,30.745
1723021204040000000,30.828
1723021204050000000,31.531
1723021204059999999,31.669
1723021204070000000,31.872
1723021204080000000,31.563
1723021204090000000,31.926
1723021204099999999,32.243
1723021204110000000,32.013
1723021204120000000,32.276
1723021204130000000,32.670
1723021204139999999,32.519
1723021204150000000,32.893
1723021204160000000,33.120
1723021204170000000,33.459
1723021204179999999,33.668
1723021204190000000,33.049
1723021204200000000,33.763
1723021204210000000,33.527
1723021204219999999,33.855
1723021204230000000,33.986
1723021204240000000,34.274
1723021204250000000,34.477
1723021204260000000,34.117
1723021204269999999,34.409
1723021204280000000,34.805
1723021204290000000,34.708
1723021204300000000,35.390
1723021204310000000,34.884
1723021204320000000,35.542
1723021204330000000,35.817
1723021204340000000,35.110
1723021204350000000,35.776
1723021204360000000,35.808
1723021204370000000,36.497
1723021204380000000,36.043
1723021204390000000,36.408
1723021204400000000,36.411
1723021204410000000,37.503
1723021204420000000,37.033
1723021204430000000,37.578
1723021204440000000,37.250
1723021204450000000,36.894
1723021204460000000,37.603
1723021204470000000,37.541
1723021204480000000,38.186
1723021204490000000,38.333
1723021204500000000,38.919
1723021204510000000,38.663
1723021204520000000,39.278
1723021204530000000,38.991
1723021204540000000,39.502
1723021204550000000,39.389
1723021204560000000,39.498
1723021204570000000,40.291
1723021204580000000,40.197
1723021204590000000,40.740
1723021204600000000,40.307
1723021204610000000,40.909
1723021204620000000,40.878
1723021204630000000,41.185
1723021204640000000,40.954
1723021204650000000,41.013
1723021204660000000,41.623
1723021204670000000,41.986
1723021204680000000,41.706
1723021204690000000,42.413
1723021204700000000,42.576
1723021204710000000,42.530
1723021204720000000,42.870
1723021204730000000,43.109
1723021204740000000,43.544
1723021204750000000,43.683
1723021204760000000,43.819
1723021204770000000,44.461
1723021204780000000,44.103
1723021204790000000,44.686
1723021204800000000,44.758
1723021204810000000,44.683
1723021204820000000,45.137
1723021204830000000,45.199
1723021204840000000,45.913
1723021204850000000,45.838
1723021204860000000,46.649
1723021204870000000,45.709
1723021204880000000,46.835
1723021204890000000,46.637
1723021204900000000,47.262
1723021204910000000,47.736
1723021204920000000,47.509
1723021204930000000,48.228
1723021204940000000,48.024
1723021204950000000,47.965
1723021204960000000,48.629
1723021204970000000,48.484
1723021204980000000,48.801
1723021204990000000,49.486
1723021205000000000,49.270
1723021205010000000,50.068
1723021205020000000,49.975
1723021205030000000,50.722
1723021205040000000,50.618
1723021205050000000,50.687
1723021205060000000,51.010
1723021205070000000,51.388
1723021205080000000,51.563
1723021205090000000,52.000
1723021205100000000,52.289
1723021205110000000,51.955
1723021205120000000,52.664
1723021205130000000,52.686
1723021205140000000,53.022
1723021205150000000,53.527
1723021205160000000,53.235
1723021205170000000,53.787
1723021205180000000,54.340
1723021205190000000,54.322
1723021205200000000,55.047
1723021205210000000,54.731
1723021205220000000,54.794
1723021205230000000,55.205
1723021205240000000,55.999
1723021205250000000,56.192
1723021205260000000,56.228
1723021205270000000,56.322
1723021205280000000,57.066
1723021205290000000,56.931
1723021205300000000,57.526
1723021205310000000,57.148
1723021205320000000,58.222
1723021205330000000,58.474
1723021205340000000,58.445
1723021205350000000,58.355
1723021205360000000,58.826
1723021205370000000,58.403
1723021205380000000,59.855
1723021205390000000,59.991
1723021205400000000,60.169
1723021205410000000,60.057
1723021205420000000,60.325
1723021205430000000,60.513
1723021205440000000,61.228
1723021205450000000,61.412
1723021205460000000,61.424
1723021205470000000,61.626
1723021205480000000,61.929
1723021205490000000,62.854
1723021205500000000,63.024
1723021205510000000,62.424
1723021205520000000,63.279
1723021205530000000,63.010
1723021205540000000,63.976
1723021205550000000,64.374
1723021205560000000,64.349
1723021205570000000,64.717
1723021205580000000,64.337
1723021205590000000,65.390
1723021205600000000,64.921
1723021205610000000,65.624
1723021205620000000,65.747
1723021205630000000,65.305
1723021205640000000,66.833
1723021205650000000,66.320
1723021205660000000,66.665
1723021205670000000,66.982
1723021205680000000,66.937
1723021205690000000,67.460
1723021205700000000,67.894
1723021205710000000,67.808
1723021205720000000,68.441
1723021205730000000,68.865
1723021205740000000,68.835
1723021205750000000,69.340
1723021205760000000,69.555
1723021205770000000,69.695
1723021205780000000,69.693
1723021205790000000,70.164
1723021205800000000,70.267
1723021205810000000,70.634
1723021205820000000,71.144
1723021205830000000,70.985
1723021205840000000,71.390
1723021205850000000,71.880
1723021205860000000,71.971
1723021205870000000,71.826
1723021205880000000,72.613
1723021205890000000,72.731
1723021205900000000,73.072
1723021205910000000,73.001
1723021205920000000,73.695
1723021205930000000,74.115
1723021205940000000,74.138
1723021205950000000,74.339
1723021205960000000,74.220
1723021205970000000,74.550
1723021205980000000,74.881
1723021205990000000,75.038
1723021206000000000,75.812
1723021206010000000,75.343
1723021206020000000,75.571
1723021206030000000,75.622
1723021206040000000,76.206
1723021206050000000,76.307
1723021206060000000,76.535
1723021206070000000,76.556
1723021206080000000,76.869
1723021206090000000,77.198
1723021206100000000,77.738
1723021206110000000,77.528
1723021206120000000,77.821
1723021206130000000,78.263
1723021206140000000,78.699
1723021206150000000,78.593
1723021206160000000,78.669
1723021206170000000,78.859
1723021206180000000,79.374
1723021206190000000,79.450
1723021206200000000,79.694
1723021206210000000,79.652
1723021206220000000,79.698
1723021206230000000,80.156
1723021206240000000,80.374
1723021206250000000,80.544
1723021206260000000,81.018
1723021206270000000,80.732
1723021206280000000,80.531
1723021206290000000,81.041
1723021206300000000,81.777
1723021206310000000,81.161
1723021206320000000,81.642
1723021206330000000,81.770
1723021206340000000,82.577
1723021206350000000,82.670
1723021206360000000,82.512
1723021206370000000,83.198
1723021206380000000,83.038
1723021206390000000,83.302
1723021206400000000,83.264
1723021206410000000,83.970
1723021206420000000,84.102
1723021206430000000,83.985
1723021206440000000,83.374
1723021206450000000,84.387
1723021206460000000,84.298
1723021206470000000,84.705
1723021206480000000,84.608
1723021206490000000,85.170
1723021206500000000,85.067
1723021206510000000,85.652
1723021206520000000,85.180
1723021206530000000,86.140
1723021206540000000,85.787
1723021206550000000,86.007
1723021206560000000,85.762
1723021206570000000,86.568
1723021206580000000,86.529
1723021206590000000,86.488
1723021206600000000,86.356
1723021206610000000,86.633
1723021206620000000,86.719
1723021206630000000,86.763
1723021206640000000,87.295
1723021206650000000,87.554
1723021206660000000,87.622
1723021206670000000,87.661
1723021206680000000,87.678
1723021206690000000,87.947
1723021206700000000,87.781
1723021206710000000,88.059
1723021206720000000,88.087
1723021206730000000,88.515
1723021206740000000,88.240
1723021206750000000,88.598
1723021206760000000,89.246
1723021206770000000,89.140
1723021206780000000,89.260
1723021206790000000,88.884
1723021206800000000,89.161
1723021206810000000,89.081
1723021206820000000,89.550
1723021206830000000,89.417
1723021206840000000,89.723
1723021206850000000,90.146
1723021206860000000,90.227
1723021206870000000,89.865
1723021206880000000,90.326
1723021206890000000,90.247
1723021206900000000,90.317
1723021206910000000,90.969
1723021206920000000,90.816
1723021206930000000,91.096
1723021206940000000,90.876
1723021206950000000,91.492
1723021206960000000,90.247
1723021206970000000,91.659
1723021206980000000,91.715
1723021206990000000,91.730
1723021207000000000,90.975
1723021207010000000,91.644
1723021207020000000,91.580
1723021207030000000,91.957
1723021207040000000,91.443
1723021207050000000,92.193
1723021207060000000,91.618
1723021207070000000,91.930
1723021207080000000,91.677
1723021207090000000,91.590
1723021207100000000,92.706
1723021207110000000,93.107
1723021207120000000,91.977
1723021207130000000,92.771
1723021207140000000,93.393
1723021207150000000,93.160
1723021207160000000,92.958
1723021207170000000,93.008
1723021207180000000,93.014
1723021207190000000,93.042
1723021207200000000,93.056
1723021207210000000,92.898
1723021207220000000,93.648
1723021207230000000,93.646
1723021207240000000,93.498
1723021207250000000,93.890
1723021207260000000,93.609
1723021207270000000,93.917
1723021207280000000,93.432
1723021207290000000,93.833
1723021207300000000,93.777
1723021207310000000,94.308
1723021207320000000,93.931
1723021207330000000,94.232
1723021207340000000,94.241
1723021207350000000,94.439
1723021207360000000,94.647
1723021207370000000,94.806
1723021207380000000,94.561
1723021207390000000,94.760
1723021207400000000,94.506
1723021207410000000,94.856
1723021207420000000,94.419
1723021207430000000,95.253
1723021207440000000,95.025
1723021207450000000,94.916
1723021207460000000,95.085
1723021207470000000,95.105
1723021207480000000,95.614
1723021207490000000,95.590
1723021207500000000,95.875
1723021207510000000,95.869
1723021207520000000,95.322
1723021207530000000,95.800
1723021207540000000,95.805
1723021207550000000,95.528
1723021207560000000,95.463
1723021207570000000,96.120
1723021207580000000,96.295
1723021207590000000,95.619
1723021207600000000,95.882
1723021207610000000,95.720
1723021207620000000,96.385
1723021207630000000,96.605
1723021207640000000,96.007
1723021207650000000,96.831
1723021207660000000,96.040
1723021207670000000,96.100
1723021207680000000,96.267
1723021207690000000,96.144
1723021207700000000,96.010
1723021207710000000,96.272
1723021207720000000,96.701
1723021207730000000,97.183
1723021207740000000,97.085
1723021207750000000,96.802
1723021207760000000,96.449
1723021207770000000,96.121
1723021207780000000,96.692
1723021207790000000,96.640
1723021207800000000,97.010
1723021207810000000,97.088
1723021207820000000,97.115
1723021207830000000,97.095
1723021207840000000,96.931
1723021207850000000,96.995
1723021207860000000,97.268
1723021207870000000,96.656
1723021207880000000,96.976
1723021207890000000,96.730
1723021207900000000,96.982
1723021207910000000,96.985
1723021207920000000,97.570
1723021207930000000,97.574
1723021207940000000,97.246
1723021207950000000,97.048
1723021207960000000,97.572
1723021207970000000,97.343
1723021207980000000,97.664
1723021207990000000,97.798
1723021208000000000,97.919
1723021208010000000,97.300
1723021208020000000,98.191
1723021208029999999,97.719
1723021208039999999,97.756
1723021208050000000,97.907
1723021208060000000,97.220
1723021208070000000,97.679
1723021208080000000,98.120
1723021208090000000,97.905
1723021208100000000,98.579
1723021208109999999,98.049
1723021208119999999,97.999
1723021208130000000,97.514
1723021208140000000,98.479
1723021208150000000,98.346
1723021208160000000,97.550
1723021208170000000,98.240
1723021208180000000,97.969
1723021208189999999,98.133
1723021208199999999,97.868
1723021208210000000,98.326
1723021208220000000,97.661
1723021208230000000,98.606
1723021208240000000,98.460
1723021208250000000,98.185
1723021208260000000,98.245
1723021208270000000,98.374
1723021208279999999,98.454
1723021208289999999,98.343
1723021208300000000,98.552
1723021208310000000,98.170
1723021208320000000,98.048
1723021208330000000,98.755
1723021208340000000,99.169
1723021208350000000,98.802
1723021208359999999,98.218
1723021208369999999,98.714
1723021208380000000,98.545
1723021208390000000,98.576
1723021208400000000,98.578
1723021208410000000,98.817
1723021208420000000,98.860
1723021208430000000,98.723
1723021208439999999,98.193
1723021208449999999,99.096
1723021208460000000,98.752
1723021208470000000,98.973
1723021208480000000,98.903
1723021208490000000,98.985
1723021208500000000,98.991
1723021208510000000,98.371
1723021208520000000,98.940
1723021208529999999,98.963
1723021208539999999,98.843
1723021208550000000,98.583
1723021208560000000,99.251
1723021208570000000,99.042
1723021208580000000,98.811
1723021208590000000,98.869
1723021208600000000,98.915
1723021208610000000,99.477
1723021208620000000,99.219
1723021208630000000,99.383
1723021208640000000,98.864
1723021208650000000,99.181
1723021208660000000,98.822
1723021208670000000,98.990
1723021208680000000,98.775
1723021208690000000,99.032
1723021208700000000,98.960
1723021208710000000,99.505
1723021208720000000,99.452
1723021208730000000,98.844
1723021208740000000,99.085
1723021208750000000,99.880
1723021208760000000,98.920
1723021208770000000,98.898
1723021208780000000,99.189
1723021208790000000,99.450
1723021208800000000,99.092
1723021208810000000,99.064
1723021208820000000,99.366
1723021208830000000,99.147
1723021208840000000,99.161
1723021208850000000,99.349
1723021208860000000,99.348
1723021208870000000,99.096
1723021208880000000,98.846
1723021208890000000,99.497
1723021208900000000,99.186
1723021208910000000,99.049
1723021208920000000,99.034
1723021208930000000,98.911
1723021208940000000,98.944
1723021208950000000,98.886
1723021208960000000,99.772
1723021208970000000,99.323
1723021208980000000,99.351
1723021208990000000,99.586
1723021209000000000,99.908
1723021209010000000,99.717
1723021209020000000,100.000
1723021209030000000,100.000
1723021209040000000,99.491
1723021209050000000,99.791
1723021209060000000,100.000
1723021209070000000,100.000
1723021209080000000,99.992
1723021209090000000,100.000
1723021209100000000,100.000
1723021209110000000,100.000
1723021209120000000,100.000
1723021209130000000,99.721
1723021209140000000,100.000
1723021209150000000,100.000
1723021209160000000,99.632
1723021209170000000,100.000
1723021209180000000,100.000
1723021209190000000,100.000
1723021209200000000,99.454
1723021209210000000,100.000
1723021209220000000,99.787
1723021209230000000,99.626
1723021209240000000,99.844
1723021209250000000,100.000
1723021209260000000,100.000
1723021209270000000,99.652
1723021209280000000,100.000
1723021209290000000,99.794
1723021209300000000,99.780
1723021209310000000,100.000
1723021209320000000,100.000
1723021209330000000,99.535
1723021209340000000,100.000
1723021209350000000,99.674
1723021209360000000,99.804
1723021209370000000,100.000
1723021209380000000,99.899
1723021209390000000,100.000
1723021209400000000,100.000
1723021209410000000,99.673
1723021209420000000,100.000
1723021209430000000,100.000
1723021209440000000,100.000
1723021209450000000,99.451
1723021209460000000,99.757
1723021209470000000,100.000
1723021209480000000,100.000
1723021209490000000,100.000
1723021209500000000,99.943
1723021209510000000,100.000
1723021209520000000,100.000
1723021209530000000,99.973
1723021209540000000,100.000
1723021209550000000,99.946
1723021209560000000,99.584
1723021209570000000,100.000
1723021209580000000,100.000
1723021209590000000,99.844
1723021209600000000,100.000
1723021209610000000,100.000
1723021209620000000,99.933
1723021209630000000,99.897
1723021209640000000,99.362
1723021209650000000,99.945
1723021209660000000,100.000
1723021209670000000,100.000
1723021209680000000,99.662
1723021209690000000,99.517
1723021209700000000,99.943
1723021209710000000,100.000
1723021209720000000,99.544
1723021209730000000,100.000
1723021209740000000,99.904
1723021209750000000,99.973
1723021209760000000,99.159
1723021209770000000,100.000
1723021209780000000,99.516
1723021209790000000,99.494
1723021209800000000,100.000
1723021209810000000,99.622
1723021209820000000,100.000
1723021209830000000,100.000
1723021209840000000,99.859
1723021209850000000,100.000
1723021209860000000,100.000
1723021209870000000,99.770
1723021209880000000,100.000
1723021209890000000,99.541
1723021209900000000,99.757
1723021209910000000,99.783
1723021209920000000,99.580
1723021209930000000,100.000
1723021209940000000,100.000
1723021209950000000,99.748
1723021209960000000,100.000
1723021209970000000,99.341
1723021209980000000,100.000
1723021209990000000,99.968
1723021210000000000,100.000
1723021210010000000,100.000
1723021210020000000,100.000
1723021210030000000,100.000
1723021210040000000,100.000
1723021210050000000,99.999
1723021210060000000,99.699
1723021210070000000,100.000
1723021210080000000,100.000
1723021210090000000,99.769
1723021210100000000,100.000
1723021210110000000,100.000
1723021210120000000,99.454
1723021210130000000,100.000
1723021210140000000,99.537
1723021210150000000,100.000
1723021210160000000,100.000
1723021210170000000,100.000
1723021210180000000,100.000
1723021210190000000,100.000
1723021210200000000,100.000
1723021210210000000,100.000
1723021210220000000,100.000
1723021210230000000,99.974
1723021210240000000,100.000
1723021210250000000,100.000
1723021210260000000,99.713
1723021210270000000,100.000
1723021210280000000,100.000
1723021210290000000,99.977
1723021210300000000,100.000
1723021210310000000,100.000
1723021210320000000,100.000
1723021210330000000,100.000
1723021210340000000,99.847
1723021210350000000,98.995
1723021210360000000,100.000
1723021210370000000,99.580
1723021210380000000,99.753
1723021210390000000,99.697
1723021210400000000,100.000
1723021210410000000,99.215
1723021210420000000,100.000
1723021210430000000,99.885
1723021210440000000,99.971
1723021210450000000,100.000
1723021210460000000,100.000
1723021210470000000,100.000
1723021210480000000,99.886
1723021210490000000,100.000
1723021210500000000,99.796
1723021210510000000,99.880
1723021210520000000,100.000
1723021210530000000,100.000
1723021210540000000,99.758
1723021210550000000,99.532
1723021210560000000,100.000
1723021210570000000,99.566
1723021210580000000,99.616
1723021210590000000,99.954
1723021210600000000,100.000
1723021210610000000,99.881
1723021210620000000,100.000
1723021210630000000,99.838
1723021210640000000,100.000
1723021210650000000,100.000
1723021210660000000,100.000
1723021210670000000,99.857
1723021210680000000,100.000
1723021210690000000,99.878
1723021210700000000,100.000
1723021210710000000,100.000
1723021210720000000,99.907
1723021210730000000,99.763
1723021210740000000,100.000
1723021210750000000,100.000
1723021210760000000,99.771
1723021210770000000,100.000
1723021210780000000,99.979
1723021210790000000,100.000
1723021210800000000,100.000
1723021210810000000,99.348
1723021210820000000,99.850
1723021210830000000,100.000
1723021210840000000,100.000
1723021210850000000,100.000
1723021210860000000,100.000
1723021210870000000,99.888
1723021210880000000,99.764
1723021210890000000,100.000
1723021210900000000,100.000
1723021210910000000,99.797
1723021210920000000,100.000
1723021210930000000,99.934
1723021210940000000,100.000
1723021210950000000,100.000
1723021210960000000,100.000
1723021210970000000,100.000
1723021210980000000,99.895
1723021210990000000,99.946
1723021211000000000,99.829
1723021211010000000,100.000
1723021211020000000,100.000
1723021211030000000,100.000
1723021211040000000,99.918
1723021211050000000,99.555
1723021211060000000,100.000
1723021211070000000,99.868
1723021211080000000,99.909
1723021211090000000,99.926
1723021211100000000,100.000
1723021211110000000,99.960
1723021211120000000,99.715
1723021211130000000,99.450
1723021211140000000,100.000
1723021211150000000,100.000
1723021211160000000,100.000
1723021211170000000,99.552
1723021211180000000,100.000
1723021211190000000,99.525
1723021211200000000,99.702
1723021211210000000,99.342
1723021211220000000,100.000
1723021211230000000,99.652
1723021211240000000,100.000
1723021211250000000,100.000
1723021211260000000,99.935
1723021211270000000,99.639
1723021211280000000,99.863
1723021211290000000,100.000
1723021211300000000,100.000
1723021211310000000,99.706
1723021211320000000,100.000
1723021211330000000,100.000
1723021211340000000,100.000
1723021211350000000,100.000
1723021211360000000,100.000
1723021211370000000,99.445
1723021211380000000,100.000
1723021211390000000,100.000
1723021211400000000,99.987
1723021211410000000,99.869
1723021211420000000,99.979
1723021211430000000,99.920
1723021211440000000,99.788
1723021211450000000,100.000
1723021211460000000,99.651
1723021211470000000,99.901
1723021211480000000,100.000
1723021211490000000,100.000
1723021211500000000,99.916
1723021211510000000,99.837
1723021211520000000,99.809
1723021211530000000,99.949
1723021211540000000,99.949
1723021211550000000,100.000
1723021211560000000,99.713
1723021211570000000,100.000
1723021211580000000,100.000
1723021211590000000,99.863
1723021211600000000,100.000
1723021211610000000,99.646
1723021211620000000,100.000
1723021211630000000,100.000
1723021211640000000,99.861
1723021211650000000,99.893
1723021211660000000,99.527
1723021211670000000,99.797
1723021211680000000,99.687
1723021211690000000,100.000
1723021211700000000,99.763
1723021211710000000,100.000
1723021211720000000,100.000
1723021211730000000,100.000
1723021211740000000,99.933
1723021211750000000,100.000
1723021211760000000,100.000
1723021211770000000,100.000
1723021211780000000,99.627
1723021211790000000,99.620
1723021211800000000,99.900
1723021211810000000,99.652
1723021211820000000,99.671
1723021211830000000,100.000
1723021211840000000,99.741
1723021211850000000,99.884
1723021211860000000,99.757
1723021211870000000,99.849
1723021211880000000,99.467
1723021211890000000,100.000
1723021211900000000,100.000
1723021211910000000,99.616
1723021211920000000,100.000
1723021211930000000,99.867
1723021211940000000,99.812
1723021211950000000,99.586
1723021211960000000,99.656
1723021211970000000,99.777
1723021211980000000,100.000
1723021211990000000,100.000
1723021212000000000,99.853
1723021212010000000,99.635
1723021212020000000,99.931
1723021212030000000,99.936
1723021212040000000,100.000
1723021212050000000,100.000
1723021212060000000,99.897
1723021212070000000,100.000
1723021212080000000,99.151
1723021212090000000,99.719
1723021212100000000,100.000
1723021212110000000,99.868
1723021212120000000,100.000
1723021212130000000,99.768
1723021212140000000,99.597
1723021212150000000,99.688
1723021212160000000,100.000
1723021212170000000,99.857
1723021212180000000,99.983
1723021212190000000,100.000
1723021212200000000,100.000
1723021212210000000,99.972
1723021212220000000,100.000
1723021212230000000,100.000
1723021212240000000,100.000
1723021212250000000,99.693
1723021212260000000,99.782
1723021212270000000,99.730
1723021212280000000,99.764
1723021212290000000,100.000
1723021212300000000,99.954
1723021212310000000,99.938
1723021212320000000,99.728
1723021212330000000,100.000
1723021212340000000,99.686
1723021212350000000,100.000
1723021212360000000,100.000
1723021212370000000,99.837
1723021212380000000,100.000
1723021212390000000,99.829
1723021212400000000,99.658
1723021212410000000,99.738
1723021212420000000,99.456
1723021212430000000,99.816
1723021212440000000,100.000
1723021212450000000,100.000
1723021212460000000,99.877
1723021212470000000,100.000
1723021212480000000,99.475
1723021212490000000,100.000
1723021212500000000,100.000
1723021212510000000,100.000
1723021212520000000,99.842
1723021212530000000,100.000
1723021212540000000,100.000
1723021212550000000,100.000
1723021212560000000,100.000
1723021212570000000,99.930
1723021212580000000,99.902
1723021212590000000,99.861
1723021212600000000,99.987
1723021212610000000,100.000
1723021212620000000,99.841
1723021212630000000,100.000
1723021212640000000,99.689
1723021212650000000,100.000
1723021212660000000,99.311
1723021212670000000,99.960
1723021212680000000,99.998
1723021212690000000,100.000
1723021212700000000,99.576
1723021212710000000,99.875
1723021212720000000,100.000
1723021212730000000,100.000
1723021212740000000,100.000
1723021212750000000,100.000
1723021212760000000,100.000
1723021212770000000,99.617
1723021212780000000,99.961
1723021212790000000,100.000
1723021212800000000,99.688
1723021212810000000,100.000
1723021212820000000,99.554
1723021212830000000,99.871
1723021212840000000,99.978
1723021212850000000,100.000
1723021212860000000,99.476
1723021212870000000,100.000
1723021212880000000,100.000
1723021212890000000,100.000
1723021212900000000,100.000
1723021212910000000,100.000
1723021212920000000,100.000
1723021212930000000,99.941
1723021212940000000,100.000
1723021212950000000,99.740
1723021212960000000,100.000
1723021212970000000,99.900
1723021212980000000,99.928
1723021212990000000,99.977
1723021213000000000,100.000
1723021213010000000,99.918
1723021213020000000,100.000
1723021213030000000,100.000
1723021213040000000,100.000
1723021213050000000,100.000
1723021213060000000,99.941
1723021213070000000,99.733
1723021213080000000,99.980
1723021213090000000,100.000
1723021213100000000,100.000
1723021213110000000,99.772
1723021213120000000,100.000
1723021213130000000,99.853
1723021213140000000,99.799
1723021213150000000,99.675
1723021213160000000,100.000
1723021213170000000,99.564
1723021213180000000,100.000
1723021213190000000,99.879
1723021213200000000,99.904
1723021213210000000,100.000
1723021213220000000,99.878
1723021213230000000,99.941
1723021213240000000,99.971
1723021213250000000,99.785
1723021213260000000,100.000
1723021213270000000,100.000
1723021213280000000,100.000
1723021213290000000,99.955
1723021213300000000,99.828
1723021213310000000,100.000
1723021213320000000,100.000
1723021213330000000,100.000
1723021213340000000,100.000
1723021213350000000,100.000
1723021213360000000,99.270
1723021213370000000,100.000
1723021213380000000,99.763
1723021213390000000,99.920
1723021213400000000,99.725
1723021213410000000,99.544
1723021213420000000,99.774
1723021213430000000,100.000
1723021213440000000,99.947
1723021213450000000,100.000
1723021213460000000,99.920
1723021213470000000,100.000
1723021213480000000,100.000
1723021213490000000,99.779
1723021213500000000,100.000
1723021213510000000,99.787
1723021213520000000,100.000
1723021213530000000,99.943
1723021213540000000,100.000
1723021213550000000,99.826
1723021213560000000,100.000
1723021213570000000,100.000
1723021213580000000,100.000
1723021213590000000,99.781
1723021213600000000,99.951
1723021213610000000,99.733
1723021213620000000,99.998
1723021213630000000,100.000
1723021213640000000,99.889
1723021213650000000,100.000
1723021213660000000,100.000
1723021213670000000,100.000
1723021213680000000,100.000
1723021213690000000,99.752
1723021213700000000,100.000
1723021213710000000,100.000
1723021213720000000,100.000
1723021213730000000,99.805
1723021213740000000,99.873
1723021213750000000,100.000
1723021213760000000,100.000
1723021213770000000,100.000
1723021213780000000,100.000
1723021213790000000,100.000
1723021213800000000,99.848
1723021213810000000,99.758
1723021213820000000,99.748
1723021213830000000,99.489
1723021213840000000,99.919
1723021213850000000,100.000
1723021213860000000,99.693
1723021213870000000,100.000
1723021213880000000,99.941
1723021213890000000,99.799
1723021213900000000,99.982
1723021213910000000,100.000
1723021213920000000,99.590
1723021213930000000,100.000
1723021213940000000,99.587
1723021213950000000,99.991
1723021213960000000,100.000
1723021213970000000,99.629
1723021213980000000,99.903
1723021213990000000,100.000
1723021214000000000,100.000
1723021214010000000,100.000
1723021214020000000,100.000
1723021214030000000,100.000
1723021214040000000,99.790
1723021214050000000,99.876
1723021214060000000,100.000
1723021214070000000,100.000
1723021214080000000,100.000
1723021214090000000,99.985
1723021214100000000,100.000
1723021214110000000,99.422
1723021214120000000,100.000
1723021214130000000,99.536
1723021214140000000,99.979
1723021214150000000,99.814
1723021214160000000,100.000
1723021214170000000,100.000
1723021214180000000,100.000
1723021214190000000,100.000
1723021214200000000,99.871
1723021214210000000,100.000
1723021214220000000,100.000
1723021214230000000,99.912
1723021214240000000,100.000
1723021214250000000,99.581
1723021214260000000,99.022
1723021214270000000,100.000
1723021214280000000,99.657
1723021214290000000,99.419
1723021214300000000,99.988
1723021214310000000,100.000
1723021214320000000,99.430
1723021214330000000,100.000
1723021214340000000,100.000
1723021214350000000,99.576
1723021214360000000,100.000
1723021214370000000,99.844
1723021214380000000,99.547
1723021214390000000,100.000
1723021214400000000,100.000
1723021214410000000,100.000
1723021214420000000,100.000
1723021214430000000,100.000
1723021214440000000,100.000
1723021214450000000,100.000
1723021214460000000,99.807
1723021214470000000,100.000
1723021214480000000,99.965
1723021214490000000,100.000
1723021214500000000,100.000
1723021214510000000,99.430
1723021214520000000,99.957
1723021214530000000,100.000
1723021214540000000,99.784
1723021214550000000,100.000
1723021214560000000,100.000
1723021214570000000,100.000
1723021214580000000,99.900
1723021214590000000,100.000
1723021214600000000,99.765
1723021214610000000,100.000
1723021214620000000,99.688
1723021214630000000,99.608
1723021214640000000,100.000
1723021214650000000,99.908
1723021214660000000,99.733
1723021214670000000,99.584
1723021214680000000,100.000
1723021214690000000,99.970
1723021214700000000,100.000
1723021214710000000,99.790
1723021214720000000,100.000
1723021214730000000,99.902
1723021214740000000,100.000
1723021214750000000,100.000
1723021214760000000,100.000
1723021214770000000,100.000
1723021214780000000,99.701
1723021214790000000,100.000
1723021214800000000,100.000
1723021214810000000,99.935
1723021214820000000,99.944
1723021214830000000,99.547
1723021214840000000,99.821
1723021214850000000,100.000
1723021214860000000,100.000
1723021214870000000,100.000
1723021214880000000,99.774
1723021214890000000,100.000
1723021214900000000,100.000
1723021214910000000,100.000
1723021214920000000,99.681
1723021214930000000,100.000
1723021214940000000,99.649
1723021214950000000,99.467
1723021214960000000,99.754
1723021214970000000,99.661
1723021214980000000,99.571
1723021214990000000,100.000
1723021215000000000,99.756
1723021215010000000,99.896
1723021215020000000,100.000
1723021215030000000,100.000
1723021215040000000,100.000
1723021215050000000,100.000
1723021215060000000,99.931
1723021215070000000,100.000
1723021215080000000,99.824
1723021215090000000,99.791
1723021215100000000,99.927
1723021215110000000,100.000
1723021215120000000,100.000
1723021215130000000,100.000
1723021215140000000,99.984
1723021215150000000,99.614
1723021215160000000,100.000
1723021215170000000,100.000
1723021215180000000,99.214
1723021215190000000,99.908
1723021215200000000,100.000
1723021215210000000,100.000
1723021215220000000,100.000
1723021215230000000,99.852
1723021215240000000,99.430
1723021215250000000,100.000
1723021215260000000,100.000
1723021215270000000,100.000
1723021215280000000,100.000
1723021215290000000,99.947
1723021215300000000,100.000
1723021215310000000,100.000
1723021215320000000,100.000
1723021215330000000,100.000
1723021215340000000,99.608
1723021215350000000,100.000
1723021215360000000,100.000
1723021215370000000,100.000
1723021215380000000,100.000
1723021215390000000,100.000
1723021215400000000,100.000
1723021215410000000,99.821
1723021215420000000,99.793
1723021215430000000,100.000
1723021215440000000,99.844
1723021215450000000,100.000
1723021215460000000,100.000
1723021215470000000,99.942
1723021215480000000,100.000
1723021215490000000,99.434
1723021215500000000,99.925
1723021215510000000,100.000
1723021215520000000,100.000
1723021215530000000,100.000
1723021215540000000,100.000
1723021215550000000,100.000
1723021215560000000,99.777
1723021215570000000,100.000
1723021215580000000,100.000
1723021215590000000,100.000
1723021215600000000,99.934
1723021215610000000,100.000
1723021215620000000,99.773
1723021215630000000,99.958
1723021215640000000,99.782
1723021215650000000,99.971
1723021215660000000,99.954
1723021215670000000,99.910
1723021215680000000,100.000
1723021215690000000,99.819
1723021215700000000,100.000
1723021215710000000,99.801
1723021215720000000,100.000
1723021215730000000,99.654
1723021215740000000,99.601
1723021215750000000,100.000
1723021215760000000,100.000
1723021215770000000,99.267
1723021215780000000,100.000
1723021215790000000,100.000
1723021215800000000,100.000
1723021215810000000,99.614
1723021215820000000,100.000
1723021215830000000,99.895
1723021215840000000,100.000
1723021215850000000,100.000
1723021215860000000,99.786
1723021215870000000,100.000
1723021215880000000,99.997
1723021215890000000,100.000
1723021215900000000,100.000
1723021215910000000,100.000
1723021215920000000,100.000
1723021215930000000,99.551
1723021215940000000,99.374
1723021215950000000,100.000
1723021215960000000,99.789
1723021215970000000,100.000
1723021215980000000,100.000
1723021215990000000,100.000
1723021216000000000,99.628
1723021216010000000,100.000
1723021216020000000,100.000
1723021216030000000,99.701
1723021216040000000,99.855
1723021216050000000,99.922
1723021216059999999,100.000
1723021216070000000,99.630
1723021216079999999,99.380
1723021216090000000,100.000
1723021216100000000,99.849
1723021216110000000,99.934
1723021216120000000,99.764
1723021216129999999,99.494
1723021216140000000,100.000
1723021216149999999,99.784
1723021216160000000,100.000
1723021216170000000,100.000
1723021216180000000,100.000
1723021216190000000,100.000
1723021216200000000,100.000
1723021216210000000,100.000
1723021216219999999,100.000
1723021216230000000,100.000
1723021216239999999,99.494
1723021216250000000,100.000
1723021216260000000,99.770
1723021216270000000,100.000
1723021216280000000,99.765
1723021216290000000,99.868
1723021216300000000,100.000
1723021216309999999,100.000
1723021216320000000,100.000
1723021216329999999,99.932
1723021216340000000,100.000
1723021216350000000,99.441
1723021216360000000,99.855
1723021216370000000,100.000
1723021216379999999,100.000
1723021216390000000,99.786
1723021216399999999,100.000
1723021216410000000,100.000
1723021216420000000,99.601
1723021216430000000,100.000
1723021216440000000,100.000
1723021216450000000,99.667
1723021216460000000,100.000
1723021216469999999,99.950
1723021216480000000,99.467
1723021216489999999,100.000
1723021216500000000,100.000
1723021216510000000,100.000
1723021216520000000,100.000
1723021216530000000,100.000
1723021216540000000,100.000
1723021216550000000,99.980
1723021216559999999,99.848
1723021216570000000,99.504
1723021216579999999,99.692
1723021216590000000,100.000
1723021216600000000,99.902
1723021216610000000,100.000
1723021216620000000,100.000
1723021216629999999,100.000
1723021216640000000,100.000
1723021216649999999,100.000
1723021216660000000,100.000
1723021216670000000,100.000
1723021216680000000,99.986
1723021216690000000,99.942
1723021216700000000,99.766
1723021216710000000,99.969
1723021216719999999,100.000
1723021216730000000,99.876
1723021216739999999,99.968
1723021216750000000,99.774
1723021216760000000,99.343
1723021216770000000,99.857
1723021216780000000,100.000
1723021216790000000,99.808
1723021216800000000,99.945
1723021216809999999,100.000
1723021216820000000,99.599
1723021216829999999,100.000
1723021216840000000,100.000
1723021216850000000,100.000
1723021216860000000,100.000
1723021216870000000,99.555
1723021216879999999,99.678
1723021216890000000,99.710
1723021216899999999,100.000
1723021216910000000,99.751
1723021216920000000,99.780
1723021216930000000,100.000
1723021216940000000,100.000
1723021216950000000,99.843
1723021216960000000,100.000
1723021216969999999,100.000
1723021216980000000,99.895
1723021216989999999,100.000
1723021217000000000,100.000
1723021217010000000,99.660
1723021217020000000,100.000
1723021217030000000,100.000
1723021217040000000,99.647
1723021217050000000,100.000
1723021217059999999,100.000
1723021217070000000,99.780
1723021217079999999,99.939
1723021217090000000,99.994
1723021217100000000,99.963
1723021217110000000,99.729
1723021217120000000,100.000
1723021217129999999,99.821
1723021217140000000,99.603
1723021217149999999,99.961
1723021217160000000,100.000
1723021217170000000,99.901
1723021217180000000,100.000
1723021217190000000,99.577
1723021217200000000,99.643
1723021217210000000,100.000
1723021217220000000,100.000
1723021217230000000,100.000
1723021217240000000,100.000
1723021217250000000,100.000
1723021217260000000,100.000
1723021217270000000,100.000
1723021217280000000,99.542
1723021217290000000,100.000
1723021217300000000,100.000
1723021217310000000,100.000
1723021217320000000,100.000
1723021217330000000,99.797
1723021217340000000,100.000
1723021217350000000,100.000
1723021217360000000,100.000
1723021217370000000,99.802
1723021217380000000,99.894
1723021217390000000,100.000
1723021217400000000,100.000
1723021217410000000,99.944
1723021217420000000,100.000
1723021217430000000,99.404
1723021217440000000,100.000
1723021217450000000,100.000
1723021217460000000,99.917
1723021217470000000,99.733
1723021217480000000,99.623
1723021217490000000,100.000
1723021217500000000,100.000
1723021217510000000,99.816
1723021217520000000,99.811
1723021217530000000,100.000
1723021217540000000,100.000
1723021217550000000,100.000
1723021217560000000,100.000
1723021217570000000,99.534
1723021217580000000,100.000
1723021217590000000,99.694
1723021217600000000,99.562
1723021217610000000,100.000
1723021217620000000,99.948
1723021217630000000,100.000
1723021217640000000,100.000
1723021217650000000,100.000
1723021217660000000,99.722
1723021217670000000,100.000
1723021217680000000,100.000
1723021217690000000,100.000
1723021217700000000,100.000
1723021217710000000,99.711
1723021217720000000,100.000
1723021217730000000,100.000
1723021217740000000,99.901
1723021217750000000,100.000
1723021217760000000,99.627
1723021217770000000,99.809
1723021217780000000,99.334
1723021217790000000,99.949
1723021217800000000,100.000
1723021217810000000,99.735
1723021217820000000,99.830
1723021217830000000,100.000
1723021217840000000,99.952
1723021217850000000,100.000
1723021217860000000,99.901
1723021217870000000,99.818
1723021217880000000,99.950
1723021217890000000,100.000
1723021217900000000,99.817
1723021217910000000,99.751
1723021217920000000,100.000
1723021217930000000,99.657
1723021217940000000,100.000
1723021217950000000,99.943
1723021217960000000,99.859
1723021217970000000,99.868
1723021217980000000,99.760
1723021217990000000,99.839
1723021218000000000,99.329
1723021218010000000,100.000
1723021218020000000,100.000
1723021218030000000,100.000
1723021218040000000,99.998
1723021218050000000,99.238
1723021218060000000,99.831
1723021218070000000,100.000
1723021218080000000,99.974
1723021218090000000,100.000
1723021218100000000,100.000
1723021218110000000,99.743
1723021218120000000,99.951
1723021218130000000,99.587
1723021218140000000,100.000
1723021218150000000,100.000
1723021218160000000,99.738
1723021218170000000,99.862
1723021218180000000,99.705
1723021218190000000,100.000
1723021218200000000,99.503
1723021218210000000,100.000
1723021218220000000,99.285
1723021218230000000,99.691
1723021218240000000,100.000
1723021218250000000,99.549
1723021218260000000,99.776
1723021218270000000,99.933
1723021218280000000,100.000
1723021218290000000,99.709
1723021218300000000,99.573
1723021218310000000,100.000
1723021218320000000,99.803
1723021218330000000,100.000
1723021218340000000,99.519
1723021218350000000,99.698
1723021218360000000,99.992
1723021218370000000,99.820
1723021218380000000,99.325
1723021218390000000,99.835
1723021218400000000,99.957
1723021218410000000,99.541
1723021218420000000,100.000
1723021218430000000,99.909
1723021218440000000,100.000
1723021218450000000,100.000
1723021218460000000,100.000
1723021218470000000,100.000
1723021218480000000,100.000
1723021218490000000,100.000
1723021218500000000,100.000
1723021218510000000,100.000
1723021218520000000,99.899
1723021218530000000,99.897
1723021218540000000,100.000
1723021218550000000,100.000
1723021218560000000,99.923
1723021218570000000,100.000
1723021218580000000,99.927
1723021218590000000,99.671
1723021218600000000,99.947
1723021218610000000,99.774
1723021218620000000,100.000
1723021218630000000,99.824
1723021218640000000,100.000
1723021218650000000,100.000
1723021218660000000,100.000
1723021218670000000,100.000
1723021218680000000,99.890
1723021218690000000,100.000
1723021218700000000,99.829
1723021218710000000,100.000
1723021218720000000,100.000
1723021218730000000,99.819
1723021218740000000,100.000
1723021218750000000,100.000
1723021218760000000,100.000
1723021218770000000,99.642
1723021218780000000,100.000
1723021218790000000,100.000
1723021218800000000,99.788
1723021218810000000,99.874
1723021218820000000,100.000
1723021218830000000,99.555
1723021218840000000,99.677
1723021218850000000,100.000
1723021218860000000,99.878
1723021218870000000,99.839
1723021218880000000,100.000
1723021218890000000,99.852
1723021218900000000,100.000
1723021218910000000,99.919
1723021218920000000,100.000
1723021218930000000,99.579
1723021218940000000,99.897
1723021218950000000,100.000
1723021218960000000,100.000
1723021218970000000,99.772
1723021218980000000,100.000
1723021218990000000,99.985
1723021219000000000,100.000
1723021219010000000,100.000
1723021219020000000,99.889
1723021219030000000,99.858
1723021219040000000,99.902
1723021219050000000,99.854
1723021219060000000,100.000
1723021219070000000,99.672
1723021219080000000,99.980
1723021219090000000,99.901
1723021219100000000,100.000
1723021219110000000,100.000
1723021219120000000,99.808
1723021219130000000,100.000
1723021219140000000,99.976
1723021219150000000,99.830
1723021219160000000,100.000
1723021219170000000,100.000
1723021219180000000,99.749
1723021219190000000,99.960
1723021219200000000,100.000
1723021219210000000,99.871
1723021219220000000,100.000
1723021219230000000,100.000
1723021219240000000,99.819
1723021219250000000,99.954
1723021219260000000,100.000
1723021219270000000,100.000
1723021219280000000,100.000
1723021219290000000,99.766
1723021219300000000,99.734
1723021219310000000,99.874
1723021219320000000,100.000
1723021219330000000,99.760
1723021219340000000,100.000
1723021219350000000,99.848
1723021219360000000,100.000
1723021219370000000,99.764
1723021219380000000,99.616
1723021219390000000,100.000
1723021219400000000,100.000
1723021219410000000,100.000
1723021219420000000,100.000
1723021219430000000,100.000
1723021219440000000,100.000
1723021219450000000,100.000
1723021219460000000,99.997
1723021219470000000,99.980
1723021219480000000,99.924
1723021219490000000,100.000
1723021219500000000,100.000
1723021219510000000,99.909
1723021219520000000,99.895
1723021219530000000,100.000
1723021219540000000,99.676
1723021219550000000,99.994
1723021219560000000,100.000
1723021219570000000,100.000
1723021219580000000,100.000
1723021219590000000,100.000
1723021219600000000,99.752
1723021219610000000,100.000
1723021219620000000,99.895
1723021219630000000,100.000
1723021219640000000,99.913
1723021219650000000,99.863
1723021219660000000,99.996
1723021219670000000,100.000
1723021219680000000,99.667
1723021219690000000,100.000
1723021219700000000,100.000
1723021219710000000,100.000
1723021219720000000,100.000
1723021219730000000,100.000
1723021219740000000,100.000
1723021219750000000,100.000
1723021219760000000,99.885
1723021219770000000,100.000
1723021219780000000,99.954
1723021219790000000,99.550
1723021219800000000,100.000
1723021219810000000,99.724
1723021219820000000,100.000
1723021219830000000,100.000
1723021219840000000,100.000
1723021219850000000,99.888
1723021219860000000,100.000
1723021219870000000,100.000
1723021219880000000,99.758
1723021219890000000,99.751
1723021219900000000,99.811
1723021219910000000,100.000
1723021219920000000,99.436
1723021219930000000,100.000
1723021219940000000,99.887
1723021219950000000,100.000
1723021219960000000,100.000
1723021219970000000,100.000
1723021219980000000,100.000
1723021219990000000,99.964
1723021220000000000,99.972
1723021220010000000,100.000
1723021220020000000,99.191
1723021220030000000,100.000
1723021220040000000,100.000
1723021220050000000,100.000
1723021220060000000,100.000
1723021220070000000,99.809
1723021220080000000,100.000
1723021220090000000,100.000
1723021220100000000,99.614
1723021220110000000,100.000
1723021220120000000,100.000
1723021220130000000,100.000
1723021220140000000,100.000
1723021220150000000,100.000
1723021220160000000,100.000
1723021220170000000,100.000
1723021220180000000,99.624
1723021220190000000,99.810
1723021220200000000,100.000
1723021220210000000,99.775
1723021220220000000,100.000
1723021220230000000,100.000
1723021220240000000,100.000
1723021220250000000,100.000
1723021220260000000,100.000
1723021220270000000,99.816
1723021220280000000,99.937
1723021220290000000,100.000
1723021220300000000,99.903
1723021220310000000,99.873
1723021220320000000,99.491
1723021220330000000,99.852
1723021220340000000,100.000
1723021220350000000,99.928
1723021220360000000,99.561
1723021220370000000,100.000
1723021220380000000,99.601
1723021220390000000,100.000
1723021220400000000,99.601
1723021220410000000,99.747
1723021220420000000,100.000
1723021220430000000,100.000
1723021220440000000,99.927
1723021220450000000,100.000
1723021220460000000,100.000
1723021220470000000,100.000
1723021220480000000,100.000
1723021220490000000,99.935
1723021220500000000,100.000
1723021220510000000,100.000
1723021220520000000,99.978
1723021220530000000,99.867
1723021220540000000,100.000
1723021220550000000,100.000
1723021220560000000,100.000
1723021220570000000,100.000
1723021220580000000,99.848
1723021220590000000,100.000
1723021220600000000,99.835
1723021220610000000,100.000
1723021220620000000,100.000
1723021220630000000,100.000
1723021220640000000,100.000
1723021220650000000,100.000
1723021220660000000,100.000
1723021220670000000,100.000
1723021220680000000,99.752
1723021220690000000,99.990
1723021220700000000,99.818
1723021220710000000,99.973
1723021220720000000,100.000
1723021220730000000,100.000
1723021220740000000,99.879
1723021220750000000,99.871
1723021220760000000,100.000
1723021220770000000,99.614
1723021220780000000,100.000
1723021220790000000,99.960
1723021220800000000,99.950
1723021220810000000,100.000
1723021220820000000,99.925
1723021220830000000,100.000
1723021220840000000,100.000
1723021220850000000,99.932
1723021220860000000,99.671
1723021220870000000,100.000
1723021220880000000,99.942
1723021220890000000,100.000
1723021220900000000,100.000
1723021220910000000,99.983
1723021220920000000,99.293
1723021220930000000,100.000
1723021220940000000,99.274
1723021220950000000,99.895
1723021220960000000,100.000
1723021220970000000,99.658
1723021220980000000,100.000
1723021220990000000,100.000
1723021221000000000,99.762
1723021221010000000,99.801
1723021221020000000,99.851
1723021221030000000,99.935
1723021221040000000,100.000
1723021221050000000,99.875
1723021221060000000,100.000
1723021221070000000,99.946
1723021221080000000,99.415
1723021221090000000,99.949
1723021221100000000,100.000
1723021221110000000,99.920
1723021221120000000,99.832
1723021221130000000,100.000
1723021221140000000,99.956
1723021221150000000,100.000
1723021221160000000,99.666
1723021221170000000,100.000
1723021221180000000,100.000
1723021221190000000,100.000
1723021221200000000,100.000
1723021221210000000,100.000
1723021221220000000,99.892
1723021221230000000,99.856
1723021221240000000,99.619
1723021221250000000,99.322
1723021221260000000,99.897
1723021221270000000,100.000
1723021221280000000,99.623
1723021221290000000,99.703
1723021221300000000,99.674
1723021221310000000,99.832
1723021221320000000,99.956
1723021221330000000,99.622
1723021221340000000,99.838
1723021221350000000,99.801
1723021221360000000,100.000
1723021221370000000,100.000
1723021221380000000,100.000
1723021221390000000,99.961
1723021221400000000,100.000
1723021221410000000,100.000
1723021221420000000,100.000
1723021221430000000,99.767
1723021221440000000,99.779
1723021221450000000,100.000
1723021221460000000,100.000
1723021221470000000,100.000
1723021221480000000,100.000
1723021221490000000,100.000
1723021221500000000,99.871
1723021221510000000,99.516
1723021221520000000,100.000
1723021221530000000,99.864
1723021221540000000,99.956
1723021221550000000,100.000
1723021221560000000,99.961
1723021221570000000,99.731
1723021221580000000,100.000
1723021221590000000,99.723
1723021221600000000,99.881
1723021221610000000,99.841
1723021221620000000,100.000
1723021221630000000,99.827
1723021221640000000,99.925
1723021221650000000,99.964
1723021221660000000,99.532
1723021221670000000,99.746
1723021221680000000,100.000
1723021221690000000,99.844
1723021221700000000,100.000
1723021221710000000,100.000
1723021221720000000,99.817
1723021221730000000,99.977
1723021221740000000,100.000
1723021221750000000,99.605
1723021221760000000,100.000
1723021221770000000,99.375
1723021221780000000,99.763
1723021221790000000,100.000
1723021221800000000,99.811
1723021221810000000,99.913
1723021221820000000,99.943
1723021221830000000,100.000
1723021221840000000,99.836
1723021221850000000,100.000
1723021221860000000,100.000
1723021221870000000,99.458
1723021221880000000,100.000
1723021221890000000,100.000
1723021221900000000,99.804
1723021221910000000,100.000
1723021221920000000,100.000
1723021221930000000,100.000
1723021221940000000,100.000
1723021221950000000,99.754
1723021221960000000,99.656
1723021221970000000,100.000
1723021221980000000,99.949
1723021221990000000,99.881
1723021222000000000,77.993
1723021222010000000,78.375
1723021222020000000,78.027
1723021222030000000,77.628
1723021222040000000,78.520
1723021222050000000,78.275
1723021222060000000,78.514
1723021222070000000,78.037
1723021222080000000,78.064
1723021222090000000,78.048
1723021222100000000,77.848
1723021222110000000,77.854
1723021222120000000,77.784
1723021222130000000,78.432
1723021222140000000,77.566
1723021222150000000,78.006
1723021222160000000,78.672
1723021222170000000,78.240
1723021222180000000,78.291
1723021222190000000,78.212
1723021222200000000,78.507
1723021222210000000,78.003
1723021222220000000,77.912
1723021222230000000,78.138
1723021222240000000,78.129
1723021222250000000,77.627
1723021222260000000,77.970
1723021222270000000,77.859
1723021222280000000,78.166
1723021222290000000,78.336
1723021222300000000,77.803
1723021222310000000,78.156
1723021222320000000,77.791
1723021222330000000,77.984
1723021222340000000,77.419
1723021222350000000,78.382
1723021222360000000,77.733
1723021222370000000,77.600
1723021222380000000,78.574
1723021222390000000,78.002
1723021222400000000,77.992
1723021222410000000,78.366
1723021222420000000,77.947
1723021222430000000,78.335
1723021222440000000,78.218
1723021222450000000,78.398
1723021222460000000,77.895
1723021222470000000,77.811
1723021222480000000,77.379
1723021222490000000,78.206
1723021222500000000,77.522
1723021222510000000,77.780
1723021222520000000,77.943
1723021222530000000,78.205
1723021222540000000,77.937
1723021222550000000,77.878
1723021222560000000,78.514
1723021222570000000,77.746
1723021222580000000,77.645
1723021222590000000,78.267
1723021222600000000,78.184
1723021222610000000,78.025
1723021222620000000,78.327
1723021222630000000,77.518
1723021222640000000,77.988
1723021222650000000,77.609
1723021222660000000,77.920
1723021222670000000,77.993
1723021222680000000,78.049
1723021222690000000,78.234
1723021222700000000,78.445
1723021222710000000,78.337
1723021222720000000,77.981
1723021222730000000,77.831
1723021222740000000,77.821
1723021222750000000,78.067
1723021222760000000,78.236
1723021222770000000,78.439
1723021222780000000,78.461
1723021222790000000,78.303
1723021222800000000,77.786
1723021222810000000,78.395
1723021222820000000,78.222
1723021222830000000,77.827
1723021222840000000,77.664
1723021222850000000,77.970
1723021222860000000,78.330
1723021222870000000,77.942
1723021222880000000,78.216
1723021222890000000,78.208
1723021222900000000,77.489
1723021222910000000,78.381
1723021222920000000,77.727
1723021222930000000,78.231
1723021222940000000,78.055
1723021222950000000,78.202
1723021222960000000,77.816
1723021222970000000,77.874
1723021222980000000,77.696
1723021222990000000,77.753
1723021223000000000,77.903
1723021223010000000,77.800
1723021223020000000,78.041
1723021223030000000,78.280
1723021223040000000,78.336
1723021223050000000,78.490
1723021223060000000,77.598
1723021223070000000,77.935
1723021223080000000,77.547
1723021223090000000,78.211
1723021223100000000,78.003
1723021223110000000,78.324
1723021223120000000,78.253
1723021223130000000,78.434
1723021223140000000,77.815
1723021223150000000,78.404
1723021223160000000,78.106
1723021223170000000,77.909
1723021223180000000,77.650
1723021223190000000,77.417
1723021223200000000,77.949
1723021223210000000,77.973
1723021223220000000,78.059
1723021223230000000,77.684
1723021223240000000,78.060
1723021223250000000,78.492
1723021223260000000,78.078
1723021223270000000,77.883
1723021223280000000,77.999
1723021223290000000,78.261
1723021223300000000,78.164
1723021223310000000,78.345
1723021223320000000,77.823
1723021223330000000,77.936
1723021223340000000,77.887
1723021223350000000,78.448
1723021223360000000,77.646
1723021223370000000,78.180
1723021223380000000,77.911
1723021223390000000,77.613
1723021223400000000,77.698
1723021223410000000,78.086
1723021223420000000,77.347
1723021223430000000,78.090
1723021223440000000,78.583
1723021223450000000,77.766
1723021223460000000,78.095
1723021223470000000,78.163
1723021223480000000,77.915
1723021223490000000,77.796
1723021223500000000,77.510
1723021223510000000,77.908
1723021223520000000,77.723
1723021223530000000,77.810
1723021223540000000,77.638
1723021223550000000,77.559
1723021223560000000,78.182
1723021223570000000,78.290
1723021223580000000,78.195
1723021223590000000,77.714
1723021223600000000,77.924
1723021223610000000,78.063
1723021223620000000,77.899
1723021223630000000,77.966
1723021223640000000,77.870
1723021223650000000,78.140
1723021223660000000,77.561
1723021223670000000,77.464
1723021223680000000,78.118
1723021223690000000,77.950
1723021223700000000,78.322
1723021223710000000,77.905
1723021223720000000,77.466
1723021223730000000,78.265
1723021223740000000,78.330
1723021223750000000,77.921
1723021223760000000,77.769
1723021223770000000,77.842
1723021223780000000,78.029
1723021223790000000,77.384
1723021223800000000,77.601
1723021223810000000,77.923
1723021223820000000,77.653
1723021223830000000,78.081
1723021223840000000,77.925
1723021223850000000,78.282
1723021223860000000,78.251
1723021223870000000,77.709
1723021223880000000,78.234
1723021223890000000,77.372
1723021223900000000,77.992
1723021223910000000,77.916
1723021223920000000,78.307
1723021223930000000,77.943
1723021223940000000,78.240
1723021223950000000,78.039
1723021223960000000,77.657
1723021223970000000,77.741
1723021223980000000,78.204
1723021223990000000,78.107
1723021224000000000,78.122
1723021224010000000,78.515
1723021224020000000,77.870
1723021224030000000,78.161
1723021224040000000,77.899
1723021224050000000,78.356
1723021224060000000,77.981
1723021224070000000,78.308
1723021224080000000,77.749
1723021224090000000,78.039
1723021224100000000,78.430
1723021224110000000,77.520
1723021224120000000,78.069
1723021224130000000,78.159
1723021224140000000,78.077
1723021224150000000,78.057
1723021224160000000,77.931
1723021224170000000,77.956
1723021224180000000,77.634
1723021224190000000,77.394
1723021224200000000,78.072
1723021224210000000,77.951
1723021224220000000,77.881
1723021224230000000,77.677
1723021224240000000,77.930
1723021224250000000,78.093
1723021224260000000,78.487
1723021224270000000,77.869
1723021224280000000,78.575
1723021224290000000,78.469
1723021224300000000,77.974
1723021224310000000,78.658
1723021224320000000,77.621
1723021224330000000,78.184
1723021224340000000,78.002
1723021224350000000,78.144
1723021224360000000,77.635
1723021224370000000,77.821
1723021224380000000,77.367
1723021224390000000,77.733
1723021224400000000,77.910
1723021224410000000,77.718
1723021224420000000,77.852
1723021224430000000,77.970
1723021224440000000,77.828
1723021224450000000,78.434
1723021224460000000,77.771
1723021224470000000,78.045
1723021224480000000,77.862
1723021224490000000,77.609
1723021224500000000,78.795
1723021224510000000,77.687
1723021224520000000,77.931
1723021224530000000,77.906
1723021224540000000,78.325
1723021224550000000,77.641
1723021224560000000,78.266
1723021224570000000,78.004
1723021224580000000,78.074
1723021224590000000,77.730
1723021224600000000,77.498
1723021224610000000,78.146
1723021224620000000,78.095
1723021224630000000,77.686
1723021224640000000,77.918
1723021224650000000,78.358
1723021224660000000,77.706
1723021224670000000,77.818
1723021224680000000,78.649
1723021224690000000,78.397
1723021224700000000,77.921
1723021224710000000,77.746
1723021224720000000,77.932
1723021224730000000,77.853
1723021224740000000,77.800
1723021224750000000,77.670
1723021224760000000,78.169
1723021224770000000,77.649
1723021224780000000,78.140
1723021224790000000,77.966
1723021224800000000,77.840
1723021224810000000,78.530
1723021224820000000,78.201
1723021224830000000,78.083
1723021224840000000,77.774
1723021224850000000,78.115
1723021224860000000,77.367
1723021224870000000,77.589
1723021224880000000,77.963
1723021224890000000,78.009
1723021224900000000,77.757
1723021224910000000,78.234
1723021224920000000,77.706
1723021224930000000,78.573
1723021224940000000,78.224
1723021224950000000,78.459
1723021224960000000,78.412
1723021224970000000,78.268
1723021224980000000,77.925
1723021224990000000,77.610
1723021225000000000,78.468
1723021225010000000,78.062
1723021225020000000,77.484
1723021225030000000,77.981
1723021225040000000,77.966
1723021225050000000,78.024
1723021225060000000,77.778
1723021225070000000,78.072
1723021225080000000,78.089
1723021225090000000,78.091
1723021225100000000,77.926
1723021225110000000,78.689
1723021225120000000,78.150
1723021225130000000,77.452
1723021225140000000,78.216
1723021225150000000,78.024
1723021225160000000,77.806
1723021225170000000,78.211
1723021225180000000,78.081
1723021225190000000,77.946
1723021225200000000,78.160
1723021225210000000,77.815
1723021225220000000,77.947
1723021225230000000,78.171
1723021225240000000,77.586
1723021225250000000,78.001
1723021225260000000,78.767
1723021225270000000,78.172
1723021225280000000,77.998
1723021225290000000,77.765
1723021225300000000,77.700
1723021225310000000,77.910
1723021225320000000,78.097
1723021225330000000,78.051
1723021225340000000,78.221
1723021225350000000,77.862
1723021225360000000,77.635
1723021225370000000,77.650
1723021225380000000,77.668
1723021225390000000,78.219
1723021225400000000,78.433
1723021225410000000,77.950
1723021225420000000,78.369
1723021225430000000,77.257
1723021225440000000,77.608
1723021225450000000,78.038
1723021225460000000,78.367
1723021225470000000,77.808
1723021225480000000,77.741
1723021225490000000,77.967
1723021225500000000,78.293
1723021225510000000,77.435
1723021225520000000,77.971
1723021225530000000,78.008
1723021225540000000,78.313
1723021225550000000,78.046
1723021225560000000,77.751
1723021225570000000,77.931
1723021225580000000,77.929
1723021225590000000,78.282
1723021225600000000,77.630
1723021225610000000,77.894
1723021225620000000,78.618
1723021225630000000,78.390
1723021225640000000,77.808
1723021225650000000,77.574
1723021225660000000,77.689
1723021225670000000,78.112
1723021225680000000,77.334
1723021225690000000,78.535
1723021225700000000,78.323
1723021225710000000,78.020
1723021225720000000,78.423
1723021225730000000,78.695
1723021225740000000,77.883
1723021225750000000,78.521
1723021225760000000,78.292
1723021225770000000,78.668
1723021225780000000,78.344
1723021225790000000,77.968
1723021225800000000,78.632
1723021225810000000,78.224
1723021225820000000,77.835
1723021225830000000,78.449
1723021225840000000,77.934
1723021225850000000,78.116
1723021225860000000,78.398
1723021225870000000,78.252
1723021225880000000,78.276
1723021225890000000,77.580
1723021225900000000,77.779
1723021225910000000,78.208
1723021225920000000,77.420
1723021225930000000,78.005
1723021225940000000,78.218
1723021225950000000,77.651
1723021225960000000,78.425
1723021225970000000,78.565
1723021225980000000,78.194
1723021225990000000,77.612
1723021226000000000,78.177
1723021226010000000,77.942
1723021226020000000,77.535
1723021226030000000,76.612
1723021226040000000,76.087
1723021226050000000,76.081
1723021226060000000,75.645
1723021226070000000,75.201
1723021226080000000,74.880
1723021226090000000,74.304
1723021226100000000,74.218
1723021226110000000,73.672
1723021226120000000,73.223
1723021226130000000,72.945
1723021226140000000,72.712
1723021226150000000,71.948
1723021226160000000,71.821
1723021226170000000,71.556
1723021226180000000,71.308
1723021226190000000,70.933
1723021226200000000,70.250
1723021226210000000,69.537
1723021226220000000,68.660
1723021226230000000,68.743
1723021226240000000,68.871
1723021226250000000,68.598
1723021226260000000,67.549
1723021226270000000,67.843
1723021226280000000,66.845
1723021226290000000,67.043
1723021226300000000,66.059
1723021226310000000,65.991
1723021226320000000,66.081
1723021226330000000,65.122
1723021226340000000,64.487
1723021226350000000,64.781
1723021226360000000,64.019
1723021226370000000,63.481
1723021226380000000,63.357
1723021226390000000,62.705
1723021226400000000,62.810
1723021226410000000,62.143
1723021226420000000,61.755
1723021226430000000,60.947
1723021226440000000,60.475
1723021226450000000,60.519
1723021226460000000,60.108
1723021226470000000,60.076
1723021226480000000,58.809
1723021226490000000,59.085
1723021226500000000,58.873
1723021226510000000,58.000
1723021226520000000,57.171
1723021226530000000,57.257
1723021226540000000,56.994
1723021226550000000,56.635
1723021226560000000,56.402
1723021226570000000,56.145
1723021226580000000,55.604
1723021226590000000,54.916
1723021226600000000,54.944
1723021226610000000,53.831
1723021226620000000,54.492
1723021226630000000,53.107
1723021226640000000,53.462
1723021226650000000,52.642
1723021226660000000,52.382
1723021226670000000,52.052
1723021226680000000,51.475
1723021226690000000,51.280
1723021226700000000,50.851
1723021226710000000,50.388
1723021226720000000,50.193
1723021226730000000,49.303
1723021226740000000,48.798
1723021226750000000,48.624
1723021226760000000,48.883
1723021226770000000,48.275
1723021226780000000,47.810
1723021226790000000,46.734
1723021226800000000,46.403
1723021226810000000,46.500
1723021226820000000,45.923
1723021226830000000,45.511
1723021226840000000,45.299
1723021226850000000,44.747
1723021226860000000,44.750
1723021226870000000,44.043
1723021226880000000,43.787
1723021226890000000,43.420
1723021226900000000,43.368
1723021226910000000,42.544
1723021226920000000,42.162
1723021226930000000,41.810
1723021226940000000,41.196
1723021226950000000,40.843
1723021226960000000,40.247
1723021226970000000,40.068
1723021226980000000,39.331
1723021226990000000,39.196
1723021227000000000,38.629
1723021227010000000,38.891
1723021227020000000,37.985
1723021227030000000,38.224
1723021227040000000,37.000
1723021227050000000,36.736
1723021227060000000,37.075
1723021227070000000,36.498
1723021227080000000,35.986
1723021227090000000,35.053
1723021227100000000,34.898
1723021227110000000,34.965
1723021227120000000,34.337
1723021227130000000,33.873
1723021227140000000,33.622
1723021227150000000,33.406
1723021227160000000,32.829
1723021227170000000,32.061
1723021227180000000,31.980
1723021227190000000,31.864
1723021227200000000,31.094
1723021227210000000,30.859
1723021227220000000,30.331
1723021227230000000,29.417
1723021227240000000,29.732
1723021227250000000,29.680
1723021227260000000,28.550
1723021227270000000,28.208
1723021227280000000,27.948
1723021227290000000,27.645
1723021227300000000,27.477
1723021227310000000,26.507
1723021227320000000,26.305
1723021227330000000,25.449
1723021227340000000,25.690
1723021227350000000,25.378
1723021227360000000,24.476
1723021227370000000,24.632
1723021227380000000,24.179
1723021227390000000,23.760
1723021227400000000,23.444
1723021227410000000,22.593
1723021227420000000,22.737
1723021227430000000,22.055
1723021227440000000,21.656
1723021227450000000,21.345
1723021227460000000,21.029
1723021227470000000,20.521
1723021227480000000,20.813
1723021227490000000,19.646
1723021227500000000,19.806
1723021227510000000,19.318
1723021227520000000,18.959
1723021227530000000,18.737
1723021227540000000,18.397
1723021227550000000,17.795
1723021227560000000,17.089
1723021227570000000,16.303
1723021227580000000,16.375
1723021227590000000,15.555
1723021227600000000,16.046
1723021227610000000,15.357
1723021227620000000,14.990
1723021227630000000,14.344
1723021227640000000,14.150
1723021227650000000,13.658
1723021227660000000,13.738
1723021227670000000,12.676
1723021227680000000,12.489
1723021227690000000,11.680
1723021227700000000,12.209
1723021227710000000,11.224
1723021227720000000,10.802
1723021227730000000,10.409
1723021227740000000,9.650
1723021227750000000,10.088
1723021227760000000,8.918
1723021227770000000,8.644
1723021227780000000,8.634
1723021227790000000,8.213
1723021227800000000,7.854
1723021227810000000,7.286
1723021227820000000,7.556
1723021227830000000,6.800
1723021227840000000,6.218
1723021227850000000,5.754
1723021227860000000,5.243
1723021227870000000,5.716
1723021227880000000,5.287
1723021227890000000,4.670
1723021227900000000,4.082
1723021227910000000,3.761
1723021227920000000,3.179
1723021227930000000,2.659
1723021227940000000,2.307
1723021227950000000,2.245
1723021227960000000,1.423
1723021227970000000,1.338
1723021227980000000,0.367
1723021227990000000,0.256
1723021228000000000,5.069
1723021228010000000,4.885
1723021228020000000,4.799
1723021228030000000,4.844
1723021228040000000,4.665
1723021228050000000,4.573
1723021228060000000,4.601
1723021228070000000,4.414
1723021228080000000,4.231
1723021228090000000,4.246
1723021228100000000,4.230
1723021228110000000,4.340
1723021228120000000,4.242
1723021228130000000,4.124
1723021228140000000,3.836
1723021228150000000,4.089
1723021228160000000,3.758
1723021228170000000,3.787
1723021228180000000,3.675
1723021228190000000,3.759
1723021228200000000,3.591
1723021228210000000,3.512
1723021228220000000,3.555
1723021228230000000,3.594
1723021228240000000,3.497
1723021228250000000,3.474
1723021228260000000,3.230
1723021228270000000,3.450
1723021228280000000,3.392
1723021228290000000,3.105
1723021228300000000,3.244
1723021228310000000,3.206
1723021228320000000,3.177
1723021228330000000,3.068
1723021228340000000,2.963
1723021228350000000,2.818
1723021228360000000,3.107
1723021228370000000,2.874
1723021228380000000,2.722
1723021228390000000,2.620
1723021228400000000,2.751
1723021228410000000,2.642
1723021228420000000,2.625
1723021228430000000,2.758
1723021228440000000,2.341
1723021228450000000,2.522
1723021228460000000,2.544
1723021228470000000,2.504
1723021228480000000,2.445
1723021228490000000,2.538
1723021228500000000,2.318
1723021228510000000,2.374
1723021228520000000,2.246
1723021228530000000,2.478
1723021228540000000,2.252
1723021228550000000,2.152
1723021228560000000,2.141
1723021228570000000,2.256
1723021228580000000,2.059
1723021228590000000,1.891
1723021228600000000,1.936
1723021228610000000,1.838
1723021228620000000,1.890
1723021228630000000,1.822
1723021228640000000,1.645
1723021228650000000,1.912
1723021228660000000,1.977
1723021228670000000,1.653
1723021228680000000,2.011
1723021228690000000,1.631
1723021228700000000,1.820
1723021228710000000,1.714
1723021228720000000,1.649
1723021228730000000,1.671
1723021228740000000,1.529
1723021228750000000,1.668
1723021228760000000,1.700
1723021228770000000,1.677
1723021228780000000,1.608
1723021228790000000,1.417
1723021228800000000,1.463
1723021228810000000,1.481
1723021228820000000,1.204
1723021228830000000,1.436
1723021228840000000,1.705
1723021228850000000,1.278
1723021228860000000,1.228
1723021228870000000,1.404
1723021228880000000,1.211
1723021228890000000,1.148
1723021228900000000,1.349
1723021228910000000,1.270
1723021228920000000,1.384
1723021228930000000,1.213
1723021228940000000,1.209
1723021228950000000,1.050
1723021228960000000,1.319
1723021228970000000,1.500
1723021228980000000,1.310
1723021228990000000,1.225
1723021229000000000,1.264
1723021229010000000,1.076
1723021229020000000,1.040
1723021229030000000,1.135
1723021229040000000,0.989
1723021229050000000,1.019
1723021229060000000,1.102
1723021229070000000,0.943
1723021229080000000,1.101
1723021229090000000,0.724
1723021229100000000,0.977
1723021229110000000,0.980
1723021229120000000,0.983
1723021229130000000,0.853
1723021229140000000,0.932
1723021229150000000,0.950
1723021229160000000,0.958
1723021229170000000,1.139
1723021229180000000,0.888
1723021229190000000,0.733
1723021229200000000,0.788
1723021229210000000,0.841
1723021229220000000,0.901
1723021229230000000,1.200
1723021229240000000,0.634
1723021229250000000,0.591
1723021229260000000,0.704
1723021229270000000,0.874
1723021229280000000,0.642
1723021229290000000,0.859
1723021229300000000,0.776
1723021229310000000,0.641
1723021229320000000,0.880
1723021229330000000,0.685
1723021229340000000,0.749
1723021229350000000,0.599
1723021229360000000,0.480
1723021229370000000,0.633
1723021229380000000,0.813
1723021229390000000,0.611
1723021229400000000,0.469
1723021229410000000,0.559
1723021229420000000,0.572
1723021229430000000,0.687
1723021229440000000,0.906
1723021229450000000,0.689
1723021229460000000,0.690
1723021229470000000,0.810
1723021229480000000,0.533
1723021229490000000,0.557
1723021229500000000,0.522
1723021229510000000,0.442
1723021229520000000,0.483
1723021229530000000,0.604
1723021229540000000,0.372
1723021229550000000,0.598
1723021229560000000,0.630
1723021229570000000,0.415
1723021229580000000,0.695
1723021229590000000,0.448
1723021229600000000,0.564
1723021229610000000,0.394
1723021229620000000,0.555
1723021229630000000,0.438
1723021229640000000,0.405
1723021229650000000,0.483
1723021229660000000,0.455
1723021229670000000,0.384
1723021229680000000,0.350
1723021229690000000,0.357
1723021229700000000,0.587
1723021229710000000,0.487
1723021229720000000,0.390
1723021229730000000,0.331
1723021229740000000,0.448
1723021229750000000,0.485
1723021229760000000,0.306
1723021229770000000,0.257
1723021229780000000,0.400
1723021229790000000,0.306
1723021229800000000,0.333
1723021229810000000,0.392
1723021229820000000,0.268
1723021229830000000,0.233
1723021229840000000,0.466
1723021229850000000,0.367
1723021229860000000,0.098
1723021229870000000,0.340
1723021229880000000,0.337
1723021229890000000,0.263
1723021229900000000,0.433
1723021229910000000,0.279
1723021229920000000,0.354
1723021229930000000,0.252
1723021229940000000,0.227
1723021229950000000,0.272
1723021229960000000,0.210
1723021229970000000,0.235
1723021229980000000,0.208
1723021229990000000,0.251
