timestamp_ns,value_kN
1724058000000000000,0.000
1724058000010000000,0.000
1724058000020000000,0.000
1724058000030000000,0.000
1724058000040000000,0.134
1724058000050000000,0.000
1724058000060000000,0.000
1724058000070000000,0.011
1724058000080000000,0.000
1724058000090000000,0.000
1724058000100000000,0.006
1724058000110000000,0.000
1724058000120000000,0.000
1724058000130000000,0.095
1724058000140000000,0.059
1724058000150000000,0.000
1724058000160000000,0.000
1724058000170000000,0.000
1724058000180000000,0.178
1724058000190000000,0.000
1724058000200000000,0.000
1724058000210000000,0.019
1724058000220000000,0.000
1724058000230000000,0.065
1724058000240000000,0.000
1724058000250000000,0.008
1724058000260000000,0.182
1724058000270000000,0.000
1724058000280000000,0.046
1724058000290000000,0.038
1724058000300000000,0.000
1724058000310000000,0.072
1724058000320000000,0.011
1724058000330000000,0.045
1724058000340000000,0.054
1724058000350000000,0.000
1724058000360000000,0.049
1724058000370000000,0.000
1724058000380000000,0.111
1724058000390000000,0.024
1724058000400000000,0.000
1724058000410000000,0.000
1724058000420000000,0.127
1724058000430000000,0.000
1724058000440000000,0.037
1724058000450000000,0.017
1724058000460000000,0.000
1724058000470000000,0.115
1724058000480000000,0.044
1724058000490000000,0.018
1724058000500000000,0.000
1724058000510000000,0.000
1724058000520000000,0.000
1724058000530000000,0.285
1724058000540000000,0.000
1724058000550000000,0.000
1724058000560000000,0.000
1724058000570000000,0.000
1724058000580000000,0.044
1724058000590000000,0.000
1724058000600000000,0.010
1724058000610000000,0.000
1724058000620000000,0.132
1724058000630000000,0.074
1724058000640000000,0.000
1724058000650000000,0.214
1724058000660000000,0.083
1724058000670000000,0.000
1724058000680000000,0.037
1724058000690000000,0.175
1724058000700000000,0.000
1724058000710000000,0.245
1724058000720000000,0.000
1724058000730000000,0.000
1724058000740000000,0.000
1724058000750000000,0.000
1724058000760000000,0.000
1724058000770000000,0.057
1724058000780000000,0.000
1724058000790000000,0.134
1724058000800000000,0.136
1724058000810000000,0.062
1724058000820000000,0.000
1724058000830000000,0.068
1724058000840000000,0.000
1724058000850000000,0.030
1724058000860000000,0.118
1724058000870000000,0.000
1724058000880000000,0.000
1724058000890000000,0.000
1724058000900000000,0.046
1724058000910000000,0.088
1724058000920000000,0.000
1724058000930000000,0.124
1724058000940000000,0.102
1724058000950000000,0.022
1724058000960000000,0.213
1724058000970000000,0.082
1724058000980000000,0.000
1724058000990000000,0.100
1724058001000000000,0.126
1724058001010000000,0.000
1724058001020000000,0.000
1724058001030000000,0.000
1724058001040000000,0.000
1724058001050000000,0.015
1724058001060000000,0.000
1724058001070000000,0.183
1724058001080000000,0.096
1724058001090000000,0.033
1724058001100000000,0.000
1724058001110000000,0.109
1724058001120000000,0.006
1724058001130000000,0.091
1724058001140000000,0.072
1724058001150000000,0.002
1724058001160000000,0.151
1724058001170000000,0.000
1724058001180000000,0.073
1724058001190000000,0.000
1724058001200000000,0.000
1724058001210000000,0.000
1724058001220000000,0.168
1724058001230000000,0.000
1724058001240000000,0.192
1724058001250000000,0.010
1724058001260000000,0.000
1724058001270000000,0.047
1724058001280000000,0.000
1724058001290000000,0.000
1724058001300000000,0.000
1724058001310000000,0.000
1724058001320000000,0.000
1724058001330000000,0.000
1724058001340000000,0.002
1724058001350000000,0.119
1724058001360000000,0.000
1724058001370000000,0.000
1724058001380000000,0.162
1724058001390000000,0.000
1724058001400000000,0.168
1724058001410000000,0.062
1724058001420000000,0.000
1724058001430000000,0.027
1724058001440000000,0.034
1724058001450000000,0.000
1724058001460000000,0.110
1724058001470000000,0.088
1724058001480000000,0.133
1724058001490000000,0.008
1724058001500000000,0.289
1724058001510000000,0.000
1724058001520000000,0.049
1724058001530000000,0.000
1724058001540000000,0.012
1724058001550000000,0.000
1724058001560000000,0.064
1724058001570000000,0.003
1724058001580000000,0.000
1724058001590000000,0.085
1724058001600000000,0.000
1724058001610000000,0.102
1724058001620000000,0.029
1724058001630000000,0.075
1724058001640000000,0.068
1724058001650000000,0.010
1724058001660000000,0.000
1724058001670000000,0.000
1724058001680000000,0.000
1724058001690000000,0.000
1724058001700000000,0.000
1724058001710000000,0.026
1724058001720000000,0.104
1724058001730000000,0.000
1724058001740000000,0.023
1724058001750000000,0.117
1724058001760000000,0.000
1724058001770000000,0.000
1724058001780000000,0.275
1724058001790000000,0.023
1724058001800000000,0.178
1724058001810000000,0.000
1724058001820000000,0.067
1724058001830000000,0.000
1724058001840000000,0.000
1724058001850000000,0.000
1724058001860000000,0.000
1724058001870000000,0.127
1724058001880000000,0.000
1724058001890000000,0.000
1724058001900000000,0.000
1724058001910000000,0.000
1724058001920000000,0.035
1724058001930000000,0.000
1724058001940000000,0.000
1724058001950000000,0.123
1724058001960000000,0.000
1724058001970000000,0.000
1724058001980000000,0.049
1724058001990000000,0.000
1724058002000000000,0.000
1724058002009999999,0.482
1724058002020000000,0.237
1724058002029999999,0.000
1724058002040000000,0.197
1724058002049999999,0.827
1724058002060000000,0.564
1724058002069999999,0.597
1724058002080000000,0.099
1724058002089999999,0.292
1724058002100000000,0.781
1724058002109999999,0.899
1724058002120000000,0.487
1724058002130000000,0.848
1724058002140000000,1.442
1724058002150000000,1.743
1724058002160000000,1.102
1724058002170000000,1.088
1724058002180000000,1.117
1724058002190000000,1.749
1724058002200000000,1.475
1724058002210000000,1.220
1724058002220000000,1.098
1724058002230000000,2.140
1724058002240000000,1.740
1724058002250000000,1.414
1724058002260000000,1.712
1724058002270000000,2.022
1724058002280000000,2.616
1724058002290000000,2.166
1724058002300000000,2.210
1724058002310000000,2.294
1724058002320000000,2.257
1724058002330000000,2.607
1724058002340000000,2.160
1724058002350000000,2.759
1724058002360000000,2.268
1724058002370000000,3.645
1724058002380000000,2.450
1724058002390000000,2.530
1724058002400000000,2.965
1724058002410000000,3.175
1724058002420000000,3.613
1724058002430000000,2.706
1724058002440000000,3.194
1724058002450000000,2.839
1724058002460000000,3.767
1724058002470000000,4.080
1724058002480000000,3.865
1724058002490000000,3.446
1724058002500000000,4.368
1724058002510000000,3.674
1724058002520000000,4.151
1724058002530000000,3.937
1724058002540000000,3.504
1724058002550000000,4.175
1724058002560000000,4.597
1724058002570000000,4.751
1724058002580000000,4.140
1724058002590000000,4.754
1724058002600000000,4.337
1724058002610000000,4.521
1724058002620000000,4.987
1724058002630000000,4.374
1724058002640000000,4.302
1724058002650000000,4.997
1724058002660000000,4.950
1724058002670000000,5.014
1724058002680000000,5.033
1724058002690000000,5.101
1724058002700000000,5.050
1724058002710000000,5.040
1724058002720000000,5.918
1724058002730000000,5.169
1724058002740000000,6.174
1724058002750000000,6.119
1724058002760000000,5.815
1724058002770000000,6.352
1724058002780000000,6.281
1724058002790000000,5.894
1724058002800000000,5.968
1724058002810000000,5.906
1724058002820000000,6.111
1724058002830000000,6.046
1724058002840000000,6.319
1724058002850000000,6.617
1724058002860000000,6.237
1724058002870000000,7.379
1724058002880000000,6.306
1724058002890000000,6.788
1724058002900000000,6.988
1724058002910000000,6.848
1724058002920000000,6.825
1724058002930000000,7.010
1724058002940000000,6.987
1724058002950000000,7.113
1724058002960000000,6.745
1724058002970000000,6.738
1724058002980000000,7.122
1724058002990000000,7.777
1724058003000000000,8.177
1724058003010000000,8.123
1724058003020000000,8.444
1724058003030000000,8.071
1724058003040000000,8.476
1724058003050000000,8.155
1724058003060000000,8.695
1724058003070000000,8.033
1724058003080000000,8.489
1724058003090000000,8.499
1724058003100000000,8.906
1724058003110000000,8.297
1724058003120000000,8.322
1724058003130000000,8.500
1724058003140000000,8.091
1724058003150000000,8.090
1724058003160000000,8.252
1724058003170000000,8.199
1724058003180000000,8.628
1724058003190000000,8.168
1724058003200000000,8.292
1724058003210000000,8.757
1724058003220000000,8.584
1724058003230000000,8.611
1724058003240000000,8.642
1724058003250000000,8.666
1724058003260000000,8.381
1724058003270000000,8.322
1724058003280000000,8.655
1724058003290000000,8.312
1724058003300000000,8.053
1724058003310000000,8.646
1724058003320000000,7.999
1724058003330000000,8.114
1724058003340000000,8.377
1724058003350000000,8.010
1724058003360000000,8.492
1724058003370000000,8.320
1724058003380000000,8.976
1724058003390000000,8.470
1724058003400000000,9.069
1724058003410000000,8.204
1724058003420000000,8.630
1724058003430000000,8.896
1724058003440000000,8.864
1724058003450000000,8.727
1724058003460000000,8.318
1724058003470000000,8.611
1724058003480000000,8.638
1724058003490000000,9.028
1724058003500000000,8.554
1724058003510000000,8.637
1724058003520000000,9.376
1724058003530000000,8.789
1724058003540000000,9.670
1724058003550000000,8.917
1724058003560000000,8.606
1724058003570000000,9.192
1724058003580000000,9.419
1724058003590000000,9.451
1724058003600000000,8.937
1724058003610000000,9.049
1724058003620000000,8.388
1724058003630000000,9.034
1724058003640000000,9.636
1724058003650000000,8.880
1724058003660000000,9.121
1724058003670000000,8.998
1724058003680000000,9.125
1724058003690000000,8.928
1724058003700000000,9.082
1724058003710000000,8.890
1724058003720000000,9.294
1724058003730000000,8.814
1724058003740000000,9.341
1724058003750000000,9.333
1724058003760000000,9.159
1724058003770000000,8.922
1724058003780000000,9.964
1724058003790000000,9.291
1724058003800000000,9.037
1724058003810000000,8.590
1724058003820000000,9.184
1724058003830000000,9.757
1724058003840000000,9.608
1724058003850000000,9.424
1724058003860000000,9.372
1724058003870000000,9.476
1724058003880000000,9.567
1724058003890000000,9.749
1724058003900000000,9.693
1724058003910000000,9.246
1724058003920000000,9.912
1724058003930000000,9.670
1724058003940000000,9.457
1724058003950000000,9.674
1724058003960000000,9.788
1724058003970000000,9.355
1724058003980000000,9.656
1724058003990000000,9.697
1724058004000000000,10.419
1724058004010000000,10.093
1724058004019999999,9.574
1724058004030000000,10.153
1724058004040000000,9.719
1724058004050000000,10.421
1724058004059999999,9.503
1724058004070000000,10.250
1724058004080000000,10.517
1724058004090000000,9.774
1724058004099999999,9.693
1724058004110000000,10.220
1724058004120000000,10.147
1724058004130000000,9.808
1724058004139999999,10.119
1724058004150000000,10.597
1724058004160000000,10.473
1724058004170000000,10.452
1724058004179999999,10.325
1724058004190000000,10.370
1724058004200000000,10.880
1724058004210000000,11.053
1724058004219999999,10.452
1724058004230000000,9.943
1724058004240000000,11.004
1724058004250000000,10.679
1724058004260000000,10.330
1724058004269999999,10.876
1724058004280000000,10.585
1724058004290000000,10.292
1724058004300000000,11.018
1724058004310000000,10.476
1724058004320000000,10.538
1724058004330000000,10.922
1724058004340000000,10.777
1724058004350000000,11.558
1724058004360000000,10.769
1724058004370000000,10.785
1724058004380000000,11.212
1724058004390000000,10.977
1724058004400000000,11.438
1724058004410000000,11.201
1724058004420000000,11.012
1724058004430000000,11.409
1724058004440000000,11.226
1724058004450000000,11.360
1724058004460000000,11.170
1724058004470000000,11.697
1724058004480000000,11.176
1724058004490000000,11.473
1724058004500000000,11.828
1724058004510000000,11.262
1724058004520000000,10.893
1724058004530000000,11.760
1724058004540000000,12.245
1724058004550000000,11.932
1724058004560000000,11.570
1724058004570000000,11.660
1724058004580000000,11.345
1724058004590000000,11.786
1724058004600000000,11.930
1724058004610000000,11.762
1724058004620000000,12.146
1724058004630000000,12.303
1724058004640000000,12.023
1724058004650000000,12.305
1724058004660000000,12.354
1724058004670000000,12.604
1724058004680000000,12.439
1724058004690000000,12.587
1724058004700000000,12.437
1724058004710000000,12.801
1724058004720000000,12.520
1724058004730000000,12.734
1724058004740000000,13.180
1724058004750000000,12.696
1724058004760000000,12.295
1724058004770000000,12.259
1724058004780000000,12.639
1724058004790000000,12.938
1724058004800000000,13.856
1724058004810000000,13.155
1724058004820000000,12.745
1724058004830000000,13.251
1724058004840000000,13.284
1724058004850000000,13.300
1724058004860000000,13.095
1724058004870000000,13.671
1724058004880000000,13.173
1724058004890000000,13.172
1724058004900000000,12.997
1724058004910000000,13.297
1724058004920000000,13.866
1724058004930000000,13.424
1724058004940000000,13.714
1724058004950000000,14.215
1724058004960000000,13.368
1724058004970000000,14.146
1724058004980000000,13.552
1724058004990000000,14.075
1724058005000000000,13.499
1724058005010000000,14.280
1724058005020000000,14.134
1724058005030000000,14.260
1724058005040000000,13.594
1724058005050000000,13.990
1724058005060000000,14.255
1724058005070000000,14.550
1724058005080000000,14.081
1724058005090000000,14.126
1724058005100000000,14.510
1724058005110000000,14.725
1724058005120000000,14.758
1724058005130000000,14.621
1724058005140000000,14.940
1724058005150000000,14.897
1724058005160000000,14.212
1724058005170000000,15.169
1724058005180000000,15.129
1724058005190000000,15.062
1724058005200000000,15.728
1724058005210000000,15.445
1724058005220000000,15.188
1724058005230000000,15.011
1724058005240000000,15.153
1724058005250000000,15.737
1724058005260000000,15.593
1724058005270000000,15.868
1724058005280000000,15.142
1724058005290000000,15.562
1724058005300000000,15.831
1724058005310000000,16.217
1724058005320000000,15.506
1724058005330000000,15.529
1724058005340000000,16.005
1724058005350000000,15.461
1724058005360000000,15.985
1724058005370000000,16.113
1724058005380000000,16.167
1724058005390000000,16.116
1724058005400000000,15.878
1724058005410000000,16.245
1724058005420000000,15.909
1724058005430000000,16.546
1724058005440000000,16.278
1724058005450000000,17.096
1724058005460000000,16.156
1724058005470000000,16.423
1724058005480000000,16.369
1724058005490000000,16.758
1724058005500000000,16.534
1724058005510000000,17.317
1724058005520000000,16.485
1724058005530000000,17.537
1724058005540000000,16.902
1724058005550000000,17.152
1724058005560000000,17.274
1724058005570000000,17.529
1724058005580000000,17.667
1724058005590000000,16.874
1724058005600000000,17.236
1724058005610000000,17.478
1724058005620000000,17.790
1724058005630000000,17.607
1724058005640000000,18.048
1724058005650000000,16.957
1724058005660000000,17.653
1724058005670000000,18.105
1724058005680000000,16.735
1724058005690000000,17.838
1724058005700000000,18.375
1724058005710000000,18.170
1724058005720000000,18.497
1724058005730000000,18.358
1724058005740000000,17.779
1724058005750000000,18.493
1724058005760000000,18.538
1724058005770000000,17.852
1724058005780000000,18.160
1724058005790000000,18.131
1724058005800000000,18.520
1724058005810000000,18.620
1724058005820000000,18.367
1724058005830000000,18.812
1724058005840000000,19.545
1724058005850000000,18.399
1724058005860000000,19.148
1724058005870000000,19.396
1724058005880000000,19.152
1724058005890000000,18.876
1724058005900000000,18.932
1724058005910000000,18.930
1724058005920000000,19.174
1724058005930000000,18.768
1724058005940000000,19.639
1724058005950000000,19.284
1724058005960000000,19.595
1724058005970000000,19.586
1724058005980000000,19.258
1724058005990000000,19.703
1724058006000000000,19.343
1724058006010000000,19.770
1724058006020000000,19.511
1724058006030000000,19.347
1724058006040000000,19.811
1724058006050000000,19.894
1724058006060000000,19.684
1724058006070000000,19.739
1724058006080000000,19.908
1724058006090000000,20.564
1724058006100000000,19.697
1724058006110000000,20.266
1724058006120000000,20.547
1724058006130000000,20.333
1724058006140000000,19.600
1724058006150000000,19.974
1724058006160000000,20.199
1724058006170000000,20.294
1724058006180000000,20.052
1724058006190000000,20.100
1724058006200000000,20.143
1724058006210000000,20.649
1724058006220000000,20.462
1724058006230000000,20.798
1724058006240000000,21.338
1724058006250000000,20.329
1724058006260000000,20.967
1724058006270000000,21.141
1724058006280000000,20.830
1724058006290000000,21.140
1724058006300000000,20.683
1724058006310000000,20.782
1724058006320000000,21.673
1724058006330000000,21.245
1724058006340000000,20.953
1724058006350000000,20.908
1724058006360000000,21.376
1724058006370000000,21.521
1724058006380000000,20.906
1724058006390000000,21.005
1724058006400000000,21.589
1724058006410000000,21.617
1724058006420000000,21.318
1724058006430000000,21.475
1724058006440000000,21.834
1724058006450000000,21.478
1724058006460000000,21.084
1724058006470000000,21.842
1724058006480000000,21.935
1724058006490000000,21.262
1724058006500000000,21.469
1724058006510000000,21.537
1724058006520000000,22.392
1724058006530000000,22.212
1724058006540000000,22.188
1724058006550000000,21.713
1724058006560000000,21.951
1724058006570000000,21.882
1724058006580000000,21.900
1724058006590000000,22.046
1724058006600000000,21.654
1724058006610000000,21.817
1724058006620000000,22.083
1724058006630000000,22.314
1724058006640000000,22.462
1724058006650000000,22.058
1724058006660000000,22.341
1724058006670000000,22.365
1724058006680000000,22.364
1724058006690000000,21.600
1724058006700000000,22.674
1724058006710000000,21.929
1724058006720000000,22.484
1724058006730000000,22.267
1724058006740000000,22.462
1724058006750000000,22.094
1724058006760000000,22.941
1724058006770000000,22.339
1724058006780000000,22.553
1724058006790000000,22.355
1724058006800000000,22.186
1724058006810000000,22.676
1724058006820000000,22.566
1724058006830000000,22.722
1724058006840000000,22.811
1724058006850000000,22.522
1724058006860000000,22.813
1724058006870000000,22.702
1724058006880000000,23.135
1724058006890000000,23.405
1724058006900000000,22.710
1724058006910000000,22.619
1724058006920000000,22.814
1724058006930000000,22.970
1724058006940000000,22.699
1724058006950000000,22.989
1724058006960000000,22.987
1724058006970000000,22.926
1724058006980000000,23.022
1724058006990000000,23.446
1724058007000000000,23.253
1724058007010000000,22.959
1724058007020000000,23.112
1724058007030000000,23.443
1724058007040000000,23.575
1724058007050000000,22.959
1724058007060000000,23.170
1724058007070000000,23.324
1724058007080000000,23.886
1724058007090000000,23.609
1724058007100000000,23.521
1724058007110000000,24.068
1724058007120000000,22.718
1724058007130000000,23.064
1724058007140000000,23.016
1724058007150000000,23.255
1724058007160000000,23.316
1724058007170000000,23.189
1724058007180000000,23.712
1724058007190000000,23.227
1724058007200000000,23.584
1724058007210000000,23.415
1724058007220000000,23.848
1724058007230000000,23.995
1724058007240000000,23.487
1724058007250000000,23.916
1724058007260000000,22.988
1724058007270000000,23.806
1724058007280000000,24.086
1724058007290000000,24.018
1724058007300000000,23.740
1724058007310000000,22.936
1724058007320000000,23.300
1724058007330000000,23.750
1724058007340000000,23.594
1724058007350000000,24.007
1724058007360000000,24.157
1724058007370000000,24.285
1724058007380000000,24.043
1724058007390000000,23.742
1724058007400000000,24.112
1724058007410000000,23.984
1724058007420000000,24.295
1724058007430000000,24.127
1724058007440000000,23.670
1724058007450000000,24.860
1724058007460000000,23.804
1724058007470000000,23.953
1724058007480000000,24.125
1724058007490000000,23.879
1724058007500000000,24.042
1724058007510000000,23.646
1724058007520000000,23.474
1724058007530000000,23.903
1724058007540000000,23.987
1724058007550000000,23.720
1724058007560000000,23.572
1724058007570000000,23.845
1724058007580000000,23.819
1724058007590000000,24.367
1724058007600000000,24.601
1724058007610000000,24.378
1724058007620000000,24.524
1724058007630000000,24.000
1724058007640000000,24.027
1724058007650000000,23.602
1724058007660000000,24.118
1724058007670000000,24.396
1724058007680000000,24.166
1724058007690000000,24.136
1724058007700000000,24.286
1724058007710000000,24.373
1724058007720000000,24.448
1724058007730000000,24.245
1724058007740000000,23.730
1724058007750000000,24.084
1724058007760000000,24.663
1724058007770000000,23.891
1724058007780000000,24.225
1724058007790000000,24.024
1724058007800000000,24.197
1724058007810000000,24.336
1724058007820000000,24.834
1724058007830000000,24.092
1724058007840000000,24.470
1724058007850000000,24.100
1724058007860000000,24.563
1724058007870000000,24.724
1724058007880000000,24.591
1724058007890000000,23.946
1724058007900000000,24.333
1724058007910000000,23.862
1724058007920000000,24.129
1724058007930000000,24.840
1724058007940000000,24.850
1724058007950000000,24.571
1724058007960000000,24.688
1724058007970000000,24.372
1724058007980000000,24.846
1724058007990000000,24.616
1724058008000000000,24.184
1724058008010000000,23.988
1724058008020000000,24.432
1724058008029999999,24.443
1724058008039999999,24.493
1724058008050000000,24.518
1724058008060000000,24.338
1724058008070000000,24.502
1724058008080000000,24.722
1724058008090000000,24.947
1724058008100000000,24.229
1724058008109999999,25.142
1724058008119999999,24.047
1724058008130000000,24.381
1724058008140000000,24.184
1724058008150000000,24.849
1724058008160000000,24.484
1724058008170000000,24.467
1724058008180000000,24.664
1724058008189999999,25.085
1724058008199999999,24.906
1724058008210000000,24.491
1724058008220000000,24.389
1724058008230000000,24.915
1724058008240000000,25.284
1724058008250000000,24.657
1724058008260000000,24.399
1724058008270000000,24.739
1724058008279999999,24.620
1724058008289999999,24.679
1724058008300000000,24.594
1724058008310000000,24.788
1724058008320000000,25.060
1724058008330000000,24.707
1724058008340000000,25.090
1724058008350000000,24.457
1724058008359999999,24.443
1724058008369999999,24.456
1724058008380000000,24.665
1724058008390000000,24.426
1724058008400000000,25.116
1724058008410000000,24.974
1724058008420000000,24.275
1724058008430000000,24.911
1724058008439999999,24.820
1724058008449999999,24.429
1724058008460000000,24.694
1724058008470000000,24.958
1724058008480000000,23.799
1724058008490000000,24.676
1724058008500000000,24.956
1724058008510000000,24.277
1724058008520000000,24.302
1724058008529999999,24.828
1724058008539999999,24.857
1724058008550000000,24.743
1724058008560000000,24.559
1724058008570000000,24.590
1724058008580000000,24.823
1724058008590000000,24.500
1724058008600000000,24.700
1724058008610000000,24.726
1724058008620000000,24.904
1724058008630000000,24.563
1724058008640000000,24.003
1724058008650000000,24.331
1724058008660000000,25.000
1724058008670000000,24.203
1724058008680000000,24.474
1724058008690000000,25.157
1724058008700000000,24.175
1724058008710000000,25.209
1724058008720000000,24.532
1724058008730000000,24.637
1724058008740000000,24.954
1724058008750000000,25.245
1724058008760000000,24.243
1724058008770000000,25.113
1724058008780000000,24.590
1724058008790000000,24.570
1724058008800000000,24.845
1724058008810000000,24.350
1724058008820000000,24.892
1724058008830000000,25.064
1724058008840000000,24.880
1724058008850000000,24.926
1724058008860000000,24.830
1724058008870000000,24.719
1724058008880000000,24.747
1724058008890000000,24.792
1724058008900000000,25.191
1724058008910000000,25.551
1724058008920000000,24.662
1724058008930000000,24.333
1724058008940000000,25.398
1724058008950000000,24.770
1724058008960000000,24.793
1724058008970000000,24.373
1724058008980000000,24.472
1724058008990000000,24.630
1724058009000000000,25.070
1724058009010000000,23.982
1724058009020000000,24.417
1724058009030000000,25.198
1724058009040000000,25.432
1724058009050000000,25.269
1724058009060000000,24.824
1724058009070000000,25.062
1724058009080000000,25.346
1724058009090000000,25.051
1724058009100000000,24.937
1724058009110000000,25.187
1724058009120000000,24.966
1724058009130000000,24.982
1724058009140000000,24.742
1724058009150000000,24.710
1724058009160000000,24.839
1724058009170000000,25.017
1724058009180000000,24.961
1724058009190000000,24.624
1724058009200000000,25.154
1724058009210000000,24.667
1724058009220000000,25.246
1724058009230000000,25.244
1724058009240000000,25.636
1724058009250000000,24.918
1724058009260000000,24.701
1724058009270000000,25.190
1724058009280000000,24.450
1724058009290000000,24.425
1724058009300000000,24.848
1724058009310000000,24.824
1724058009320000000,25.131
1724058009330000000,25.136
1724058009340000000,25.210
1724058009350000000,25.079
1724058009360000000,25.041
1724058009370000000,25.401
1724058009380000000,25.348
1724058009390000000,24.745
1724058009400000000,24.409
1724058009410000000,24.940
1724058009420000000,24.894
1724058009430000000,24.859
1724058009440000000,25.487
1724058009450000000,24.868
1724058009460000000,25.003
1724058009470000000,24.871
1724058009480000000,24.444
1724058009490000000,24.871
1724058009500000000,25.068
1724058009510000000,24.513
1724058009520000000,25.368
1724058009530000000,25.209
1724058009540000000,25.367
1724058009550000000,25.286
1724058009560000000,25.261
1724058009570000000,24.590
1724058009580000000,24.891
1724058009590000000,25.311
1724058009600000000,24.840
1724058009610000000,25.411
1724058009620000000,25.226
1724058009630000000,24.860
1724058009640000000,24.870
1724058009650000000,25.382
1724058009660000000,24.978
1724058009670000000,24.721
1724058009680000000,24.366
1724058009690000000,25.097
1724058009700000000,24.989
1724058009710000000,24.816
1724058009720000000,24.485
1724058009730000000,24.767
1724058009740000000,25.298
1724058009750000000,25.132
1724058009760000000,24.580
1724058009770000000,25.083
1724058009780000000,25.830
1724058009790000000,24.952
1724058009800000000,24.974
1724058009810000000,24.682
1724058009820000000,25.029
1724058009830000000,24.799
1724058009840000000,24.941
1724058009850000000,24.976
1724058009860000000,24.973
1724058009870000000,25.113
1724058009880000000,24.917
1724058009890000000,24.542
1724058009900000000,24.518
1724058009910000000,25.053
1724058009920000000,25.138
1724058009930000000,25.209
1724058009940000000,24.706
1724058009950000000,25.302
1724058009960000000,24.766
1724058009970000000,24.852
1724058009980000000,25.453
1724058009990000000,24.709
1724058010000000000,24.995
1724058010010000000,24.945
1724058010020000000,24.784
1724058010030000000,24.671
1724058010040000000,24.968
1724058010050000000,24.441
1724058010060000000,25.596
1724058010070000000,24.952
1724058010080000000,25.055
1724058010090000000,24.978
1724058010100000000,25.495
1724058010110000000,24.891
1724058010120000000,24.999
1724058010130000000,24.463
1724058010140000000,24.825
1724058010150000000,25.069
1724058010160000000,24.966
1724058010170000000,25.162
1724058010180000000,25.055
1724058010190000000,24.817
1724058010200000000,24.992
1724058010210000000,25.095
1724058010220000000,25.092
1724058010230000000,25.303
1724058010240000000,25.625
1724058010250000000,25.187
1724058010260000000,24.859
1724058010270000000,24.888
1724058010280000000,25.508
1724058010290000000,24.798
1724058010300000000,25.466
1724058010310000000,24.765
1724058010320000000,24.844
1724058010330000000,25.005
1724058010340000000,25.322
1724058010350000000,24.579
1724058010360000000,24.914
1724058010370000000,24.577
1724058010380000000,24.332
1724058010390000000,24.851
1724058010400000000,24.643
1724058010410000000,25.116
1724058010420000000,24.929
1724058010430000000,24.747
1724058010440000000,25.085
1724058010450000000,24.511
1724058010460000000,24.971
1724058010470000000,25.222
1724058010480000000,25.661
1724058010490000000,24.631
1724058010500000000,25.037
1724058010510000000,25.368
1724058010520000000,25.325
1724058010530000000,25.138
1724058010540000000,25.074
1724058010550000000,24.851
1724058010560000000,24.903
1724058010570000000,24.416
1724058010580000000,25.088
1724058010590000000,24.799
1724058010600000000,25.174
1724058010610000000,24.557
1724058010620000000,25.226
1724058010630000000,24.765
1724058010640000000,24.957
1724058010650000000,24.721
1724058010660000000,25.101
1724058010670000000,25.177
1724058010680000000,25.104
1724058010690000000,25.348
1724058010700000000,25.024
1724058010710000000,24.528
1724058010720000000,25.040
1724058010730000000,24.951
1724058010740000000,25.040
1724058010750000000,25.291
1724058010760000000,25.064
1724058010770000000,25.203
1724058010780000000,25.698
1724058010790000000,25.090
1724058010800000000,24.969
1724058010810000000,25.227
1724058010820000000,24.961
1724058010830000000,25.699
1724058010840000000,25.232
1724058010850000000,24.991
1724058010860000000,24.893
1724058010870000000,25.053
1724058010880000000,25.350
1724058010890000000,24.611
1724058010900000000,24.707
1724058010910000000,24.834
1724058010920000000,25.057
1724058010930000000,25.179
1724058010940000000,25.219
1724058010950000000,24.921
1724058010960000000,24.574
1724058010970000000,25.140
1724058010980000000,25.068
1724058010990000000,24.869
1724058011000000000,24.774
1724058011010000000,25.166
1724058011020000000,25.284
1724058011030000000,25.259
1724058011040000000,25.206
1724058011050000000,24.790
1724058011060000000,25.029
1724058011070000000,25.515
1724058011080000000,24.704
1724058011090000000,24.909
1724058011100000000,25.225
1724058011110000000,24.476
1724058011120000000,24.725
1724058011130000000,24.557
1724058011140000000,24.916
1724058011150000000,24.470
1724058011160000000,24.826
1724058011170000000,25.124
1724058011180000000,24.731
1724058011190000000,24.919
1724058011200000000,24.858
1724058011210000000,25.025
1724058011220000000,24.783
1724058011230000000,25.185
1724058011240000000,25.291
1724058011250000000,24.975
1724058011260000000,24.743
1724058011270000000,24.642
1724058011280000000,25.111
1724058011290000000,24.957
1724058011300000000,24.796
1724058011310000000,25.091
1724058011320000000,25.150
1724058011330000000,25.110
1724058011340000000,24.853
1724058011350000000,24.748
1724058011360000000,25.484
1724058011370000000,24.938
1724058011380000000,25.159
1724058011390000000,24.860
1724058011400000000,25.309
1724058011410000000,25.070
1724058011420000000,24.741
1724058011430000000,25.153
1724058011440000000,24.479
1724058011450000000,25.124
1724058011460000000,24.798
1724058011470000000,25.213
1724058011480000000,25.354
1724058011490000000,25.168
1724058011500000000,25.264
1724058011510000000,25.007
1724058011520000000,25.410
1724058011530000000,25.224
1724058011540000000,24.584
1724058011550000000,25.318
1724058011560000000,24.836
1724058011570000000,25.546
1724058011580000000,24.920
1724058011590000000,24.587
1724058011600000000,24.825
1724058011610000000,24.939
1724058011620000000,24.737
1724058011630000000,24.704
1724058011640000000,25.232
1724058011650000000,25.166
1724058011660000000,25.743
1724058011670000000,25.058
1724058011680000000,24.831
1724058011690000000,24.798
1724058011700000000,25.262
1724058011710000000,25.293
1724058011720000000,24.899
1724058011730000000,25.398
1724058011740000000,25.052
1724058011750000000,24.999
1724058011760000000,24.750
1724058011770000000,25.373
1724058011780000000,25.572
1724058011790000000,25.035
1724058011800000000,25.088
1724058011810000000,25.150
1724058011820000000,25.001
1724058011830000000,24.948
1724058011840000000,25.398
1724058011850000000,25.161
1724058011860000000,25.083
1724058011870000000,24.702
1724058011880000000,25.385
1724058011890000000,25.300
1724058011900000000,25.015
1724058011910000000,25.189
1724058011920000000,24.781
1724058011930000000,25.140
1724058011940000000,25.157
1724058011950000000,24.715
1724058011960000000,24.862
1724058011970000000,25.384
1724058011980000000,25.112
1724058011990000000,24.846
1724058012000000000,25.071
1724058012010000000,25.146
1724058012020000000,24.723
1724058012030000000,25.497
1724058012040000000,24.595
1724058012050000000,25.330
1724058012060000000,25.254
1724058012070000000,24.246
1724058012080000000,25.170
1724058012090000000,24.627
1724058012100000000,24.979
1724058012110000000,25.029
1724058012120000000,25.221
1724058012130000000,24.683
1724058012140000000,24.840
1724058012150000000,25.303
1724058012160000000,24.482
1724058012170000000,25.268
1724058012180000000,25.162
1724058012190000000,24.812
1724058012200000000,24.812
1724058012210000000,25.700
1724058012220000000,24.851
1724058012230000000,24.921
1724058012240000000,24.872
1724058012250000000,24.887
1724058012260000000,24.527
1724058012270000000,24.973
1724058012280000000,25.281
1724058012290000000,24.739
1724058012300000000,24.909
1724058012310000000,24.839
1724058012320000000,25.246
1724058012330000000,25.415
1724058012340000000,24.769
1724058012350000000,24.817
1724058012360000000,25.247
1724058012370000000,25.215
1724058012380000000,25.369
1724058012390000000,24.540
1724058012400000000,24.749
1724058012410000000,24.772
1724058012420000000,24.984
1724058012430000000,25.362
1724058012440000000,25.039
1724058012450000000,25.224
1724058012460000000,25.423
1724058012470000000,25.119
1724058012480000000,25.135
1724058012490000000,25.484
1724058012500000000,25.202
1724058012510000000,25.492
1724058012520000000,25.093
1724058012530000000,24.793
1724058012540000000,25.099
1724058012550000000,25.223
1724058012560000000,24.797
1724058012570000000,25.025
1724058012580000000,24.659
1724058012590000000,25.434
1724058012600000000,25.176
1724058012610000000,24.538
1724058012620000000,25.061
1724058012630000000,25.391
1724058012640000000,25.083
1724058012650000000,24.798
1724058012660000000,25.412
1724058012670000000,25.216
1724058012680000000,25.047
1724058012690000000,24.918
1724058012700000000,24.290
1724058012710000000,25.301
1724058012720000000,25.092
1724058012730000000,24.431
1724058012740000000,25.281
1724058012750000000,25.008
1724058012760000000,24.876
1724058012770000000,24.785
1724058012780000000,25.167
1724058012790000000,24.851
1724058012800000000,24.937
1724058012810000000,24.947
1724058012820000000,24.999
1724058012830000000,24.979
1724058012840000000,24.397
1724058012850000000,25.003
1724058012860000000,25.093
1724058012870000000,24.969
1724058012880000000,24.836
1724058012890000000,24.832
1724058012900000000,25.134
1724058012910000000,25.282
1724058012920000000,24.849
1724058012930000000,25.607
1724058012940000000,25.159
1724058012950000000,25.142
1724058012960000000,24.659
1724058012970000000,24.936
1724058012980000000,24.840
1724058012990000000,24.928
1724058013000000000,24.948
1724058013010000000,24.564
1724058013020000000,24.871
1724058013030000000,25.096
1724058013040000000,24.677
1724058013050000000,25.150
1724058013060000000,24.852
1724058013070000000,25.462
1724058013080000000,25.097
1724058013090000000,25.457
1724058013100000000,25.012
1724058013110000000,24.381
1724058013120000000,24.923
1724058013130000000,24.708
1724058013140000000,25.274
1724058013150000000,24.640
1724058013160000000,25.027
1724058013170000000,25.169
1724058013180000000,24.987
1724058013190000000,24.439
1724058013200000000,25.085
1724058013210000000,24.801
1724058013220000000,24.863
1724058013230000000,25.138
1724058013240000000,25.089
1724058013250000000,25.112
1724058013260000000,25.509
1724058013270000000,24.619
1724058013280000000,24.822
1724058013290000000,25.511
1724058013300000000,24.636
1724058013310000000,25.104
1724058013320000000,25.485
1724058013330000000,25.036
1724058013340000000,24.998
1724058013350000000,24.697
1724058013360000000,24.686
1724058013370000000,24.972
1724058013380000000,24.687
1724058013390000000,24.917
1724058013400000000,24.896
1724058013410000000,25.622
1724058013420000000,25.035
1724058013430000000,24.691
1724058013440000000,25.284
1724058013450000000,25.578
1724058013460000000,24.498
1724058013470000000,24.899
1724058013480000000,24.091
1724058013490000000,25.141
1724058013500000000,25.022
1724058013510000000,25.096
1724058013520000000,25.202
1724058013530000000,25.030
1724058013540000000,25.085
1724058013550000000,25.249
1724058013560000000,25.236
1724058013570000000,24.707
1724058013580000000,25.148
1724058013590000000,25.014
1724058013600000000,25.373
1724058013610000000,24.993
1724058013620000000,25.022
1724058013630000000,25.419
1724058013640000000,24.932
1724058013650000000,24.875
1724058013660000000,25.025
1724058013670000000,25.230
1724058013680000000,25.237
1724058013690000000,25.331
1724058013700000000,25.024
1724058013710000000,24.914
1724058013720000000,24.984
1724058013730000000,24.682
1724058013740000000,24.751
1724058013750000000,24.936
1724058013760000000,24.840
1724058013770000000,24.897
1724058013780000000,24.806
1724058013790000000,24.610
1724058013800000000,24.804
1724058013810000000,25.197
1724058013820000000,24.984
1724058013830000000,24.687
1724058013840000000,24.901
1724058013850000000,25.136
1724058013860000000,24.942
1724058013870000000,24.574
1724058013880000000,24.623
1724058013890000000,25.211
1724058013900000000,24.709
1724058013910000000,25.032
1724058013920000000,24.712
1724058013930000000,25.706
1724058013940000000,24.857
1724058013950000000,25.064
1724058013960000000,24.855
1724058013970000000,25.417
1724058013980000000,25.733
1724058013990000000,25.107
1724058014000000000,24.494
1724058014010000000,24.808
1724058014020000000,24.643
1724058014030000000,24.978
1724058014040000000,25.037
1724058014050000000,24.937
1724058014060000000,24.922
1724058014070000000,24.663
1724058014080000000,25.381
1724058014090000000,24.830
1724058014100000000,24.863
1724058014110000000,25.005
1724058014120000000,24.977
1724058014130000000,25.241
1724058014140000000,24.902
1724058014150000000,24.951
1724058014160000000,24.907
1724058014170000000,24.493
1724058014180000000,25.842
1724058014190000000,24.854
1724058014200000000,24.749
1724058014210000000,25.533
1724058014220000000,24.811
1724058014230000000,24.703
1724058014240000000,25.769
1724058014250000000,25.005
1724058014260000000,24.747
1724058014270000000,25.140
1724058014280000000,25.625
1724058014290000000,24.934
1724058014300000000,24.525
1724058014310000000,25.224
1724058014320000000,25.047
1724058014330000000,24.498
1724058014340000000,24.744
1724058014350000000,24.477
1724058014360000000,24.983
1724058014370000000,25.139
1724058014380000000,24.879
1724058014390000000,25.077
1724058014400000000,24.038
1724058014410000000,24.986
1724058014420000000,24.811
1724058014430000000,25.290
1724058014440000000,24.961
1724058014450000000,25.324
1724058014460000000,24.784
1724058014470000000,25.044
1724058014480000000,25.310
1724058014490000000,25.058
1724058014500000000,24.391
1724058014510000000,25.219
1724058014520000000,24.729
1724058014530000000,24.639
1724058014540000000,25.286
1724058014550000000,24.760
1724058014560000000,24.880
1724058014570000000,24.328
1724058014580000000,24.925
1724058014590000000,25.048
1724058014600000000,24.809
1724058014610000000,25.207
1724058014620000000,25.239
1724058014630000000,24.660
1724058014640000000,24.581
1724058014650000000,24.902
1724058014660000000,25.029
1724058014670000000,24.278
1724058014680000000,24.989
1724058014690000000,24.302
1724058014700000000,24.897
1724058014710000000,25.362
1724058014720000000,25.159
1724058014730000000,25.079
1724058014740000000,25.043
1724058014750000000,24.727
1724058014760000000,25.350
1724058014770000000,25.529
1724058014780000000,25.375
1724058014790000000,24.720
1724058014800000000,25.550
1724058014810000000,24.546
1724058014820000000,25.025
1724058014830000000,24.570
1724058014840000000,25.232
1724058014850000000,25.169
1724058014860000000,24.812
1724058014870000000,25.332
1724058014880000000,25.359
1724058014890000000,24.892
1724058014900000000,24.222
1724058014910000000,25.133
1724058014920000000,24.668
1724058014930000000,25.097
1724058014940000000,25.309
1724058014950000000,25.195
1724058014960000000,24.813
1724058014970000000,24.408
1724058014980000000,24.929
1724058014990000000,24.786
1724058015000000000,25.219
1724058015010000000,25.029
1724058015020000000,24.824
1724058015030000000,25.381
1724058015040000000,24.880
1724058015050000000,25.044
1724058015060000000,25.341
1724058015070000000,24.960
1724058015080000000,25.162
1724058015090000000,24.483
1724058015100000000,24.533
1724058015110000000,24.556
1724058015120000000,25.050
1724058015130000000,25.383
1724058015140000000,24.736
1724058015150000000,24.715
1724058015160000000,25.399
1724058015170000000,24.770
1724058015180000000,24.830
1724058015190000000,24.983
1724058015200000000,24.821
1724058015210000000,24.803
1724058015220000000,24.782
1724058015230000000,25.277
1724058015240000000,25.450
1724058015250000000,24.749
1724058015260000000,24.522
1724058015270000000,25.331
1724058015280000000,25.097
1724058015290000000,25.298
1724058015300000000,25.087
1724058015310000000,25.282
1724058015320000000,25.031
1724058015330000000,24.765
1724058015340000000,25.353
1724058015350000000,25.345
1724058015360000000,24.833
1724058015370000000,24.775
1724058015380000000,25.709
1724058015390000000,25.060
1724058015400000000,24.290
1724058015410000000,24.793
1724058015420000000,25.124
1724058015430000000,24.756
1724058015440000000,24.907
1724058015450000000,24.975
1724058015460000000,24.854
1724058015470000000,24.746
1724058015480000000,24.766
1724058015490000000,25.377
1724058015500000000,24.943
1724058015510000000,25.402
1724058015520000000,24.896
1724058015530000000,25.281
1724058015540000000,24.886
1724058015550000000,25.099
1724058015560000000,24.820
1724058015570000000,24.742
1724058015580000000,25.529
1724058015590000000,24.801
1724058015600000000,25.106
1724058015610000000,24.981
1724058015620000000,24.974
1724058015630000000,25.125
1724058015640000000,24.705
1724058015650000000,24.946
1724058015660000000,24.833
1724058015670000000,24.777
1724058015680000000,25.235
1724058015690000000,24.832
1724058015700000000,24.351
1724058015710000000,24.497
1724058015720000000,25.107
1724058015730000000,25.154
1724058015740000000,24.689
1724058015750000000,25.284
1724058015760000000,24.908
1724058015770000000,25.204
1724058015780000000,25.030
1724058015790000000,25.280
1724058015800000000,25.250
1724058015810000000,25.045
1724058015820000000,24.961
1724058015830000000,25.049
1724058015840000000,24.686
1724058015850000000,24.758
1724058015860000000,25.592
1724058015870000000,24.795
1724058015880000000,25.036
1724058015890000000,25.324
1724058015900000000,25.045
1724058015910000000,25.211
1724058015920000000,24.734
1724058015930000000,24.654
1724058015940000000,24.869
1724058015950000000,24.939
1724058015960000000,24.938
1724058015970000000,25.271
1724058015980000000,24.450
1724058015990000000,24.713
1724058016000000000,25.110
1724058016010000000,25.545
1724058016020000000,25.278
1724058016030000000,25.001
1724058016040000000,24.697
1724058016050000000,25.659
1724058016059999999,24.897
1724058016070000000,24.764
1724058016079999999,25.069
1724058016090000000,25.055
1724058016100000000,25.255
1724058016110000000,24.913
1724058016120000000,24.756
1724058016129999999,25.170
1724058016140000000,25.076
1724058016149999999,25.034
1724058016160000000,24.820
1724058016170000000,25.092
1724058016180000000,25.311
1724058016190000000,25.217
1724058016200000000,24.658
1724058016210000000,24.748
1724058016219999999,24.906
1724058016230000000,25.082
1724058016239999999,25.184
1724058016250000000,25.253
1724058016260000000,24.912
1724058016270000000,24.924
1724058016280000000,24.588
1724058016290000000,25.124
1724058016300000000,24.750
1724058016309999999,24.564
1724058016320000000,24.784
1724058016329999999,24.514
1724058016340000000,24.848
1724058016350000000,24.674
1724058016360000000,24.579
1724058016370000000,25.209
1724058016379999999,25.768
1724058016390000000,25.137
1724058016399999999,25.064
1724058016410000000,24.422
1724058016420000000,24.708
1724058016430000000,25.387
1724058016440000000,24.778
1724058016450000000,24.940
1724058016460000000,25.207
1724058016469999999,24.732
1724058016480000000,25.046
1724058016489999999,24.804
1724058016500000000,25.245
1724058016510000000,25.147
1724058016520000000,25.452
1724058016530000000,25.020
1724058016540000000,24.716
1724058016550000000,25.091
1724058016559999999,25.179
1724058016570000000,25.005
1724058016579999999,25.236
1724058016590000000,24.861
1724058016600000000,25.292
1724058016610000000,24.519
1724058016620000000,25.368
1724058016629999999,25.412
1724058016640000000,24.676
1724058016649999999,25.309
1724058016660000000,25.152
1724058016670000000,24.786
1724058016680000000,25.340
1724058016690000000,24.884
1724058016700000000,25.168
1724058016710000000,25.010
1724058016719999999,25.016
1724058016730000000,25.189
1724058016739999999,24.763
1724058016750000000,24.914
1724058016760000000,25.265
1724058016770000000,24.601
1724058016780000000,25.148
1724058016790000000,25.077
1724058016800000000,24.707
1724058016809999999,24.693
1724058016820000000,25.368
1724058016829999999,25.519
1724058016840000000,24.651
1724058016850000000,25.145
1724058016860000000,24.715
1724058016870000000,24.977
1724058016879999999,24.804
1724058016890000000,25.735
1724058016899999999,25.264
1724058016910000000,25.138
1724058016920000000,25.024
1724058016930000000,24.900
1724058016940000000,24.281
1724058016950000000,24.977
1724058016960000000,25.022
1724058016969999999,24.649
1724058016980000000,25.107
1724058016989999999,25.334
1724058017000000000,25.196
1724058017010000000,24.947
1724058017020000000,24.490
1724058017030000000,24.962
1724058017040000000,25.383
1724058017050000000,25.468
1724058017059999999,24.996
1724058017070000000,24.904
1724058017079999999,25.419
1724058017090000000,25.438
1724058017100000000,24.836
1724058017110000000,24.694
1724058017120000000,25.450
1724058017129999999,25.610
1724058017140000000,25.433
1724058017149999999,25.101
1724058017160000000,24.937
1724058017170000000,25.169
1724058017180000000,25.253
1724058017190000000,24.719
1724058017200000000,24.707
1724058017210000000,24.604
1724058017220000000,24.851
1724058017230000000,25.632
1724058017240000000,24.486
1724058017250000000,24.896
1724058017260000000,25.178
1724058017270000000,24.882
1724058017280000000,25.510
1724058017290000000,24.673
1724058017300000000,24.834
1724058017310000000,24.617
1724058017320000000,25.090
1724058017330000000,25.045
1724058017340000000,25.024
1724058017350000000,25.093
1724058017360000000,25.450
1724058017370000000,25.074
1724058017380000000,25.365
1724058017390000000,25.129
1724058017400000000,25.037
1724058017410000000,24.843
1724058017420000000,25.326
1724058017430000000,24.398
1724058017440000000,25.202
1724058017450000000,25.041
1724058017460000000,24.609
1724058017470000000,25.144
1724058017480000000,24.807
1724058017490000000,25.103
1724058017500000000,25.257
1724058017510000000,25.186
1724058017520000000,24.609
1724058017530000000,25.203
1724058017540000000,24.439
1724058017550000000,24.763
1724058017560000000,24.897
1724058017570000000,24.757
1724058017580000000,24.764
1724058017590000000,25.441
1724058017600000000,25.050
1724058017610000000,25.280
1724058017620000000,24.944
1724058017630000000,24.580
1724058017640000000,25.356
1724058017650000000,24.829
1724058017660000000,24.779
1724058017670000000,24.683
1724058017680000000,24.748
1724058017690000000,25.028
1724058017700000000,25.523
1724058017710000000,25.440
1724058017720000000,24.457
1724058017730000000,24.811
1724058017740000000,24.686
1724058017750000000,25.449
1724058017760000000,25.082
1724058017770000000,25.363
1724058017780000000,25.098
1724058017790000000,24.995
1724058017800000000,25.295
1724058017810000000,24.745
1724058017820000000,24.827
1724058017830000000,25.077
1724058017840000000,25.429
1724058017850000000,24.924
1724058017860000000,24.779
1724058017870000000,24.593
1724058017880000000,25.722
1724058017890000000,24.512
1724058017900000000,24.947
1724058017910000000,25.415
1724058017920000000,24.974
1724058017930000000,24.936
1724058017940000000,25.427
1724058017950000000,25.053
1724058017960000000,24.985
1724058017970000000,25.056
1724058017980000000,24.614
1724058017990000000,24.802
1724058018000000000,24.843
1724058018010000000,25.015
1724058018020000000,24.954
1724058018030000000,25.657
1724058018040000000,24.805
1724058018050000000,25.165
1724058018060000000,25.272
1724058018070000000,25.021
1724058018080000000,25.092
1724058018090000000,24.712
1724058018100000000,25.367
1724058018110000000,24.968
1724058018120000000,25.404
1724058018130000000,24.789
1724058018140000000,24.657
1724058018150000000,24.749
1724058018160000000,25.133
1724058018170000000,25.296
1724058018180000000,24.906
1724058018190000000,24.919
1724058018200000000,24.801
1724058018210000000,25.325
1724058018220000000,24.748
1724058018230000000,25.161
1724058018240000000,25.286
1724058018250000000,25.355
1724058018260000000,25.386
1724058018270000000,24.594
1724058018280000000,24.756
1724058018290000000,24.909
1724058018300000000,24.805
1724058018310000000,25.555
1724058018320000000,25.131
1724058018330000000,25.151
1724058018340000000,24.444
1724058018350000000,25.372
1724058018360000000,25.419
1724058018370000000,25.377
1724058018380000000,24.486
1724058018390000000,25.211
1724058018400000000,24.933
1724058018410000000,25.447
1724058018420000000,25.104
1724058018430000000,25.518
1724058018440000000,24.932
1724058018450000000,25.737
1724058018460000000,24.782
1724058018470000000,25.682
1724058018480000000,25.153
1724058018490000000,24.879
1724058018500000000,24.770
1724058018510000000,25.132
1724058018520000000,25.205
1724058018530000000,25.232
1724058018540000000,25.458
1724058018550000000,25.008
1724058018560000000,24.741
1724058018570000000,24.426
1724058018580000000,24.988
1724058018590000000,25.030
1724058018600000000,24.725
1724058018610000000,25.169
1724058018620000000,24.766
1724058018630000000,25.395
1724058018640000000,24.805
1724058018650000000,25.125
1724058018660000000,25.177
1724058018670000000,24.853
1724058018680000000,24.788
1724058018690000000,25.013
1724058018700000000,24.775
1724058018710000000,25.235
1724058018720000000,24.929
1724058018730000000,25.219
1724058018740000000,25.189
1724058018750000000,24.458
1724058018760000000,24.802
1724058018770000000,25.280
1724058018780000000,24.895
1724058018790000000,24.610
1724058018800000000,25.303
1724058018810000000,24.580
1724058018820000000,24.937
1724058018830000000,24.564
1724058018840000000,24.897
1724058018850000000,24.916
1724058018860000000,25.269
1724058018870000000,25.280
1724058018880000000,24.631
1724058018890000000,24.776
1724058018900000000,25.225
1724058018910000000,24.944
1724058018920000000,25.103
1724058018930000000,25.590
1724058018940000000,25.071
1724058018950000000,24.830
1724058018960000000,25.491
1724058018970000000,24.622
1724058018980000000,25.056
1724058018990000000,24.649
1724058019000000000,24.942
1724058019010000000,24.744
1724058019020000000,25.028
1724058019030000000,25.514
1724058019040000000,24.340
1724058019050000000,24.743
1724058019060000000,25.447
1724058019070000000,24.641
1724058019080000000,24.510
1724058019090000000,24.944
1724058019100000000,25.134
1724058019110000000,25.265
1724058019120000000,25.002
1724058019130000000,24.795
1724058019140000000,25.218
1724058019150000000,25.543
1724058019160000000,24.623
1724058019170000000,25.349
1724058019180000000,24.691
1724058019190000000,25.327
1724058019200000000,25.088
1724058019210000000,24.278
1724058019220000000,24.740
1724058019230000000,25.160
1724058019240000000,25.189
1724058019250000000,25.191
1724058019260000000,25.422
1724058019270000000,24.736
1724058019280000000,24.305
1724058019290000000,24.470
1724058019300000000,24.853
1724058019310000000,25.153
1724058019320000000,24.918
1724058019330000000,24.648
1724058019340000000,24.801
1724058019350000000,24.934
1724058019360000000,25.258
1724058019370000000,25.234
1724058019380000000,24.578
1724058019390000000,24.670
1724058019400000000,25.207
1724058019410000000,24.992
1724058019420000000,25.276
1724058019430000000,24.902
1724058019440000000,25.417
1724058019450000000,24.805
1724058019460000000,24.998
1724058019470000000,25.201
1724058019480000000,25.347
1724058019490000000,24.820
1724058019500000000,25.360
1724058019510000000,24.566
1724058019520000000,25.109
1724058019530000000,25.028
1724058019540000000,24.958
1724058019550000000,25.293
1724058019560000000,25.026
1724058019570000000,24.554
1724058019580000000,25.207
1724058019590000000,25.076
1724058019600000000,24.776
1724058019610000000,25.337
1724058019620000000,24.988
1724058019630000000,25.255
1724058019640000000,25.359
1724058019650000000,25.045
1724058019660000000,24.904
1724058019670000000,24.878
1724058019680000000,25.563
1724058019690000000,24.935
1724058019700000000,24.857
1724058019710000000,25.150
1724058019720000000,24.778
1724058019730000000,25.496
1724058019740000000,25.566
1724058019750000000,24.385
1724058019760000000,25.108
1724058019770000000,23.724
1724058019780000000,25.394
1724058019790000000,25.240
1724058019800000000,25.193
1724058019810000000,25.033
1724058019820000000,25.610
1724058019830000000,24.968
1724058019840000000,25.228
1724058019850000000,25.338
1724058019860000000,24.885
1724058019870000000,24.854
1724058019880000000,25.551
1724058019890000000,25.128
1724058019900000000,24.732
1724058019910000000,24.808
1724058019920000000,25.729
1724058019930000000,24.940
1724058019940000000,24.784
1724058019950000000,25.135
1724058019960000000,25.228
1724058019970000000,25.015
1724058019980000000,25.348
1724058019990000000,25.105
1724058020000000000,24.952
1724058020010000000,25.777
1724058020020000000,24.604
1724058020030000000,24.505
1724058020040000000,24.638
1724058020050000000,24.767
1724058020060000000,24.512
1724058020070000000,24.941
1724058020080000000,24.912
1724058020090000000,25.174
1724058020100000000,24.910
1724058020110000000,25.006
1724058020120000000,25.206
1724058020130000000,25.087
1724058020140000000,24.667
1724058020150000000,25.526
1724058020160000000,25.164
1724058020170000000,25.262
1724058020180000000,24.427
1724058020190000000,24.713
1724058020200000000,24.903
1724058020210000000,25.152
1724058020220000000,25.040
1724058020230000000,24.599
1724058020240000000,25.073
1724058020250000000,24.908
1724058020260000000,24.755
1724058020270000000,24.921
1724058020280000000,25.480
1724058020290000000,25.187
1724058020300000000,24.709
1724058020310000000,25.121
1724058020320000000,24.841
1724058020330000000,24.459
1724058020340000000,24.957
1724058020350000000,24.687
1724058020360000000,25.323
1724058020370000000,24.926
1724058020380000000,25.379
1724058020390000000,24.913
1724058020400000000,25.318
1724058020410000000,24.657
1724058020420000000,25.679
1724058020430000000,24.795
1724058020440000000,24.714
1724058020450000000,25.208
1724058020460000000,24.110
1724058020470000000,24.943
1724058020480000000,24.647
1724058020490000000,25.126
1724058020500000000,24.768
1724058020510000000,25.068
1724058020520000000,25.125
1724058020530000000,25.237
1724058020540000000,24.469
1724058020550000000,24.527
1724058020560000000,24.915
1724058020570000000,25.831
1724058020580000000,25.142
1724058020590000000,25.277
1724058020600000000,24.704
1724058020610000000,24.855
1724058020620000000,25.280
1724058020630000000,25.368
1724058020640000000,25.456
1724058020650000000,25.202
1724058020660000000,25.059
1724058020670000000,25.337
1724058020680000000,24.830
1724058020690000000,25.081
1724058020700000000,24.646
1724058020710000000,25.163
1724058020720000000,25.554
1724058020730000000,24.969
1724058020740000000,25.118
1724058020750000000,25.121
1724058020760000000,24.578
1724058020770000000,24.854
1724058020780000000,24.461
1724058020790000000,24.774
1724058020800000000,25.199
1724058020810000000,24.945
1724058020820000000,25.097
1724058020830000000,24.375
1724058020840000000,25.328
1724058020850000000,25.001
1724058020860000000,25.041
1724058020870000000,25.096
1724058020880000000,25.637
1724058020890000000,25.563
1724058020900000000,25.348
1724058020910000000,24.983
1724058020920000000,25.216
1724058020930000000,25.336
1724058020940000000,25.116
1724058020950000000,24.875
1724058020960000000,24.725
1724058020970000000,25.482
1724058020980000000,24.794
1724058020990000000,24.913
1724058021000000000,25.077
1724058021010000000,24.501
1724058021020000000,25.174
1724058021030000000,24.978
1724058021040000000,25.058
1724058021050000000,25.017
1724058021060000000,24.802
1724058021070000000,24.808
1724058021080000000,25.398
1724058021090000000,25.407
1724058021100000000,25.236
1724058021110000000,25.423
1724058021120000000,25.057
1724058021130000000,24.914
1724058021140000000,25.138
1724058021150000000,24.584
1724058021160000000,25.270
1724058021170000000,25.100
1724058021180000000,25.268
1724058021190000000,24.940
1724058021200000000,25.284
1724058021210000000,24.987
1724058021220000000,25.248
1724058021230000000,24.758
1724058021240000000,24.716
1724058021250000000,24.694
1724058021260000000,24.612
1724058021270000000,24.905
1724058021280000000,24.940
1724058021290000000,24.644
1724058021300000000,25.380
1724058021310000000,24.727
1724058021320000000,24.876
1724058021330000000,25.095
1724058021340000000,25.030
1724058021350000000,25.184
1724058021360000000,24.296
1724058021370000000,25.174
1724058021380000000,25.202
1724058021390000000,25.440
1724058021400000000,25.251
1724058021410000000,24.607
1724058021420000000,24.790
1724058021430000000,25.624
1724058021440000000,24.784
1724058021450000000,24.576
1724058021460000000,25.392
1724058021470000000,24.694
1724058021480000000,24.940
1724058021490000000,24.734
1724058021500000000,24.824
1724058021510000000,24.903
1724058021520000000,25.141
1724058021530000000,24.672
1724058021540000000,24.655
1724058021550000000,25.488
1724058021560000000,25.506
1724058021570000000,25.025
1724058021580000000,25.331
1724058021590000000,25.264
1724058021600000000,24.806
1724058021610000000,24.389
1724058021620000000,25.078
1724058021630000000,25.184
1724058021640000000,25.293
1724058021650000000,24.694
1724058021660000000,24.888
1724058021670000000,25.171
1724058021680000000,24.822
1724058021690000000,25.008
1724058021700000000,24.838
1724058021710000000,24.998
1724058021720000000,25.242
1724058021730000000,25.637
1724058021740000000,25.173
1724058021750000000,24.970
1724058021760000000,24.937
1724058021770000000,24.971
1724058021780000000,25.183
1724058021790000000,24.898
1724058021800000000,24.823
1724058021810000000,24.973
1724058021820000000,24.808
1724058021830000000,24.453
1724058021840000000,25.065
1724058021850000000,24.888
1724058021860000000,24.770
1724058021870000000,25.137
1724058021880000000,24.758
1724058021890000000,24.370
1724058021900000000,25.106
1724058021910000000,25.164
1724058021920000000,25.533
1724058021930000000,25.339
1724058021940000000,24.207
1724058021950000000,24.742
1724058021960000000,24.797
1724058021970000000,25.330
1724058021980000000,25.016
1724058021990000000,25.418
1724058022000000000,19.441
1724058022010000000,19.838
1724058022020000000,19.366
1724058022030000000,19.725
1724058022040000000,19.484
1724058022050000000,19.517
1724058022060000000,19.189
1724058022070000000,19.129
1724058022080000000,18.570
1724058022090000000,19.627
1724058022100000000,19.726
1724058022110000000,19.487
1724058022120000000,19.533
1724058022130000000,19.838
1724058022140000000,19.339
1724058022150000000,19.502
1724058022160000000,19.869
1724058022170000000,19.738
1724058022180000000,19.217
1724058022190000000,19.270
1724058022200000000,19.349
1724058022210000000,19.773
1724058022220000000,18.989
1724058022230000000,19.721
1724058022240000000,19.401
1724058022250000000,19.265
1724058022260000000,19.001
1724058022270000000,19.151
1724058022280000000,19.044
1724058022290000000,19.190
1724058022300000000,19.471
1724058022310000000,19.918
1724058022320000000,19.374
1724058022330000000,19.406
1724058022340000000,19.351
1724058022350000000,19.253
1724058022360000000,19.188
1724058022370000000,19.241
1724058022380000000,19.171
1724058022390000000,19.356
1724058022400000000,19.517
1724058022410000000,19.589
1724058022420000000,19.473
1724058022430000000,19.689
1724058022440000000,19.694
1724058022450000000,19.255
1724058022460000000,19.264
1724058022470000000,19.106
1724058022480000000,19.030
1724058022490000000,19.713
1724058022500000000,19.651
1724058022510000000,19.569
1724058022520000000,19.209
1724058022530000000,19.374
1724058022540000000,19.913
1724058022550000000,19.681
1724058022560000000,19.719
1724058022570000000,19.345
1724058022580000000,19.394
1724058022590000000,19.251
1724058022600000000,19.893
1724058022610000000,19.478
1724058022620000000,18.880
1724058022630000000,19.479
1724058022640000000,19.577
1724058022650000000,19.244
1724058022660000000,19.437
1724058022670000000,19.707
1724058022680000000,19.292
1724058022690000000,19.524
1724058022700000000,19.426
1724058022710000000,19.580
1724058022720000000,19.402
1724058022730000000,19.370
1724058022740000000,19.675
1724058022750000000,19.662
1724058022760000000,19.952
1724058022770000000,19.622
1724058022780000000,19.816
1724058022790000000,19.134
1724058022800000000,19.079
1724058022810000000,19.426
1724058022820000000,19.876
1724058022830000000,19.270
1724058022840000000,19.973
1724058022850000000,19.654
1724058022860000000,19.658
1724058022870000000,18.840
1724058022880000000,19.472
1724058022890000000,19.627
1724058022900000000,19.427
1724058022910000000,20.104
1724058022920000000,19.964
1724058022930000000,19.472
1724058022940000000,19.567
1724058022950000000,19.323
1724058022960000000,19.373
1724058022970000000,19.360
1724058022980000000,19.517
1724058022990000000,19.749
1724058023000000000,18.935
1724058023010000000,19.785
1724058023020000000,20.095
1724058023030000000,19.959
1724058023040000000,19.367
1724058023050000000,19.046
1724058023060000000,19.346
1724058023070000000,19.708
1724058023080000000,19.130
1724058023090000000,19.553
1724058023100000000,19.582
1724058023110000000,19.482
1724058023120000000,19.276
1724058023130000000,19.390
1724058023140000000,19.558
1724058023150000000,19.654
1724058023160000000,19.268
1724058023170000000,19.930
1724058023180000000,19.740
1724058023190000000,19.319
1724058023200000000,19.712
1724058023210000000,19.244
1724058023220000000,19.569
1724058023230000000,19.591
1724058023240000000,19.079
1724058023250000000,19.998
1724058023260000000,19.592
1724058023270000000,19.161
1724058023280000000,19.397
1724058023290000000,20.082
1724058023300000000,19.896
1724058023310000000,19.552
1724058023320000000,20.101
1724058023330000000,19.311
1724058023340000000,19.371
1724058023350000000,19.391
1724058023360000000,19.218
1724058023370000000,19.374
1724058023380000000,19.907
1724058023390000000,19.966
1724058023400000000,19.356
1724058023410000000,19.445
1724058023420000000,19.869
1724058023430000000,19.643
1724058023440000000,19.724
1724058023450000000,20.219
1724058023460000000,19.903
1724058023470000000,19.150
1724058023480000000,19.022
1724058023490000000,19.707
1724058023500000000,19.644
1724058023510000000,19.881
1724058023520000000,19.432
1724058023530000000,19.454
1724058023540000000,19.579
1724058023550000000,18.900
1724058023560000000,19.329
1724058023570000000,19.637
1724058023580000000,19.109
1724058023590000000,19.890
1724058023600000000,19.509
1724058023610000000,19.772
1724058023620000000,19.692
1724058023630000000,19.434
1724058023640000000,19.466
1724058023650000000,19.643
1724058023660000000,19.272
1724058023670000000,18.952
1724058023680000000,19.489
1724058023690000000,19.659
1724058023700000000,19.142
1724058023710000000,19.638
1724058023720000000,18.832
1724058023730000000,19.704
1724058023740000000,19.533
1724058023750000000,19.318
1724058023760000000,19.451
1724058023770000000,19.721
1724058023780000000,19.108
1724058023790000000,19.164
1724058023800000000,19.531
1724058023810000000,19.110
1724058023820000000,19.646
1724058023830000000,19.365
1724058023840000000,19.611
1724058023850000000,19.099
1724058023860000000,19.459
1724058023870000000,19.423
1724058023880000000,19.947
1724058023890000000,19.047
1724058023900000000,19.750
1724058023910000000,19.724
1724058023920000000,19.602
1724058023930000000,19.363
1724058023940000000,19.376
1724058023950000000,19.629
1724058023960000000,19.247
1724058023970000000,19.471
1724058023980000000,19.121
1724058023990000000,19.121
1724058024000000000,19.770
1724058024010000000,19.571
1724058024020000000,20.110
1724058024030000000,19.371
1724058024040000000,19.537
1724058024050000000,19.424
1724058024060000000,19.375
1724058024070000000,19.534
1724058024080000000,19.816
1724058024090000000,19.320
1724058024100000000,20.200
1724058024110000000,19.660
1724058024120000000,19.138
1724058024130000000,19.358
1724058024140000000,19.690
1724058024150000000,19.980
1724058024160000000,19.704
1724058024170000000,19.145
1724058024180000000,19.502
1724058024190000000,19.120
1724058024200000000,19.204
1724058024210000000,19.355
1724058024220000000,19.371
1724058024230000000,19.662
1724058024240000000,19.104
1724058024250000000,19.333
1724058024260000000,19.182
1724058024270000000,19.591
1724058024280000000,20.060
1724058024290000000,19.357
1724058024300000000,19.525
1724058024310000000,20.004
1724058024320000000,19.837
1724058024330000000,19.552
1724058024340000000,20.039
1724058024350000000,19.833
1724058024360000000,19.027
1724058024370000000,19.664
1724058024380000000,19.087
1724058024390000000,19.646
1724058024400000000,19.245
1724058024410000000,19.862
1724058024420000000,19.422
1724058024430000000,19.805
1724058024440000000,19.441
1724058024450000000,19.216
1724058024460000000,19.278
1724058024470000000,19.145
1724058024480000000,20.009
1724058024490000000,19.174
1724058024500000000,18.996
1724058024510000000,19.275
1724058024520000000,19.350
1724058024530000000,20.081
1724058024540000000,19.374
1724058024550000000,19.660
1724058024560000000,19.735
1724058024570000000,19.813
1724058024580000000,19.947
1724058024590000000,19.559
1724058024600000000,19.069
1724058024610000000,19.264
1724058024620000000,19.366
1724058024630000000,19.784
1724058024640000000,19.714
1724058024650000000,19.298
1724058024660000000,19.515
1724058024670000000,19.908
1724058024680000000,18.983
1724058024690000000,19.241
1724058024700000000,19.496
1724058024710000000,19.531
1724058024720000000,19.218
1724058024730000000,19.147
1724058024740000000,19.617
1724058024750000000,18.940
1724058024760000000,19.315
1724058024770000000,19.232
1724058024780000000,19.509
1724058024790000000,19.007
1724058024800000000,19.554
1724058024810000000,19.312
1724058024820000000,19.389
1724058024830000000,19.980
1724058024840000000,19.754
1724058024850000000,19.384
1724058024860000000,19.201
1724058024870000000,19.382
1724058024880000000,19.362
1724058024890000000,19.594
1724058024900000000,19.536
1724058024910000000,19.272
1724058024920000000,19.386
1724058024930000000,18.761
1724058024940000000,19.517
1724058024950000000,19.431
1724058024960000000,19.342
1724058024970000000,19.233
1724058024980000000,18.840
1724058024990000000,18.742
1724058025000000000,19.192
1724058025010000000,19.625
1724058025020000000,19.131
1724058025030000000,19.801
1724058025040000000,20.116
1724058025050000000,19.570
1724058025060000000,19.701
1724058025070000000,18.615
1724058025080000000,19.810
1724058025090000000,19.064
1724058025100000000,19.140
1724058025110000000,19.645
1724058025120000000,18.954
1724058025130000000,20.026
1724058025140000000,19.730
1724058025150000000,19.669
1724058025160000000,19.437
1724058025170000000,19.613
1724058025180000000,19.454
1724058025190000000,19.685
1724058025200000000,19.189
1724058025210000000,19.540
1724058025220000000,19.226
1724058025230000000,19.109
1724058025240000000,19.188
1724058025250000000,19.423
1724058025260000000,19.454
1724058025270000000,19.900
1724058025280000000,19.436
1724058025290000000,19.716
1724058025300000000,19.770
1724058025310000000,18.972
1724058025320000000,19.304
1724058025330000000,18.983
1724058025340000000,19.727
1724058025350000000,19.844
1724058025360000000,20.033
1724058025370000000,19.240
1724058025380000000,19.581
1724058025390000000,19.368
1724058025400000000,19.313
1724058025410000000,19.597
1724058025420000000,19.510
1724058025430000000,19.374
1724058025440000000,19.846
1724058025450000000,19.290
1724058025460000000,19.224
1724058025470000000,19.723
1724058025480000000,19.612
1724058025490000000,19.147
1724058025500000000,19.220
1724058025510000000,19.367
1724058025520000000,19.504
1724058025530000000,19.221
1724058025540000000,19.658
1724058025550000000,19.493
1724058025560000000,19.482
1724058025570000000,19.586
1724058025580000000,19.675
1724058025590000000,20.388
1724058025600000000,19.453
1724058025610000000,19.359
1724058025620000000,19.667
1724058025630000000,19.088
1724058025640000000,19.582
1724058025650000000,19.722
1724058025660000000,19.380
1724058025670000000,19.845
1724058025680000000,19.352
1724058025690000000,19.620
1724058025700000000,19.216
1724058025710000000,19.758
1724058025720000000,19.837
1724058025730000000,19.803
1724058025740000000,19.599
1724058025750000000,19.300
1724058025760000000,19.399
1724058025770000000,19.534
1724058025780000000,19.753
1724058025790000000,19.345
1724058025800000000,19.716
1724058025810000000,19.091
1724058025820000000,19.941
1724058025830000000,19.270
1724058025840000000,19.584
1724058025850000000,19.733
1724058025860000000,19.387
1724058025870000000,18.867
1724058025880000000,19.175
1724058025890000000,19.640
1724058025900000000,19.427
1724058025910000000,19.463
1724058025920000000,19.782
1724058025930000000,19.797
1724058025940000000,19.755
1724058025950000000,19.393
1724058025960000000,19.406
1724058025970000000,19.937
1724058025980000000,19.855
1724058025990000000,19.376
1724058026000000000,19.045
1724058026010000000,19.461
1724058026020000000,19.515
1724058026030000000,19.401
1724058026040000000,18.806
1724058026050000000,19.286
1724058026060000000,18.982
1724058026070000000,18.700
1724058026080000000,19.120
1724058026090000000,18.827
1724058026100000000,18.536
1724058026110000000,18.285
1724058026120000000,18.003
1724058026130000000,17.988
1724058026140000000,17.393
1724058026150000000,18.142
1724058026160000000,17.991
1724058026170000000,17.752
1724058026180000000,18.038
1724058026190000000,17.731
1724058026200000000,17.508
1724058026210000000,17.406
1724058026220000000,17.133
1724058026230000000,17.483
1724058026240000000,17.225
1724058026250000000,17.289
1724058026260000000,16.768
1724058026270000000,16.728
1724058026280000000,17.019
1724058026290000000,16.431
1724058026300000000,17.318
1724058026310000000,16.440
1724058026320000000,15.853
1724058026330000000,16.639
1724058026340000000,16.569
1724058026350000000,16.416
1724058026360000000,15.801
1724058026370000000,16.052
1724058026380000000,15.381
1724058026390000000,15.801
1724058026400000000,15.733
1724058026410000000,16.066
1724058026420000000,15.571
1724058026430000000,15.462
1724058026440000000,15.547
1724058026450000000,15.460
1724058026460000000,14.968
1724058026470000000,14.550
1724058026480000000,15.114
1724058026490000000,14.821
1724058026500000000,14.341
1724058026510000000,14.715
1724058026520000000,14.398
1724058026530000000,14.595
1724058026540000000,14.235
1724058026550000000,14.184
1724058026560000000,13.189
1724058026570000000,14.703
1724058026580000000,14.282
1724058026590000000,13.420
1724058026600000000,13.803
1724058026610000000,13.849
1724058026620000000,13.073
1724058026630000000,13.087
1724058026640000000,13.170
1724058026650000000,13.312
1724058026660000000,13.338
1724058026670000000,13.100
1724058026680000000,12.852
1724058026690000000,13.674
1724058026700000000,12.465
1724058026710000000,13.084
1724058026720000000,12.629
1724058026730000000,11.995
1724058026740000000,12.038
1724058026750000000,11.667
1724058026760000000,12.362
1724058026770000000,12.176
1724058026780000000,12.102
1724058026790000000,12.005
1724058026800000000,11.878
1724058026810000000,11.698
1724058026820000000,11.531
1724058026830000000,11.434
1724058026840000000,11.350
1724058026850000000,11.018
1724058026860000000,11.515
1724058026870000000,11.101
1724058026880000000,10.690
1724058026890000000,10.269
1724058026900000000,10.960
1724058026910000000,10.446
1724058026920000000,10.484
1724058026930000000,10.226
1724058026940000000,10.544
1724058026950000000,10.203
1724058026960000000,10.339
1724058026970000000,10.212
1724058026980000000,10.004
1724058026990000000,10.852
1724058027000000000,9.998
1724058027010000000,9.276
1724058027020000000,10.096
1724058027030000000,8.980
1724058027040000000,9.022
1724058027050000000,9.513
1724058027060000000,9.010
1724058027070000000,9.132
1724058027080000000,8.654
1724058027090000000,8.773
1724058027100000000,8.595
1724058027110000000,8.588
1724058027120000000,8.919
1724058027130000000,8.493
1724058027140000000,8.093
1724058027150000000,8.468
1724058027160000000,7.599
1724058027170000000,8.125
1724058027180000000,8.448
1724058027190000000,7.884
1724058027200000000,7.269
1724058027210000000,7.996
1724058027220000000,7.449
1724058027230000000,7.496
1724058027240000000,7.235
1724058027250000000,7.159
1724058027260000000,7.094
1724058027270000000,7.303
1724058027280000000,7.112
1724058027290000000,6.359
1724058027300000000,6.700
1724058027310000000,6.755
1724058027320000000,6.909
1724058027330000000,6.693
1724058027340000000,6.304
1724058027350000000,6.358
1724058027360000000,6.016
1724058027370000000,6.453
1724058027380000000,5.935
1724058027390000000,6.107
1724058027400000000,6.282
1724058027410000000,6.044
1724058027420000000,5.212
1724058027430000000,5.660
1724058027440000000,5.244
1724058027450000000,4.871
1724058027460000000,4.758
1724058027470000000,4.966
1724058027480000000,4.416
1724058027490000000,5.277
1724058027500000000,5.096
1724058027510000000,4.447
1724058027520000000,5.116
1724058027530000000,4.585
1724058027540000000,4.194
1724058027550000000,4.401
1724058027560000000,4.651
1724058027570000000,4.247
1724058027580000000,4.466
1724058027590000000,3.738
1724058027600000000,3.831
1724058027610000000,4.410
1724058027620000000,3.541
1724058027630000000,3.890
1724058027640000000,3.804
1724058027650000000,2.993
1724058027660000000,3.541
1724058027670000000,3.403
1724058027680000000,2.863
1724058027690000000,2.862
1724058027700000000,3.762
1724058027710000000,2.911
1724058027720000000,2.965
1724058027730000000,3.062
1724058027740000000,2.606
1724058027750000000,2.635
1724058027760000000,2.874
1724058027770000000,2.047
1724058027780000000,2.253
1724058027790000000,2.122
1724058027800000000,1.662
1724058027810000000,2.101
1724058027820000000,1.644
1724058027830000000,1.088
1724058027840000000,1.564
1724058027850000000,1.366
1724058027860000000,1.594
1724058027870000000,1.119
1724058027880000000,0.676
1724058027890000000,0.751
1724058027900000000,0.603
1724058027910000000,0.932
1724058027920000000,0.843
1724058027930000000,0.438
1724058027940000000,0.000
1724058027950000000,0.557
1724058027960000000,0.662
1724058027970000000,0.630
1724058027980000000,0.000
1724058027990000000,0.000
1724058028000000000,1.432
1724058028010000000,1.257
1724058028020000000,1.245
1724058028030000000,1.299
1724058028040000000,1.066
1724058028050000000,1.217
1724058028060000000,1.017
1724058028070000000,1.212
1724058028080000000,1.026
1724058028090000000,1.093
1724058028100000000,0.941
1724058028110000000,1.032
1724058028120000000,1.095
1724058028130000000,0.827
1724058028140000000,1.074
1724058028150000000,0.984
1724058028160000000,0.997
1724058028170000000,0.824
1724058028180000000,0.912
1724058028190000000,1.017
1724058028200000000,1.142
1724058028210000000,1.075
1724058028220000000,0.955
1724058028230000000,0.909
1724058028240000000,0.860
1724058028250000000,0.843
1724058028260000000,0.582
1724058028270000000,0.724
1724058028280000000,0.944
1724058028290000000,1.069
1724058028300000000,0.586
1724058028310000000,0.890
1724058028320000000,0.840
1724058028330000000,0.768
1724058028340000000,0.877
1724058028350000000,0.772
1724058028360000000,0.604
1724058028370000000,0.874
1724058028380000000,0.895
1724058028390000000,0.562
1724058028400000000,0.722
1724058028410000000,0.963
1724058028420000000,0.571
1724058028430000000,0.514
1724058028440000000,0.946
1724058028450000000,0.811
1724058028460000000,0.478
1724058028470000000,0.539
1724058028480000000,0.645
1724058028490000000,0.602
1724058028500000000,0.529
1724058028510000000,0.576
1724058028520000000,0.588
1724058028530000000,0.554
1724058028540000000,0.436
1724058028550000000,0.504
1724058028560000000,0.512
1724058028570000000,0.657
1724058028580000000,0.494
1724058028590000000,0.658
1724058028600000000,0.506
1724058028610000000,0.525
1724058028620000000,0.300
1724058028630000000,0.478
1724058028640000000,0.479
1724058028650000000,0.402
1724058028660000000,0.386
1724058028670000000,0.335
1724058028680000000,0.299
1724058028690000000,0.334
1724058028700000000,0.371
1724058028710000000,0.452
1724058028720000000,0.318
1724058028730000000,0.424
1724058028740000000,0.574
1724058028750000000,0.429
1724058028760000000,0.636
1724058028770000000,0.273
1724058028780000000,0.467
1724058028790000000,0.410
1724058028800000000,0.333
1724058028810000000,0.402
1724058028820000000,0.372
1724058028830000000,0.279
1724058028840000000,0.182
1724058028850000000,0.325
1724058028860000000,0.337
1724058028870000000,0.549
1724058028880000000,0.363
1724058028890000000,0.242
1724058028900000000,0.210
1724058028910000000,0.199
1724058028920000000,0.367
1724058028930000000,0.256
1724058028940000000,0.428
1724058028950000000,0.507
1724058028960000000,0.181
1724058028970000000,0.153
1724058028980000000,0.215
1724058028990000000,0.231
1724058029000000000,0.145
1724058029010000000,0.073
1724058029020000000,0.175
1724058029030000000,0.301
1724058029040000000,0.252
1724058029050000000,0.149
1724058029060000000,0.146
1724058029070000000,0.050
1724058029080000000,0.188
1724058029090000000,0.213
1724058029100000000,0.208
1724058029110000000,0.230
1724058029120000000,0.097
1724058029130000000,0.160
1724058029140000000,0.131
1724058029150000000,0.112
1724058029160000000,0.047
1724058029170000000,0.000
1724058029180000000,0.281
1724058029190000000,0.054
1724058029200000000,0.278
1724058029210000000,0.294
1724058029220000000,0.184
1724058029230000000,0.289
1724058029240000000,0.222
1724058029250000000,0.278
1724058029260000000,0.297
1724058029270000000,0.165
1724058029280000000,0.008
1724058029290000000,0.234
1724058029300000000,0.252
1724058029310000000,0.144
1724058029320000000,0.066
1724058029330000000,0.225
1724058029340000000,0.005
1724058029350000000,0.230
1724058029360000000,0.162
1724058029370000000,0.247
1724058029380000000,0.083
1724058029390000000,0.195
1724058029400000000,0.136
1724058029410000000,0.240
1724058029420000000,0.162
1724058029430000000,0.302
1724058029440000000,0.354
1724058029450000000,0.138
1724058029460000000,0.116
1724058029470000000,0.096
1724058029480000000,0.163
1724058029490000000,0.271
1724058029500000000,0.201
1724058029510000000,0.222
1724058029520000000,0.161
1724058029530000000,0.293
1724058029540000000,0.127
1724058029550000000,0.118
1724058029560000000,0.129
1724058029570000000,0.013
1724058029580000000,0.196
1724058029590000000,0.131
1724058029600000000,0.000
1724058029610000000,0.098
1724058029620000000,0.042
1724058029630000000,0.014
1724058029640000000,0.117
1724058029650000000,0.000
1724058029660000000,0.137
1724058029670000000,0.274
1724058029680000000,0.048
1724058029690000000,0.307
1724058029700000000,0.000
1724058029710000000,0.000
1724058029720000000,0.215
1724058029730000000,0.126
1724058029740000000,0.271
1724058029750000000,0.000
1724058029760000000,0.083
1724058029770000000,0.056
1724058029780000000,0.000
1724058029790000000,0.131
1724058029800000000,0.000
1724058029810000000,0.014
1724058029820000000,0.078
1724058029830000000,0.266
1724058029840000000,0.000
1724058029850000000,0.232
1724058029860000000,0.173
1724058029870000000,0.000
1724058029880000000,0.175
1724058029890000000,0.000
1724058029900000000,0.257
1724058029910000000,0.087
1724058029920000000,0.137
1724058029930000000,0.073
1724058029940000000,0.322
1724058029950000000,0.329
1724058029960000000,0.000
1724058029970000000,0.009
1724058029980000000,0.231
1724058029990000000,0.160
