timestamp_ns,value_g_rms
1723539600000000000,0.000
1723539600010000000,0.000
1723539600020000000,0.250
1723539600030000000,0.118
1723539600040000000,0.000
1723539600050000000,0.078
1723539600060000000,0.087
1723539600070000000,0.000
1723539600080000000,0.125
1723539600090000000,0.056
1723539600100000000,0.058
1723539600110000000,0.000
1723539600120000000,0.000
1723539600130000000,0.000
1723539600140000000,0.083
1723539600150000000,0.047
1723539600160000000,0.000
1723539600170000000,0.064
1723539600180000000,0.052
1723539600190000000,0.000
1723539600200000000,0.000
1723539600210000000,0.188
1723539600220000000,0.014
1723539600230000000,0.000
1723539600240000000,0.201
1723539600250000000,0.000
1723539600260000000,0.000
1723539600270000000,0.000
1723539600280000000,0.030
1723539600290000000,0.000
1723539600300000000,0.000
1723539600310000000,0.060
1723539600320000000,0.000
1723539600330000000,0.134
1723539600340000000,0.100
1723539600350000000,0.000
1723539600360000000,0.000
1723539600370000000,0.000
1723539600380000000,0.000
1723539600390000000,0.000
1723539600400000000,0.345
1723539600410000000,0.000
1723539600420000000,0.036
1723539600430000000,0.000
1723539600440000000,0.000
1723539600450000000,0.000
1723539600460000000,0.000
1723539600470000000,0.030
1723539600480000000,0.077
1723539600490000000,0.000
1723539600500000000,0.000
1723539600510000000,0.000
1723539600520000000,0.000
1723539600530000000,0.000
1723539600540000000,0.000
1723539600550000000,0.080
1723539600560000000,0.224
1723539600570000000,0.000
1723539600580000000,0.000
1723539600590000000,0.000
1723539600600000000,0.286
1723539600610000000,0.000
1723539600620000000,0.000
1723539600630000000,0.191
1723539600640000000,0.149
1723539600650000000,0.000
1723539600660000000,0.000
1723539600670000000,0.041
1723539600680000000,0.115
1723539600690000000,0.000
1723539600700000000,0.078
1723539600710000000,0.019
1723539600720000000,0.061
1723539600730000000,0.008
1723539600740000000,0.416
1723539600750000000,0.000
1723539600760000000,0.163
1723539600770000000,0.129
1723539600780000000,0.165
1723539600790000000,0.000
1723539600800000000,0.236
1723539600810000000,0.000
1723539600820000000,0.000
1723539600830000000,0.000
1723539600840000000,0.000
1723539600850000000,0.000
1723539600860000000,0.024
1723539600870000000,0.107
1723539600880000000,0.000
1723539600890000000,0.016
1723539600900000000,0.000
1723539600910000000,0.000
1723539600920000000,0.262
1723539600930000000,0.000
1723539600940000000,0.000
1723539600950000000,0.017
1723539600960000000,0.000
1723539600970000000,0.068
1723539600980000000,0.074
1723539600990000000,0.000
1723539601000000000,0.000
1723539601010000000,0.000
1723539601020000000,0.010
1723539601030000000,0.025
1723539601040000000,0.277
1723539601050000000,0.073
1723539601060000000,0.000
1723539601070000000,0.100
1723539601080000000,0.000
1723539601090000000,0.127
1723539601100000000,0.110
1723539601110000000,0.035
1723539601120000000,0.104
1723539601130000000,0.112
1723539601140000000,0.067
1723539601150000000,0.000
1723539601160000000,0.000
1723539601170000000,0.027
1723539601180000000,0.000
1723539601190000000,0.000
1723539601200000000,0.000
1723539601210000000,0.182
1723539601220000000,0.000
1723539601230000000,0.131
1723539601240000000,0.000
1723539601250000000,0.000
1723539601260000000,0.000
1723539601270000000,0.000
1723539601280000000,0.248
1723539601290000000,0.211
1723539601300000000,0.015
1723539601310000000,0.031
1723539601320000000,0.235
1723539601330000000,0.003
1723539601340000000,0.164
1723539601350000000,0.000
1723539601360000000,0.015
1723539601370000000,0.031
1723539601380000000,0.002
1723539601390000000,0.013
1723539601400000000,0.022
1723539601410000000,0.278
1723539601420000000,0.025
1723539601430000000,0.000
1723539601440000000,0.445
1723539601450000000,0.096
1723539601460000000,0.000
1723539601470000000,0.000
1723539601480000000,0.000
1723539601490000000,0.000
1723539601500000000,0.000
1723539601510000000,0.000
1723539601520000000,0.028
1723539601530000000,0.084
1723539601540000000,0.054
1723539601550000000,0.258
1723539601560000000,0.000
1723539601570000000,0.103
1723539601580000000,0.121
1723539601590000000,0.000
1723539601600000000,0.034
1723539601610000000,0.165
1723539601620000000,0.000
1723539601630000000,0.051
1723539601640000000,0.154
1723539601650000000,0.263
1723539601660000000,0.000
1723539601670000000,0.038
1723539601680000000,0.088
1723539601690000000,0.000
1723539601700000000,0.193
1723539601710000000,0.003
1723539601720000000,0.000
1723539601730000000,0.150
1723539601740000000,0.000
1723539601750000000,0.024
1723539601760000000,0.100
1723539601770000000,0.138
1723539601780000000,0.295
1723539601790000000,0.124
1723539601800000000,0.003
1723539601810000000,0.025
1723539601820000000,0.000
1723539601830000000,0.000
1723539601840000000,0.000
1723539601850000000,0.089
1723539601860000000,0.000
1723539601870000000,0.000
1723539601880000000,0.173
1723539601890000000,0.074
1723539601900000000,0.228
1723539601910000000,0.004
1723539601920000000,0.266
1723539601930000000,0.287
1723539601940000000,0.000
1723539601950000000,0.109
1723539601960000000,0.000
1723539601970000000,0.000
1723539601980000000,0.166
1723539601990000000,0.552
1723539602000000000,0.000
1723539602009999999,0.000
1723539602020000000,0.012
1723539602029999999,0.000
1723539602040000000,0.870
1723539602049999999,0.000
1723539602060000000,0.248
1723539602069999999,0.000
1723539602080000000,0.107
1723539602089999999,0.000
1723539602100000000,0.057
1723539602109999999,0.590
1723539602120000000,0.000
1723539602130000000,0.143
1723539602140000000,0.039
1723539602150000000,0.670
1723539602160000000,0.000
1723539602170000000,0.353
1723539602180000000,0.611
1723539602190000000,0.240
1723539602200000000,0.209
1723539602210000000,0.274
1723539602220000000,0.000
1723539602230000000,0.200
1723539602240000000,0.286
1723539602250000000,0.159
1723539602260000000,0.398
1723539602270000000,0.549
1723539602280000000,0.692
1723539602290000000,0.968
1723539602300000000,1.056
1723539602310000000,0.626
1723539602320000000,0.061
1723539602330000000,0.102
1723539602340000000,0.311
1723539602350000000,0.181
1723539602360000000,0.508
1723539602370000000,0.629
1723539602380000000,1.423
1723539602390000000,0.000
1723539602400000000,0.434
1723539602410000000,0.744
1723539602420000000,1.048
1723539602430000000,0.435
1723539602440000000,0.180
1723539602450000000,0.141
1723539602460000000,0.583
1723539602470000000,0.978
1723539602480000000,1.082
1723539602490000000,0.515
1723539602500000000,0.294
1723539602510000000,0.012
1723539602520000000,0.999
1723539602530000000,0.086
1723539602540000000,0.099
1723539602550000000,0.562
1723539602560000000,0.854
1723539602570000000,0.126
1723539602580000000,1.056
1723539602590000000,0.826
1723539602600000000,0.894
1723539602610000000,0.294
1723539602620000000,1.557
1723539602630000000,0.280
1723539602640000000,0.308
1723539602650000000,0.619
1723539602660000000,1.150
1723539602670000000,0.745
1723539602680000000,0.067
1723539602690000000,1.183
1723539602700000000,0.731
1723539602710000000,0.075
1723539602720000000,0.178
1723539602730000000,0.604
1723539602740000000,0.819
1723539602750000000,0.645
1723539602760000000,0.000
1723539602770000000,0.530
1723539602780000000,0.902
1723539602790000000,1.027
1723539602800000000,1.127
1723539602810000000,1.172
1723539602820000000,0.823
1723539602830000000,0.000
1723539602840000000,0.656
1723539602850000000,0.380
1723539602860000000,1.581
1723539602870000000,0.751
1723539602880000000,0.667
1723539602890000000,1.080
1723539602900000000,0.697
1723539602910000000,1.478
1723539602920000000,0.351
1723539602930000000,0.555
1723539602940000000,0.419
1723539602950000000,1.144
1723539602960000000,1.083
1723539602970000000,0.655
1723539602980000000,0.727
1723539602990000000,1.240
1723539603000000000,0.930
1723539603010000000,0.857
1723539603020000000,0.950
1723539603030000000,2.030
1723539603040000000,1.497
1723539603050000000,0.518
1723539603060000000,1.064
1723539603070000000,0.879
1723539603080000000,1.721
1723539603090000000,0.896
1723539603100000000,1.357
1723539603110000000,0.648
1723539603120000000,0.851
1723539603130000000,1.323
1723539603140000000,1.279
1723539603150000000,1.523
1723539603160000000,1.156
1723539603170000000,1.243
1723539603180000000,0.886
1723539603190000000,1.114
1723539603200000000,0.863
1723539603210000000,0.652
1723539603220000000,1.162
1723539603230000000,0.692
1723539603240000000,1.444
1723539603250000000,1.344
1723539603260000000,0.834
1723539603270000000,0.916
1723539603280000000,1.543
1723539603290000000,1.817
1723539603300000000,0.833
1723539603310000000,0.469
1723539603320000000,0.776
1723539603330000000,1.353
1723539603340000000,1.029
1723539603350000000,0.590
1723539603360000000,1.288
1723539603370000000,1.624
1723539603380000000,0.895
1723539603390000000,1.317
1723539603400000000,1.638
1723539603410000000,0.738
1723539603420000000,0.944
1723539603430000000,1.378
1723539603440000000,1.070
1723539603450000000,1.095
1723539603460000000,1.544
1723539603470000000,0.651
1723539603480000000,0.923
1723539603490000000,1.406
1723539603500000000,1.575
1723539603510000000,1.578
1723539603520000000,1.280
1723539603530000000,1.628
1723539603540000000,1.470
1723539603550000000,1.764
1723539603560000000,0.983
1723539603570000000,1.286
1723539603580000000,1.460
1723539603590000000,0.307
1723539603600000000,0.937
1723539603610000000,1.306
1723539603620000000,1.664
1723539603630000000,0.899
1723539603640000000,1.480
1723539603650000000,1.350
1723539603660000000,1.951
1723539603670000000,1.200
1723539603680000000,1.099
1723539603690000000,1.100
1723539603700000000,1.485
1723539603710000000,1.848
1723539603720000000,0.876
1723539603730000000,1.392
1723539603740000000,1.377
1723539603750000000,1.524
1723539603760000000,1.753
1723539603770000000,1.629
1723539603780000000,1.185
1723539603790000000,0.918
1723539603800000000,0.414
1723539603810000000,0.969
1723539603820000000,0.566
1723539603830000000,1.630
1723539603840000000,1.746
1723539603850000000,1.549
1723539603860000000,0.784
1723539603870000000,1.153
1723539603880000000,0.815
1723539603890000000,1.338
1723539603900000000,1.835
1723539603910000000,0.983
1723539603920000000,1.685
1723539603930000000,1.159
1723539603940000000,1.658
1723539603950000000,0.921
1723539603960000000,1.107
1723539603970000000,1.350
1723539603980000000,1.538
1723539603990000000,0.477
1723539604000000000,1.163
1723539604010000000,1.246
1723539604019999999,1.285
1723539604030000000,1.024
1723539604040000000,1.646
1723539604050000000,1.644
1723539604059999999,1.872
1723539604070000000,1.824
1723539604080000000,1.420
1723539604090000000,1.720
1723539604099999999,1.132
1723539604110000000,1.838
1723539604120000000,1.733
1723539604130000000,2.306
1723539604139999999,2.013
1723539604150000000,1.338
1723539604160000000,1.256
1723539604170000000,1.328
1723539604179999999,1.347
1723539604190000000,1.795
1723539604200000000,1.816
1723539604210000000,1.238
1723539604219999999,0.863
1723539604230000000,1.591
1723539604240000000,1.544
1723539604250000000,1.473
1723539604260000000,1.560
1723539604269999999,1.375
1723539604280000000,1.597
1723539604290000000,1.052
1723539604300000000,1.196
1723539604310000000,1.391
1723539604320000000,1.818
1723539604330000000,2.066
1723539604340000000,2.000
1723539604350000000,1.923
1723539604360000000,1.966
1723539604370000000,1.619
1723539604380000000,1.891
1723539604390000000,1.802
1723539604400000000,2.258
1723539604410000000,1.875
1723539604420000000,1.164
1723539604430000000,1.297
1723539604440000000,2.084
1723539604450000000,1.780
1723539604460000000,1.382
1723539604470000000,1.408
1723539604480000000,1.212
1723539604490000000,2.026
1723539604500000000,1.596
1723539604510000000,1.682
1723539604520000000,1.326
1723539604530000000,1.888
1723539604540000000,2.249
1723539604550000000,1.842
1723539604560000000,1.821
1723539604570000000,1.542
1723539604580000000,0.794
1723539604590000000,1.671
1723539604600000000,0.955
1723539604610000000,1.702
1723539604620000000,2.280
1723539604630000000,2.232
1723539604640000000,1.048
1723539604650000000,1.743
1723539604660000000,2.395
1723539604670000000,1.262
1723539604680000000,2.154
1723539604690000000,2.158
1723539604700000000,1.477
1723539604710000000,1.267
1723539604720000000,1.902
1723539604730000000,1.820
1723539604740000000,1.502
1723539604750000000,2.347
1723539604760000000,2.261
1723539604770000000,1.708
1723539604780000000,2.113
1723539604790000000,1.687
1723539604800000000,2.860
1723539604810000000,2.123
1723539604820000000,1.645
1723539604830000000,2.733
1723539604840000000,2.219
1723539604850000000,1.395
1723539604860000000,2.509
1723539604870000000,1.960
1723539604880000000,2.316
1723539604890000000,2.611
1723539604900000000,1.727
1723539604910000000,2.203
1723539604920000000,1.657
1723539604930000000,2.679
1723539604940000000,2.563
1723539604950000000,1.714
1723539604960000000,1.618
1723539604970000000,1.506
1723539604980000000,1.136
1723539604990000000,1.319
1723539605000000000,2.270
1723539605010000000,1.861
1723539605020000000,1.707
1723539605030000000,2.480
1723539605040000000,1.469
1723539605050000000,2.388
1723539605060000000,1.644
1723539605070000000,2.497
1723539605080000000,1.771
1723539605090000000,1.838
1723539605100000000,1.904
1723539605110000000,2.051
1723539605120000000,2.288
1723539605130000000,2.151
1723539605140000000,2.106
1723539605150000000,1.848
1723539605160000000,2.105
1723539605170000000,1.629
1723539605180000000,2.219
1723539605190000000,2.242
1723539605200000000,2.393
1723539605210000000,1.671
1723539605220000000,2.846
1723539605230000000,1.840
1723539605240000000,2.170
1723539605250000000,2.156
1723539605260000000,2.012
1723539605270000000,1.607
1723539605280000000,2.241
1723539605290000000,2.147
1723539605300000000,2.367
1723539605310000000,2.065
1723539605320000000,2.382
1723539605330000000,2.288
1723539605340000000,2.178
1723539605350000000,2.101
1723539605360000000,2.064
1723539605370000000,1.855
1723539605380000000,2.582
1723539605390000000,2.603
1723539605400000000,2.444
1723539605410000000,2.118
1723539605420000000,2.519
1723539605430000000,2.097
1723539605440000000,2.819
1723539605450000000,2.647
1723539605460000000,3.072
1723539605470000000,2.079
1723539605480000000,2.168
1723539605490000000,2.391
1723539605500000000,3.141
1723539605510000000,2.596
1723539605520000000,2.880
1723539605530000000,2.903
1723539605540000000,2.409
1723539605550000000,2.327
1723539605560000000,2.871
1723539605570000000,2.295
1723539605580000000,2.449
1723539605590000000,2.390
1723539605600000000,2.219
1723539605610000000,2.752
1723539605620000000,3.189
1723539605630000000,2.714
1723539605640000000,2.419
1723539605650000000,2.464
1723539605660000000,2.508
1723539605670000000,2.920
1723539605680000000,2.717
1723539605690000000,2.766
1723539605700000000,2.491
1723539605710000000,2.231
1723539605720000000,2.667
1723539605730000000,3.061
1723539605740000000,2.255
1723539605750000000,2.312
1723539605760000000,2.902
1723539605770000000,3.112
1723539605780000000,1.932
1723539605790000000,2.653
1723539605800000000,2.667
1723539605810000000,3.197
1723539605820000000,3.018
1723539605830000000,2.934
1723539605840000000,2.508
1723539605850000000,2.607
1723539605860000000,2.300
1723539605870000000,2.854
1723539605880000000,2.677
1723539605890000000,3.022
1723539605900000000,2.385
1723539605910000000,3.121
1723539605920000000,2.511
1723539605930000000,2.009
1723539605940000000,3.288
1723539605950000000,2.567
1723539605960000000,2.481
1723539605970000000,2.819
1723539605980000000,3.133
1723539605990000000,3.424
1723539606000000000,2.961
1723539606010000000,2.149
1723539606020000000,3.064
1723539606030000000,2.747
1723539606040000000,2.684
1723539606050000000,2.179
1723539606060000000,2.639
1723539606070000000,2.857
1723539606080000000,2.157
1723539606090000000,2.204
1723539606100000000,2.757
1723539606110000000,2.698
1723539606120000000,2.684
1723539606130000000,3.264
1723539606140000000,3.479
1723539606150000000,2.636
1723539606160000000,2.330
1723539606170000000,2.618
1723539606180000000,2.400
1723539606190000000,3.242
1723539606200000000,2.706
1723539606210000000,2.468
1723539606220000000,2.648
1723539606230000000,2.553
1723539606240000000,2.698
1723539606250000000,3.788
1723539606260000000,3.172
1723539606270000000,2.879
1723539606280000000,2.616
1723539606290000000,3.388
1723539606300000000,2.949
1723539606310000000,2.959
1723539606320000000,2.884
1723539606330000000,2.882
1723539606340000000,2.874
1723539606350000000,3.407
1723539606360000000,2.951
1723539606370000000,3.057
1723539606380000000,3.171
1723539606390000000,2.558
1723539606400000000,2.673
1723539606410000000,2.809
1723539606420000000,3.210
1723539606430000000,3.038
1723539606440000000,3.186
1723539606450000000,2.680
1723539606460000000,2.717
1723539606470000000,2.820
1723539606480000000,2.728
1723539606490000000,2.715
1723539606500000000,2.705
1723539606510000000,2.434
1723539606520000000,3.128
1723539606530000000,2.505
1723539606540000000,3.404
1723539606550000000,3.372
1723539606560000000,2.167
1723539606570000000,2.953
1723539606580000000,2.516
1723539606590000000,2.718
1723539606600000000,2.968
1723539606610000000,2.584
1723539606620000000,2.562
1723539606630000000,3.110
1723539606640000000,2.918
1723539606650000000,3.117
1723539606660000000,3.943
1723539606670000000,3.059
1723539606680000000,3.302
1723539606690000000,2.950
1723539606700000000,2.839
1723539606710000000,2.964
1723539606720000000,3.026
1723539606730000000,3.375
1723539606740000000,3.239
1723539606750000000,3.398
1723539606760000000,3.086
1723539606770000000,3.336
1723539606780000000,2.818
1723539606790000000,3.343
1723539606800000000,3.034
1723539606810000000,2.957
1723539606820000000,3.636
1723539606830000000,3.088
1723539606840000000,3.241
1723539606850000000,2.910
1723539606860000000,2.915
1723539606870000000,2.857
1723539606880000000,2.057
1723539606890000000,2.907
1723539606900000000,3.239
1723539606910000000,3.842
1723539606920000000,3.237
1723539606930000000,2.955
1723539606940000000,3.501
1723539606950000000,3.049
1723539606960000000,3.718
1723539606970000000,3.541
1723539606980000000,2.983
1723539606990000000,4.034
1723539607000000000,3.075
1723539607010000000,3.464
1723539607020000000,3.160
1723539607030000000,3.894
1723539607040000000,3.494
1723539607050000000,3.259
1723539607060000000,3.790
1723539607070000000,3.809
1723539607080000000,3.471
1723539607090000000,3.134
1723539607100000000,3.368
1723539607110000000,3.700
1723539607120000000,2.324
1723539607130000000,2.600
1723539607140000000,3.526
1723539607150000000,3.103
1723539607160000000,3.262
1723539607170000000,3.156
1723539607180000000,4.270
1723539607190000000,2.767
1723539607200000000,2.767
1723539607210000000,2.327
1723539607220000000,3.668
1723539607230000000,3.867
1723539607240000000,3.552
1723539607250000000,3.657
1723539607260000000,3.878
1723539607270000000,2.697
1723539607280000000,3.687
1723539607290000000,3.904
1723539607300000000,3.052
1723539607310000000,3.512
1723539607320000000,3.639
1723539607330000000,3.369
1723539607340000000,3.916
1723539607350000000,3.592
1723539607360000000,3.329
1723539607370000000,3.235
1723539607380000000,2.759
1723539607390000000,2.735
1723539607400000000,3.691
1723539607410000000,3.425
1723539607420000000,4.048
1723539607430000000,3.642
1723539607440000000,3.117
1723539607450000000,2.875
1723539607460000000,3.346
1723539607470000000,3.257
1723539607480000000,3.548
1723539607490000000,3.849
1723539607500000000,3.480
1723539607510000000,2.952
1723539607520000000,3.668
1723539607530000000,3.838
1723539607540000000,3.664
1723539607550000000,2.817
1723539607560000000,2.947
1723539607570000000,3.861
1723539607580000000,2.534
1723539607590000000,3.245
1723539607600000000,3.237
1723539607610000000,4.078
1723539607620000000,3.973
1723539607630000000,2.803
1723539607640000000,2.743
1723539607650000000,2.325
1723539607660000000,2.986
1723539607670000000,2.857
1723539607680000000,3.657
1723539607690000000,3.321
1723539607700000000,3.589
1723539607710000000,3.759
1723539607720000000,3.140
1723539607730000000,3.251
1723539607740000000,3.696
1723539607750000000,3.077
1723539607760000000,3.655
1723539607770000000,3.426
1723539607780000000,3.503
1723539607790000000,2.749
1723539607800000000,3.517
1723539607810000000,2.837
1723539607820000000,3.448
1723539607830000000,3.704
1723539607840000000,2.711
1723539607850000000,3.348
1723539607860000000,2.729
1723539607870000000,3.573
1723539607880000000,3.134
1723539607890000000,3.115
1723539607900000000,3.315
1723539607910000000,3.286
1723539607920000000,3.259
1723539607930000000,3.957
1723539607940000000,3.524
1723539607950000000,3.233
1723539607960000000,3.038
1723539607970000000,4.036
1723539607980000000,3.598
1723539607990000000,3.101
1723539608000000000,3.062
1723539608010000000,3.404
1723539608020000000,3.386
1723539608029999999,3.579
1723539608039999999,4.135
1723539608050000000,3.177
1723539608060000000,3.335
1723539608070000000,3.176
1723539608080000000,3.313
1723539608090000000,3.384
1723539608100000000,4.571
1723539608109999999,3.597
1723539608119999999,3.916
1723539608130000000,3.880
1723539608140000000,3.408
1723539608150000000,4.409
1723539608160000000,2.909
1723539608170000000,3.157
1723539608180000000,3.401
1723539608189999999,3.230
1723539608199999999,4.088
1723539608210000000,2.944
1723539608220000000,3.815
1723539608230000000,4.028
1723539608240000000,3.309
1723539608250000000,3.754
1723539608260000000,3.666
1723539608270000000,3.810
1723539608279999999,3.185
1723539608289999999,3.793
1723539608300000000,3.541
1723539608310000000,3.339
1723539608320000000,3.696
1723539608330000000,2.828
1723539608340000000,4.353
1723539608350000000,3.681
1723539608359999999,3.026
1723539608369999999,3.488
1723539608380000000,3.387
1723539608390000000,3.836
1723539608400000000,3.693
1723539608410000000,3.408
1723539608420000000,3.656
1723539608430000000,3.002
1723539608439999999,3.306
1723539608449999999,3.301
1723539608460000000,2.773
1723539608470000000,3.275
1723539608480000000,3.862
1723539608490000000,3.539
1723539608500000000,3.218
1723539608510000000,3.299
1723539608520000000,3.601
1723539608529999999,3.548
1723539608539999999,3.560
1723539608550000000,3.429
1723539608560000000,3.858
1723539608570000000,3.364
1723539608580000000,3.843
1723539608590000000,3.401
1723539608600000000,3.409
1723539608610000000,2.726
1723539608620000000,3.251
1723539608630000000,3.502
1723539608640000000,3.363
1723539608650000000,2.314
1723539608660000000,3.706
1723539608670000000,3.118
1723539608680000000,4.098
1723539608690000000,3.727
1723539608700000000,3.424
1723539608710000000,2.752
1723539608720000000,3.173
1723539608730000000,3.469
1723539608740000000,3.206
1723539608750000000,3.710
1723539608760000000,3.218
1723539608770000000,3.395
1723539608780000000,3.407
1723539608790000000,3.593
1723539608800000000,2.768
1723539608810000000,4.459
1723539608820000000,3.845
1723539608830000000,2.948
1723539608840000000,3.658
1723539608850000000,3.838
1723539608860000000,4.177
1723539608870000000,3.403
1723539608880000000,3.523
1723539608890000000,3.241
1723539608900000000,3.870
1723539608910000000,3.220
1723539608920000000,3.419
1723539608930000000,2.517
1723539608940000000,3.425
1723539608950000000,4.049
1723539608960000000,3.421
1723539608970000000,3.591
1723539608980000000,3.880
1723539608990000000,3.720
1723539609000000000,3.555
1723539609010000000,3.659
1723539609020000000,4.273
1723539609030000000,2.892
1723539609040000000,3.841
1723539609050000000,4.085
1723539609060000000,3.542
1723539609070000000,3.459
1723539609080000000,3.431
1723539609090000000,3.483
1723539609100000000,2.835
1723539609110000000,3.516
1723539609120000000,3.907
1723539609130000000,3.224
1723539609140000000,3.379
1723539609150000000,4.013
1723539609160000000,2.994
1723539609170000000,3.333
1723539609180000000,3.932
1723539609190000000,3.324
1723539609200000000,3.059
1723539609210000000,3.572
1723539609220000000,3.781
1723539609230000000,2.439
1723539609240000000,3.796
1723539609250000000,3.506
1723539609260000000,3.375
1723539609270000000,3.828
1723539609280000000,3.071
1723539609290000000,2.852
1723539609300000000,3.040
1723539609310000000,2.973
1723539609320000000,3.667
1723539609330000000,3.167
1723539609340000000,3.204
1723539609350000000,4.027
1723539609360000000,3.783
1723539609370000000,3.412
1723539609380000000,3.655
1723539609390000000,3.332
1723539609400000000,3.080
1723539609410000000,3.827
1723539609420000000,3.481
1723539609430000000,3.468
1723539609440000000,3.362
1723539609450000000,3.125
1723539609460000000,4.055
1723539609470000000,3.563
1723539609480000000,3.196
1723539609490000000,3.296
1723539609500000000,3.637
1723539609510000000,3.399
1723539609520000000,3.082
1723539609530000000,2.721
1723539609540000000,2.878
1723539609550000000,3.218
1723539609560000000,3.306
1723539609570000000,3.238
1723539609580000000,3.355
1723539609590000000,3.204
1723539609600000000,3.533
1723539609610000000,4.248
1723539609620000000,3.511
1723539609630000000,3.109
1723539609640000000,3.278
1723539609650000000,3.790
1723539609660000000,3.475
1723539609670000000,3.517
1723539609680000000,3.468
1723539609690000000,3.021
1723539609700000000,3.640
1723539609710000000,3.429
1723539609720000000,4.097
1723539609730000000,3.620
1723539609740000000,3.884
1723539609750000000,3.776
1723539609760000000,3.586
1723539609770000000,3.972
1723539609780000000,2.840
1723539609790000000,3.126
1723539609800000000,2.687
1723539609810000000,3.478
1723539609820000000,3.084
1723539609830000000,4.098
1723539609840000000,3.931
1723539609850000000,3.670
1723539609860000000,3.652
1723539609870000000,3.252
1723539609880000000,3.343
1723539609890000000,3.722
1723539609900000000,3.017
1723539609910000000,3.200
1723539609920000000,2.566
1723539609930000000,3.132
1723539609940000000,3.558
1723539609950000000,3.766
1723539609960000000,3.355
1723539609970000000,3.338
1723539609980000000,3.831
1723539609990000000,3.894
1723539610000000000,3.051
1723539610010000000,3.291
1723539610020000000,3.258
1723539610030000000,3.495
1723539610040000000,3.849
1723539610050000000,4.018
1723539610060000000,3.516
1723539610070000000,3.078
1723539610080000000,4.161
1723539610090000000,3.139
1723539610100000000,4.060
1723539610110000000,3.839
1723539610120000000,3.199
1723539610130000000,3.753
1723539610140000000,3.786
1723539610150000000,2.842
1723539610160000000,4.106
1723539610170000000,3.889
1723539610180000000,2.826
1723539610190000000,3.566
1723539610200000000,3.191
1723539610210000000,3.160
1723539610220000000,3.447
1723539610230000000,3.190
1723539610240000000,3.450
1723539610250000000,3.186
1723539610260000000,3.158
1723539610270000000,3.194
1723539610280000000,4.043
1723539610290000000,3.729
1723539610300000000,3.077
1723539610310000000,4.277
1723539610320000000,2.693
1723539610330000000,4.180
1723539610340000000,3.128
1723539610350000000,3.341
1723539610360000000,3.597
1723539610370000000,3.036
1723539610380000000,2.799
1723539610390000000,3.553
1723539610400000000,3.476
1723539610410000000,4.260
1723539610420000000,3.265
1723539610430000000,3.786
1723539610440000000,3.563
1723539610450000000,3.698
1723539610460000000,2.858
1723539610470000000,3.214
1723539610480000000,3.330
1723539610490000000,3.493
1723539610500000000,3.475
1723539610510000000,3.255
1723539610520000000,3.128
1723539610530000000,3.472
1723539610540000000,3.772
1723539610550000000,3.628
1723539610560000000,3.582
1723539610570000000,3.326
1723539610580000000,3.234
1723539610590000000,3.734
1723539610600000000,2.964
1723539610610000000,3.954
1723539610620000000,3.005
1723539610630000000,3.133
1723539610640000000,3.206
1723539610650000000,3.178
1723539610660000000,3.946
1723539610670000000,3.747
1723539610680000000,3.850
1723539610690000000,3.103
1723539610700000000,3.453
1723539610710000000,3.687
1723539610720000000,3.396
1723539610730000000,3.585
1723539610740000000,3.559
1723539610750000000,3.550
1723539610760000000,3.465
1723539610770000000,2.742
1723539610780000000,3.442
1723539610790000000,3.794
1723539610800000000,4.225
1723539610810000000,3.623
1723539610820000000,2.985
1723539610830000000,3.885
1723539610840000000,3.558
1723539610850000000,3.033
1723539610860000000,3.108
1723539610870000000,3.216
1723539610880000000,3.912
1723539610890000000,4.007
1723539610900000000,3.606
1723539610910000000,3.292
1723539610920000000,3.217
1723539610930000000,2.620
1723539610940000000,4.012
1723539610950000000,3.978
1723539610960000000,3.123
1723539610970000000,3.350
1723539610980000000,3.211
1723539610990000000,3.532
1723539611000000000,2.860
1723539611010000000,3.990
1723539611020000000,2.574
1723539611030000000,3.717
1723539611040000000,4.112
1723539611050000000,3.225
1723539611060000000,3.815
1723539611070000000,3.486
1723539611080000000,3.704
1723539611090000000,3.627
1723539611100000000,3.446
1723539611110000000,3.981
1723539611120000000,3.952
1723539611130000000,3.094
1723539611140000000,3.290
1723539611150000000,4.598
1723539611160000000,3.334
1723539611170000000,3.570
1723539611180000000,3.500
1723539611190000000,3.321
1723539611200000000,3.696
1723539611210000000,3.486
1723539611220000000,4.189
1723539611230000000,2.993
1723539611240000000,3.686
1723539611250000000,4.058
1723539611260000000,3.759
1723539611270000000,3.848
1723539611280000000,3.251
1723539611290000000,3.131
1723539611300000000,2.955
1723539611310000000,3.239
1723539611320000000,3.736
1723539611330000000,3.472
1723539611340000000,2.713
1723539611350000000,3.150
1723539611360000000,3.138
1723539611370000000,3.754
1723539611380000000,3.304
1723539611390000000,4.354
1723539611400000000,3.774
1723539611410000000,3.548
1723539611420000000,3.271
1723539611430000000,3.030
1723539611440000000,3.193
1723539611450000000,3.584
1723539611460000000,3.815
1723539611470000000,3.895
1723539611480000000,3.725
1723539611490000000,3.561
1723539611500000000,3.795
1723539611510000000,3.530
1723539611520000000,3.837
1723539611530000000,3.574
1723539611540000000,3.274
1723539611550000000,4.052
1723539611560000000,3.330
1723539611570000000,4.058
1723539611580000000,3.372
1723539611590000000,3.199
1723539611600000000,3.536
1723539611610000000,3.716
1723539611620000000,4.014
1723539611630000000,3.632
1723539611640000000,4.134
1723539611650000000,3.262
1723539611660000000,3.308
1723539611670000000,2.931
1723539611680000000,3.368
1723539611690000000,3.607
1723539611700000000,3.660
1723539611710000000,4.177
1723539611720000000,3.857
1723539611730000000,3.595
1723539611740000000,3.909
1723539611750000000,4.109
1723539611760000000,3.416
1723539611770000000,3.885
1723539611780000000,3.387
1723539611790000000,4.013
1723539611800000000,3.512
1723539611810000000,3.383
1723539611820000000,3.611
1723539611830000000,3.116
1723539611840000000,3.631
1723539611850000000,3.512
1723539611860000000,3.497
1723539611870000000,3.333
1723539611880000000,2.854
1723539611890000000,4.150
1723539611900000000,2.899
1723539611910000000,2.516
1723539611920000000,3.111
1723539611930000000,3.567
1723539611940000000,3.537
1723539611950000000,3.906
1723539611960000000,3.818
1723539611970000000,3.075
1723539611980000000,3.773
1723539611990000000,3.443
1723539612000000000,3.620
1723539612010000000,3.747
1723539612020000000,2.876
1723539612030000000,3.275
1723539612040000000,3.748
1723539612050000000,3.437
1723539612060000000,3.852
1723539612070000000,3.707
1723539612080000000,3.925
1723539612090000000,3.849
1723539612100000000,3.015
1723539612110000000,4.196
1723539612120000000,2.934
1723539612130000000,3.275
1723539612140000000,3.301
1723539612150000000,4.035
1723539612160000000,4.133
1723539612170000000,3.279
1723539612180000000,3.499
1723539612190000000,4.063
1723539612200000000,3.009
1723539612210000000,2.779
1723539612220000000,3.343
1723539612230000000,3.571
1723539612240000000,3.456
1723539612250000000,4.387
1723539612260000000,3.918
1723539612270000000,3.469
1723539612280000000,3.318
1723539612290000000,3.704
1723539612300000000,2.334
1723539612310000000,3.844
1723539612320000000,2.826
1723539612330000000,2.363
1723539612340000000,3.693
1723539612350000000,3.318
1723539612360000000,3.144
1723539612370000000,4.332
1723539612380000000,2.962
1723539612390000000,3.730
1723539612400000000,2.910
1723539612410000000,3.361
1723539612420000000,3.396
1723539612430000000,4.090
1723539612440000000,3.642
1723539612450000000,3.762
1723539612460000000,3.515
1723539612470000000,3.669
1723539612480000000,3.801
1723539612490000000,3.882
1723539612500000000,3.617
1723539612510000000,2.697
1723539612520000000,3.212
1723539612530000000,4.417
1723539612540000000,3.497
1723539612550000000,3.893
1723539612560000000,3.415
1723539612570000000,3.270
1723539612580000000,4.121
1723539612590000000,2.939
1723539612600000000,3.607
1723539612610000000,3.123
1723539612620000000,3.663
1723539612630000000,4.313
1723539612640000000,2.739
1723539612650000000,3.478
1723539612660000000,3.795
1723539612670000000,3.721
1723539612680000000,3.196
1723539612690000000,3.535
1723539612700000000,2.643
1723539612710000000,3.239
1723539612720000000,4.304
1723539612730000000,4.133
1723539612740000000,3.512
1723539612750000000,3.022
1723539612760000000,3.565
1723539612770000000,3.910
1723539612780000000,3.505
1723539612790000000,3.696
1723539612800000000,3.864
1723539612810000000,3.321
1723539612820000000,3.660
1723539612830000000,3.521
1723539612840000000,2.813
1723539612850000000,3.705
1723539612860000000,4.011
1723539612870000000,3.669
1723539612880000000,3.770
1723539612890000000,4.067
1723539612900000000,3.105
1723539612910000000,3.847
1723539612920000000,3.688
1723539612930000000,4.392
1723539612940000000,3.491
1723539612950000000,3.247
1723539612960000000,3.899
1723539612970000000,3.634
1723539612980000000,3.441
1723539612990000000,3.206
1723539613000000000,4.018
1723539613010000000,3.984
1723539613020000000,3.219
1723539613030000000,2.936
1723539613040000000,3.099
1723539613050000000,2.410
1723539613060000000,3.162
1723539613070000000,3.126
1723539613080000000,2.658
1723539613090000000,4.021
1723539613100000000,3.824
1723539613110000000,3.509
1723539613120000000,4.266
1723539613130000000,3.683
1723539613140000000,3.194
1723539613150000000,2.930
1723539613160000000,4.472
1723539613170000000,3.337
1723539613180000000,3.361
1723539613190000000,3.889
1723539613200000000,3.248
1723539613210000000,3.981
1723539613220000000,3.855
1723539613230000000,3.146
1723539613240000000,3.726
1723539613250000000,3.517
1723539613260000000,3.983
1723539613270000000,3.588
1723539613280000000,3.573
1723539613290000000,3.256
1723539613300000000,3.402
1723539613310000000,3.262
1723539613320000000,3.296
1723539613330000000,3.456
1723539613340000000,3.008
1723539613350000000,3.835
1723539613360000000,3.982
1723539613370000000,3.468
1723539613380000000,3.651
1723539613390000000,4.094
1723539613400000000,3.419
1723539613410000000,3.549
1723539613420000000,3.772
1723539613430000000,2.923
1723539613440000000,3.630
1723539613450000000,3.749
1723539613460000000,3.325
1723539613470000000,3.848
1723539613480000000,3.097
1723539613490000000,3.626
1723539613500000000,4.379
1723539613510000000,2.621
1723539613520000000,4.006
1723539613530000000,3.291
1723539613540000000,3.101
1723539613550000000,3.928
1723539613560000000,3.451
1723539613570000000,3.559
1723539613580000000,3.373
1723539613590000000,3.726
1723539613600000000,3.152
1723539613610000000,4.237
1723539613620000000,3.323
1723539613630000000,3.460
1723539613640000000,3.406
1723539613650000000,4.024
1723539613660000000,3.669
1723539613670000000,3.019
1723539613680000000,3.634
1723539613690000000,3.073
1723539613700000000,3.019
1723539613710000000,3.551
1723539613720000000,3.997
1723539613730000000,3.376
1723539613740000000,3.807
1723539613750000000,3.600
1723539613760000000,3.855
1723539613770000000,3.157
1723539613780000000,3.034
1723539613790000000,4.161
1723539613800000000,4.006
1723539613810000000,4.143
1723539613820000000,3.433
1723539613830000000,3.122
1723539613840000000,3.219
1723539613850000000,3.367
1723539613860000000,3.141
1723539613870000000,3.947
1723539613880000000,3.901
1723539613890000000,3.655
1723539613900000000,3.462
1723539613910000000,3.691
1723539613920000000,3.414
1723539613930000000,3.365
1723539613940000000,3.414
1723539613950000000,3.208
1723539613960000000,3.692
1723539613970000000,3.374
1723539613980000000,3.210
1723539613990000000,3.160
1723539614000000000,3.499
1723539614010000000,3.730
1723539614020000000,3.576
1723539614030000000,3.156
1723539614040000000,3.092
1723539614050000000,3.712
1723539614060000000,3.775
1723539614070000000,3.580
1723539614080000000,2.989
1723539614090000000,2.160
1723539614100000000,3.682
1723539614110000000,4.595
1723539614120000000,3.736
1723539614130000000,3.409
1723539614140000000,3.717
1723539614150000000,3.384
1723539614160000000,3.485
1723539614170000000,3.270
1723539614180000000,3.236
1723539614190000000,3.534
1723539614200000000,3.283
1723539614210000000,3.248
1723539614220000000,3.168
1723539614230000000,3.605
1723539614240000000,3.286
1723539614250000000,3.636
1723539614260000000,2.848
1723539614270000000,3.342
1723539614280000000,3.653
1723539614290000000,3.509
1723539614300000000,3.264
1723539614310000000,3.906
1723539614320000000,3.522
1723539614330000000,3.131
1723539614340000000,3.423
1723539614350000000,3.207
1723539614360000000,4.102
1723539614370000000,4.612
1723539614380000000,3.773
1723539614390000000,3.472
1723539614400000000,3.646
1723539614410000000,4.374
1723539614420000000,3.771
1723539614430000000,3.677
1723539614440000000,3.149
1723539614450000000,3.919
1723539614460000000,3.727
1723539614470000000,4.364
1723539614480000000,3.424
1723539614490000000,3.822
1723539614500000000,3.403
1723539614510000000,3.018
1723539614520000000,3.749
1723539614530000000,2.745
1723539614540000000,2.982
1723539614550000000,2.731
1723539614560000000,3.257
1723539614570000000,3.138
1723539614580000000,3.865
1723539614590000000,3.340
1723539614600000000,3.495
1723539614610000000,3.471
1723539614620000000,3.692
1723539614630000000,3.054
1723539614640000000,4.048
1723539614650000000,4.132
1723539614660000000,3.120
1723539614670000000,4.191
1723539614680000000,4.615
1723539614690000000,3.436
1723539614700000000,3.746
1723539614710000000,3.334
1723539614720000000,3.002
1723539614730000000,3.289
1723539614740000000,3.500
1723539614750000000,3.564
1723539614760000000,3.245
1723539614770000000,3.447
1723539614780000000,3.409
1723539614790000000,2.916
1723539614800000000,3.434
1723539614810000000,3.136
1723539614820000000,4.368
1723539614830000000,3.548
1723539614840000000,3.739
1723539614850000000,4.033
1723539614860000000,3.635
1723539614870000000,2.288
1723539614880000000,3.421
1723539614890000000,3.026
1723539614900000000,3.526
1723539614910000000,3.631
1723539614920000000,3.350
1723539614930000000,2.804
1723539614940000000,3.305
1723539614950000000,3.189
1723539614960000000,3.752
1723539614970000000,3.327
1723539614980000000,3.818
1723539614990000000,2.827
1723539615000000000,3.847
1723539615010000000,3.774
1723539615020000000,2.954
1723539615030000000,3.561
1723539615040000000,3.728
1723539615050000000,3.724
1723539615060000000,3.841
1723539615070000000,3.459
1723539615080000000,3.458
1723539615090000000,3.538
1723539615100000000,3.417
1723539615110000000,3.812
1723539615120000000,3.360
1723539615130000000,3.555
1723539615140000000,3.823
1723539615150000000,4.107
1723539615160000000,3.652
1723539615170000000,3.640
1723539615180000000,3.519
1723539615190000000,3.591
1723539615200000000,3.763
1723539615210000000,3.100
1723539615220000000,3.052
1723539615230000000,3.456
1723539615240000000,3.002
1723539615250000000,3.550
1723539615260000000,3.325
1723539615270000000,3.349
1723539615280000000,3.595
1723539615290000000,3.139
1723539615300000000,3.585
1723539615310000000,3.763
1723539615320000000,3.377
1723539615330000000,2.508
1723539615340000000,3.331
1723539615350000000,3.142
1723539615360000000,3.079
1723539615370000000,3.402
1723539615380000000,3.951
1723539615390000000,3.480
1723539615400000000,3.105
1723539615410000000,2.920
1723539615420000000,3.380
1723539615430000000,3.003
1723539615440000000,3.629
1723539615450000000,3.602
1723539615460000000,3.078
1723539615470000000,3.530
1723539615480000000,3.650
1723539615490000000,3.468
1723539615500000000,3.592
1723539615510000000,2.812
1723539615520000000,4.247
1723539615530000000,3.497
1723539615540000000,3.555
1723539615550000000,3.196
1723539615560000000,3.245
1723539615570000000,3.190
1723539615580000000,3.805
1723539615590000000,3.043
1723539615600000000,2.984
1723539615610000000,3.012
1723539615620000000,3.581
1723539615630000000,2.551
1723539615640000000,3.041
1723539615650000000,3.731
1723539615660000000,3.738
1723539615670000000,2.865
1723539615680000000,3.567
1723539615690000000,3.931
1723539615700000000,3.035
1723539615710000000,4.173
1723539615720000000,3.667
1723539615730000000,3.379
1723539615740000000,3.787
1723539615750000000,3.993
1723539615760000000,3.761
1723539615770000000,3.462
1723539615780000000,4.007
1723539615790000000,4.216
1723539615800000000,4.024
1723539615810000000,3.348
1723539615820000000,3.904
1723539615830000000,3.550
1723539615840000000,3.456
1723539615850000000,2.743
1723539615860000000,3.629
1723539615870000000,4.278
1723539615880000000,4.135
1723539615890000000,3.628
1723539615900000000,3.764
1723539615910000000,2.158
1723539615920000000,3.954
1723539615930000000,3.246
1723539615940000000,2.941
1723539615950000000,4.057
1723539615960000000,4.120
1723539615970000000,3.428
1723539615980000000,3.720
1723539615990000000,3.753
1723539616000000000,3.072
1723539616010000000,3.189
1723539616020000000,3.484
1723539616030000000,3.191
1723539616040000000,3.976
1723539616050000000,4.174
1723539616059999999,3.354
1723539616070000000,3.230
1723539616079999999,3.604
1723539616090000000,3.461
1723539616100000000,3.496
1723539616110000000,3.767
1723539616120000000,3.454
1723539616129999999,3.528
1723539616140000000,3.436
1723539616149999999,3.309
1723539616160000000,3.681
1723539616170000000,3.555
1723539616180000000,3.273
1723539616190000000,3.631
1723539616200000000,3.599
1723539616210000000,3.988
1723539616219999999,4.105
1723539616230000000,3.198
1723539616239999999,3.789
1723539616250000000,3.517
1723539616260000000,3.308
1723539616270000000,3.937
1723539616280000000,3.318
1723539616290000000,4.021
1723539616300000000,3.346
1723539616309999999,3.050
1723539616320000000,4.283
1723539616329999999,3.373
1723539616340000000,4.109
1723539616350000000,3.978
1723539616360000000,3.782
1723539616370000000,3.750
1723539616379999999,3.799
1723539616390000000,3.001
1723539616399999999,3.310
1723539616410000000,2.801
1723539616420000000,3.941
1723539616430000000,3.511
1723539616440000000,3.134
1723539616450000000,3.326
1723539616460000000,3.125
1723539616469999999,2.839
1723539616480000000,3.601
1723539616489999999,4.243
1723539616500000000,3.643
1723539616510000000,2.637
1723539616520000000,3.288
1723539616530000000,3.677
1723539616540000000,3.565
1723539616550000000,3.066
1723539616559999999,3.631
1723539616570000000,3.722
1723539616579999999,3.232
1723539616590000000,3.842
1723539616600000000,3.814
1723539616610000000,3.452
1723539616620000000,3.197
1723539616629999999,3.856
1723539616640000000,4.239
1723539616649999999,3.147
1723539616660000000,3.942
1723539616670000000,3.379
1723539616680000000,3.713
1723539616690000000,3.605
1723539616700000000,3.432
1723539616710000000,3.694
1723539616719999999,3.324
1723539616730000000,3.552
1723539616739999999,3.219
1723539616750000000,3.734
1723539616760000000,3.630
1723539616770000000,3.117
1723539616780000000,3.603
1723539616790000000,2.641
1723539616800000000,3.413
1723539616809999999,3.310
1723539616820000000,3.360
1723539616829999999,3.681
1723539616840000000,3.977
1723539616850000000,2.871
1723539616860000000,2.923
1723539616870000000,3.670
1723539616879999999,4.061
1723539616890000000,3.310
1723539616899999999,2.704
1723539616910000000,3.450
1723539616920000000,2.729
1723539616930000000,3.690
1723539616940000000,3.567
1723539616950000000,3.065
1723539616960000000,3.829
1723539616969999999,3.186
1723539616980000000,3.357
1723539616989999999,3.687
1723539617000000000,3.682
1723539617010000000,3.290
1723539617020000000,3.336
1723539617030000000,3.537
1723539617040000000,2.865
1723539617050000000,4.190
1723539617059999999,3.528
1723539617070000000,4.169
1723539617079999999,3.638
1723539617090000000,3.498
1723539617100000000,3.423
1723539617110000000,3.394
1723539617120000000,3.115
1723539617129999999,4.250
1723539617140000000,3.639
1723539617149999999,3.431
1723539617160000000,3.449
1723539617170000000,3.081
1723539617180000000,3.908
1723539617190000000,3.439
1723539617200000000,3.521
1723539617210000000,3.854
1723539617220000000,3.249
1723539617230000000,3.081
1723539617240000000,3.302
1723539617250000000,3.097
1723539617260000000,3.218
1723539617270000000,4.009
1723539617280000000,4.027
1723539617290000000,3.590
1723539617300000000,3.622
1723539617310000000,3.201
1723539617320000000,3.385
1723539617330000000,3.522
1723539617340000000,4.273
1723539617350000000,3.119
1723539617360000000,3.707
1723539617370000000,3.458
1723539617380000000,3.654
1723539617390000000,3.232
1723539617400000000,3.821
1723539617410000000,3.561
1723539617420000000,4.046
1723539617430000000,3.013
1723539617440000000,3.852
1723539617450000000,2.616
1723539617460000000,2.920
1723539617470000000,4.119
1723539617480000000,3.374
1723539617490000000,3.895
1723539617500000000,3.559
1723539617510000000,3.607
1723539617520000000,4.166
1723539617530000000,3.329
1723539617540000000,3.296
1723539617550000000,3.775
1723539617560000000,3.827
1723539617570000000,3.565
1723539617580000000,3.689
1723539617590000000,3.483
1723539617600000000,2.937
1723539617610000000,2.980
1723539617620000000,3.954
1723539617630000000,3.591
1723539617640000000,3.696
1723539617650000000,3.501
1723539617660000000,3.496
1723539617670000000,3.888
1723539617680000000,3.032
1723539617690000000,3.907
1723539617700000000,3.224
1723539617710000000,3.629
1723539617720000000,3.719
1723539617730000000,3.103
1723539617740000000,3.359
1723539617750000000,2.933
1723539617760000000,3.418
1723539617770000000,4.069
1723539617780000000,3.712
1723539617790000000,3.180
1723539617800000000,3.859
1723539617810000000,4.617
1723539617820000000,3.228
1723539617830000000,3.779
1723539617840000000,3.678
1723539617850000000,3.659
1723539617860000000,3.331
1723539617870000000,2.897
1723539617880000000,3.723
1723539617890000000,3.536
1723539617900000000,3.614
1723539617910000000,3.503
1723539617920000000,3.705
1723539617930000000,3.499
1723539617940000000,4.058
1723539617950000000,3.472
1723539617960000000,3.384
1723539617970000000,3.871
1723539617980000000,3.637
1723539617990000000,3.540
1723539618000000000,3.989
1723539618010000000,3.455
1723539618020000000,2.867
1723539618030000000,3.496
1723539618040000000,3.402
1723539618050000000,4.126
1723539618060000000,2.509
1723539618070000000,3.377
1723539618080000000,4.453
1723539618090000000,3.238
1723539618100000000,3.772
1723539618110000000,3.191
1723539618120000000,3.979
1723539618130000000,3.086
1723539618140000000,3.359
1723539618150000000,3.456
1723539618160000000,3.110
1723539618170000000,3.840
1723539618180000000,3.679
1723539618190000000,2.745
1723539618200000000,3.756
1723539618210000000,3.034
1723539618220000000,3.767
1723539618230000000,3.712
1723539618240000000,3.265
1723539618250000000,3.266
1723539618260000000,3.101
1723539618270000000,3.052
1723539618280000000,3.518
1723539618290000000,4.652
1723539618300000000,3.682
1723539618310000000,3.772
1723539618320000000,3.930
1723539618330000000,3.377
1723539618340000000,3.651
1723539618350000000,4.238
1723539618360000000,3.662
1723539618370000000,3.478
1723539618380000000,3.952
1723539618390000000,3.731
1723539618400000000,3.061
1723539618410000000,3.481
1723539618420000000,3.824
1723539618430000000,4.054
1723539618440000000,3.844
1723539618450000000,3.256
1723539618460000000,3.381
1723539618470000000,3.613
1723539618480000000,3.625
1723539618490000000,3.454
1723539618500000000,3.129
1723539618510000000,2.857
1723539618520000000,3.719
1723539618530000000,3.477
1723539618540000000,3.426
1723539618550000000,4.180
1723539618560000000,2.931
1723539618570000000,3.793
1723539618580000000,3.686
1723539618590000000,3.717
1723539618600000000,3.026
1723539618610000000,3.695
1723539618620000000,3.696
1723539618630000000,3.604
1723539618640000000,3.332
1723539618650000000,3.721
1723539618660000000,2.807
1723539618670000000,3.209
1723539618680000000,3.787
1723539618690000000,3.002
1723539618700000000,3.091
1723539618710000000,3.537
1723539618720000000,3.516
1723539618730000000,3.292
1723539618740000000,3.588
1723539618750000000,3.002
1723539618760000000,3.350
1723539618770000000,3.279
1723539618780000000,4.605
1723539618790000000,3.664
1723539618800000000,3.503
1723539618810000000,3.255
1723539618820000000,3.512
1723539618830000000,3.435
1723539618840000000,4.294
1723539618850000000,3.714
1723539618860000000,3.543
1723539618870000000,4.031
1723539618880000000,3.281
1723539618890000000,3.299
1723539618900000000,2.936
1723539618910000000,3.985
1723539618920000000,3.529
1723539618930000000,3.397
1723539618940000000,3.745
1723539618950000000,3.304
1723539618960000000,3.398
1723539618970000000,3.449
1723539618980000000,3.919
1723539618990000000,3.121
1723539619000000000,3.181
1723539619010000000,4.075
1723539619020000000,2.827
1723539619030000000,3.475
1723539619040000000,2.676
1723539619050000000,3.831
1723539619060000000,3.719
1723539619070000000,3.733
1723539619080000000,4.001
1723539619090000000,3.359
1723539619100000000,3.523
1723539619110000000,3.106
1723539619120000000,3.251
1723539619130000000,3.953
1723539619140000000,3.925
1723539619150000000,3.441
1723539619160000000,3.378
1723539619170000000,3.539
1723539619180000000,4.074
1723539619190000000,3.487
1723539619200000000,3.891
1723539619210000000,3.481
1723539619220000000,3.240
1723539619230000000,3.478
1723539619240000000,3.853
1723539619250000000,2.985
1723539619260000000,3.838
1723539619270000000,3.473
1723539619280000000,3.894
1723539619290000000,3.621
1723539619300000000,3.107
1723539619310000000,3.259
1723539619320000000,3.882
1723539619330000000,3.436
1723539619340000000,4.588
1723539619350000000,3.592
1723539619360000000,3.894
1723539619370000000,3.614
1723539619380000000,3.276
1723539619390000000,2.945
1723539619400000000,3.593
1723539619410000000,4.099
1723539619420000000,3.850
1723539619430000000,3.828
1723539619440000000,3.542
1723539619450000000,3.310
1723539619460000000,3.108
1723539619470000000,3.274
1723539619480000000,3.313
1723539619490000000,3.616
1723539619500000000,3.376
1723539619510000000,2.902
1723539619520000000,2.878
1723539619530000000,2.880
1723539619540000000,3.494
1723539619550000000,3.523
1723539619560000000,3.616
1723539619570000000,2.929
1723539619580000000,3.402
1723539619590000000,2.942
1723539619600000000,3.880
1723539619610000000,3.909
1723539619620000000,3.716
1723539619630000000,3.649
1723539619640000000,3.345
1723539619650000000,4.205
1723539619660000000,3.032
1723539619670000000,3.430
1723539619680000000,2.833
1723539619690000000,3.706
1723539619700000000,3.938
1723539619710000000,3.892
1723539619720000000,3.626
1723539619730000000,3.137
1723539619740000000,3.125
1723539619750000000,3.680
1723539619760000000,3.372
1723539619770000000,3.781
1723539619780000000,2.834
1723539619790000000,3.060
1723539619800000000,2.818
1723539619810000000,3.117
1723539619820000000,3.506
1723539619830000000,3.221
1723539619840000000,4.336
1723539619850000000,3.469
1723539619860000000,3.418
1723539619870000000,3.146
1723539619880000000,3.005
1723539619890000000,3.598
1723539619900000000,3.415
1723539619910000000,3.283
1723539619920000000,3.545
1723539619930000000,3.213
1723539619940000000,3.255
1723539619950000000,3.788
1723539619960000000,3.497
1723539619970000000,2.937
1723539619980000000,3.569
1723539619990000000,3.425
1723539620000000000,3.774
1723539620010000000,3.374
1723539620020000000,2.989
1723539620030000000,3.604
1723539620040000000,3.940
1723539620050000000,3.472
1723539620060000000,3.264
1723539620070000000,3.805
1723539620080000000,3.401
1723539620090000000,4.036
1723539620100000000,3.150
1723539620110000000,3.407
1723539620120000000,3.391
1723539620130000000,3.640
1723539620140000000,3.276
1723539620150000000,3.364
1723539620160000000,3.332
1723539620170000000,2.778
1723539620180000000,3.816
1723539620190000000,3.745
1723539620200000000,3.526
1723539620210000000,4.006
1723539620220000000,4.397
1723539620230000000,3.950
1723539620240000000,3.713
1723539620250000000,3.697
1723539620260000000,3.240
1723539620270000000,2.845
1723539620280000000,2.988
1723539620290000000,3.012
1723539620300000000,3.257
1723539620310000000,3.408
1723539620320000000,3.290
1723539620330000000,2.477
1723539620340000000,3.816
1723539620350000000,3.050
1723539620360000000,2.521
1723539620370000000,3.549
1723539620380000000,3.539
1723539620390000000,2.837
1723539620400000000,3.584
1723539620410000000,3.122
1723539620420000000,4.573
1723539620430000000,3.632
1723539620440000000,3.766
1723539620450000000,3.237
1723539620460000000,3.617
1723539620470000000,3.329
1723539620480000000,4.445
1723539620490000000,4.358
1723539620500000000,3.153
1723539620510000000,3.750
1723539620520000000,4.076
1723539620530000000,3.740
1723539620540000000,3.408
1723539620550000000,2.982
1723539620560000000,2.922
1723539620570000000,3.830
1723539620580000000,3.652
1723539620590000000,4.302
1723539620600000000,3.312
1723539620610000000,3.552
1723539620620000000,3.364
1723539620630000000,4.363
1723539620640000000,3.708
1723539620650000000,3.546
1723539620660000000,4.109
1723539620670000000,3.720
1723539620680000000,2.899
1723539620690000000,3.401
1723539620700000000,3.699
1723539620710000000,3.031
1723539620720000000,3.817
1723539620730000000,3.464
1723539620740000000,2.960
1723539620750000000,3.337
1723539620760000000,3.158
1723539620770000000,3.531
1723539620780000000,4.262
1723539620790000000,3.441
1723539620800000000,3.589
1723539620810000000,3.802
1723539620820000000,3.207
1723539620830000000,3.448
1723539620840000000,3.483
1723539620850000000,3.318
1723539620860000000,3.226
1723539620870000000,3.850
1723539620880000000,3.237
1723539620890000000,3.624
1723539620900000000,3.147
1723539620910000000,4.106
1723539620920000000,3.763
1723539620930000000,3.326
1723539620940000000,3.334
1723539620950000000,3.573
1723539620960000000,3.840
1723539620970000000,3.490
1723539620980000000,4.016
1723539620990000000,2.999
1723539621000000000,3.065
1723539621010000000,3.942
1723539621020000000,3.221
1723539621030000000,3.322
1723539621040000000,3.801
1723539621050000000,3.467
1723539621060000000,4.360
1723539621070000000,3.289
1723539621080000000,3.326
1723539621090000000,3.610
1723539621100000000,3.687
1723539621110000000,4.214
1723539621120000000,3.353
1723539621130000000,3.840
1723539621140000000,3.696
1723539621150000000,3.974
1723539621160000000,2.534
1723539621170000000,3.394
1723539621180000000,4.025
1723539621190000000,3.786
1723539621200000000,3.077
1723539621210000000,3.447
1723539621220000000,3.483
1723539621230000000,3.351
1723539621240000000,3.586
1723539621250000000,3.918
1723539621260000000,3.617
1723539621270000000,3.909
1723539621280000000,3.484
1723539621290000000,3.390
1723539621300000000,3.543
1723539621310000000,3.786
1723539621320000000,3.358
1723539621330000000,2.875
1723539621340000000,3.095
1723539621350000000,3.380
1723539621360000000,3.379
1723539621370000000,3.376
1723539621380000000,3.667
1723539621390000000,3.451
1723539621400000000,3.178
1723539621410000000,3.523
1723539621420000000,4.127
1723539621430000000,3.609
1723539621440000000,3.095
1723539621450000000,3.244
1723539621460000000,3.415
1723539621470000000,3.596
1723539621480000000,3.619
1723539621490000000,4.071
1723539621500000000,3.737
1723539621510000000,3.353
1723539621520000000,4.044
1723539621530000000,3.431
1723539621540000000,3.874
1723539621550000000,3.718
1723539621560000000,3.044
1723539621570000000,4.114
1723539621580000000,3.861
1723539621590000000,3.115
1723539621600000000,3.979
1723539621610000000,3.940
1723539621620000000,3.228
1723539621630000000,2.537
1723539621640000000,2.756
1723539621650000000,2.556
1723539621660000000,2.907
1723539621670000000,3.241
1723539621680000000,3.660
1723539621690000000,3.799
1723539621700000000,3.485
1723539621710000000,3.289
1723539621720000000,3.236
1723539621730000000,3.606
1723539621740000000,3.217
1723539621750000000,3.840
1723539621760000000,3.263
1723539621770000000,3.714
1723539621780000000,2.996
1723539621790000000,3.463
1723539621800000000,3.456
1723539621810000000,2.998
1723539621820000000,4.120
1723539621830000000,4.024
1723539621840000000,3.206
1723539621850000000,3.485
1723539621860000000,2.797
1723539621870000000,4.042
1723539621880000000,3.649
1723539621890000000,2.647
1723539621900000000,3.908
1723539621910000000,3.494
1723539621920000000,4.500
1723539621930000000,3.678
1723539621940000000,4.341
1723539621950000000,2.895
1723539621960000000,3.120
1723539621970000000,3.901
1723539621980000000,3.749
1723539621990000000,3.907
1723539622000000000,2.905
1723539622010000000,3.079
1723539622020000000,4.223
1723539622030000000,3.674
1723539622040000000,3.334
1723539622050000000,2.781
1723539622060000000,4.296
1723539622070000000,3.793
1723539622080000000,4.134
1723539622090000000,3.439
1723539622100000000,3.832
1723539622110000000,3.539
1723539622120000000,3.456
1723539622130000000,3.700
1723539622140000000,4.141
1723539622150000000,3.411
1723539622160000000,3.819
1723539622170000000,4.210
1723539622180000000,3.081
1723539622190000000,3.765
1723539622200000000,3.616
1723539622210000000,3.492
1723539622220000000,4.249
1723539622230000000,4.094
1723539622240000000,3.951
1723539622250000000,3.439
1723539622260000000,4.218
1723539622270000000,3.504
1723539622280000000,3.270
1723539622290000000,3.712
1723539622300000000,3.350
1723539622310000000,3.586
1723539622320000000,3.490
1723539622330000000,3.221
1723539622340000000,3.804
1723539622350000000,4.092
1723539622360000000,3.897
1723539622370000000,3.818
1723539622380000000,3.657
1723539622390000000,4.198
1723539622400000000,3.734
1723539622410000000,3.466
1723539622420000000,3.258
1723539622430000000,3.711
1723539622440000000,3.603
1723539622450000000,2.855
1723539622460000000,3.705
1723539622470000000,3.361
1723539622480000000,3.730
1723539622490000000,4.267
1723539622500000000,3.403
1723539622510000000,4.061
1723539622520000000,3.661
1723539622530000000,3.519
1723539622540000000,3.564
1723539622550000000,3.227
1723539622560000000,3.807
1723539622570000000,2.860
1723539622580000000,3.552
1723539622590000000,2.632
1723539622600000000,3.575
1723539622610000000,3.016
1723539622620000000,3.285
1723539622630000000,3.902
1723539622640000000,3.629
1723539622650000000,3.712
1723539622660000000,3.815
1723539622670000000,3.120
1723539622680000000,3.410
1723539622690000000,3.725
1723539622700000000,3.853
1723539622710000000,3.394
1723539622720000000,3.679
1723539622730000000,3.027
1723539622740000000,3.192
1723539622750000000,3.218
1723539622760000000,3.869
1723539622770000000,3.474
1723539622780000000,3.610
1723539622790000000,4.353
1723539622800000000,3.102
1723539622810000000,3.404
1723539622820000000,3.922
1723539622830000000,3.950
1723539622840000000,2.899
1723539622850000000,3.256
1723539622860000000,4.043
1723539622870000000,3.664
1723539622880000000,3.536
1723539622890000000,3.890
1723539622900000000,4.577
1723539622910000000,3.638
1723539622920000000,3.265
1723539622930000000,4.139
1723539622940000000,3.067
1723539622950000000,3.558
1723539622960000000,3.209
1723539622970000000,3.797
1723539622980000000,3.697
1723539622990000000,3.403
1723539623000000000,3.842
1723539623010000000,3.441
1723539623020000000,4.209
1723539623030000000,3.954
1723539623040000000,3.562
1723539623050000000,3.330
1723539623060000000,3.616
1723539623070000000,2.552
1723539623080000000,3.707
1723539623090000000,3.409
1723539623100000000,3.389
1723539623110000000,3.307
1723539623120000000,3.704
1723539623130000000,4.066
1723539623140000000,3.945
1723539623150000000,4.009
1723539623160000000,3.953
1723539623170000000,3.674
1723539623180000000,3.754
1723539623190000000,2.913
1723539623200000000,3.924
1723539623210000000,3.874
1723539623220000000,3.761
1723539623230000000,3.516
1723539623240000000,3.348
1723539623250000000,4.296
1723539623260000000,4.026
1723539623270000000,3.768
1723539623280000000,3.656
1723539623290000000,3.654
1723539623300000000,3.944
1723539623310000000,3.051
1723539623320000000,3.178
1723539623330000000,3.378
1723539623340000000,3.596
1723539623350000000,3.826
1723539623360000000,3.573
1723539623370000000,3.787
1723539623380000000,3.898
1723539623390000000,3.445
1723539623400000000,2.465
1723539623410000000,3.700
1723539623420000000,3.041
1723539623430000000,3.778
1723539623440000000,4.112
1723539623450000000,4.437
1723539623460000000,4.175
1723539623470000000,4.051
1723539623480000000,3.875
1723539623490000000,3.850
1723539623500000000,3.615
1723539623510000000,3.261
1723539623520000000,3.906
1723539623530000000,3.806
1723539623540000000,3.587
1723539623550000000,3.533
1723539623560000000,4.085
1723539623570000000,3.919
1723539623580000000,3.911
1723539623590000000,3.525
1723539623600000000,3.332
1723539623610000000,3.227
1723539623620000000,3.568
1723539623630000000,3.726
1723539623640000000,3.292
1723539623650000000,3.828
1723539623660000000,4.475
1723539623670000000,4.210
1723539623680000000,3.426
1723539623690000000,3.913
1723539623700000000,3.608
1723539623710000000,3.589
1723539623720000000,3.055
1723539623730000000,4.014
1723539623740000000,4.017
1723539623750000000,4.081
1723539623760000000,3.790
1723539623770000000,3.422
1723539623780000000,3.616
1723539623790000000,3.377
1723539623800000000,3.780
1723539623810000000,3.328
1723539623820000000,3.666
1723539623830000000,3.246
1723539623840000000,4.130
1723539623850000000,4.260
1723539623860000000,3.710
1723539623870000000,3.512
1723539623880000000,3.914
1723539623890000000,3.339
1723539623900000000,3.650
1723539623910000000,3.587
1723539623920000000,3.660
1723539623930000000,3.081
1723539623940000000,3.690
1723539623950000000,3.745
1723539623960000000,3.739
1723539623970000000,3.794
1723539623980000000,3.274
1723539623990000000,3.771
1723539624000000000,3.750
1723539624010000000,3.608
1723539624020000000,3.196
1723539624030000000,3.804
1723539624040000000,3.843
1723539624050000000,3.552
1723539624060000000,3.065
1723539624070000000,3.854
1723539624080000000,3.779
1723539624090000000,3.850
1723539624100000000,3.603
1723539624110000000,3.865
1723539624120000000,4.011
1723539624130000000,3.655
1723539624140000000,3.848
1723539624150000000,3.814
1723539624160000000,3.759
1723539624170000000,3.669
1723539624180000000,3.431
1723539624190000000,3.621
1723539624200000000,3.989
1723539624210000000,4.063
1723539624220000000,3.549
1723539624230000000,3.994
1723539624240000000,3.743
1723539624250000000,3.797
1723539624260000000,3.418
1723539624270000000,3.967
1723539624280000000,3.454
1723539624290000000,3.800
1723539624300000000,4.069
1723539624310000000,3.331
1723539624320000000,3.604
1723539624330000000,4.714
1723539624340000000,3.890
1723539624350000000,4.163
1723539624360000000,3.158
1723539624370000000,4.189
1723539624380000000,2.799
1723539624390000000,3.792
1723539624400000000,4.429
1723539624410000000,4.469
1723539624420000000,3.374
1723539624430000000,4.097
1723539624440000000,3.454
1723539624450000000,4.014
1723539624460000000,4.414
1723539624470000000,4.087
1723539624480000000,3.605
1723539624490000000,4.526
1723539624500000000,3.585
1723539624510000000,3.267
1723539624520000000,3.447
1723539624530000000,3.841
1723539624540000000,3.629
1723539624550000000,3.758
1723539624560000000,3.974
1723539624570000000,3.856
1723539624580000000,2.955
1723539624590000000,3.671
1723539624600000000,3.717
1723539624610000000,3.517
1723539624620000000,3.779
1723539624630000000,4.299
1723539624640000000,3.855
1723539624650000000,3.867
1723539624660000000,4.095
1723539624670000000,3.187
1723539624680000000,4.264
1723539624690000000,2.826
1723539624700000000,3.388
1723539624710000000,3.503
1723539624720000000,3.958
1723539624730000000,3.545
1723539624740000000,3.534
1723539624750000000,3.953
1723539624760000000,4.124
1723539624770000000,3.778
1723539624780000000,4.180
1723539624790000000,2.755
1723539624800000000,4.155
1723539624810000000,4.266
1723539624820000000,3.708
1723539624830000000,3.462
1723539624840000000,4.246
1723539624850000000,3.494
1723539624860000000,4.259
1723539624870000000,4.391
1723539624880000000,4.292
1723539624890000000,3.941
1723539624900000000,3.860
1723539624910000000,4.001
1723539624920000000,3.431
1723539624930000000,3.899
1723539624940000000,3.218
1723539624950000000,3.407
1723539624960000000,3.257
1723539624970000000,4.129
1723539624980000000,3.791
1723539624990000000,3.362
1723539625000000000,3.139
1723539625010000000,4.035
1723539625020000000,3.586
1723539625030000000,3.914
1723539625040000000,2.953
1723539625050000000,4.314
1723539625060000000,2.746
1723539625070000000,3.891
1723539625080000000,3.613
1723539625090000000,3.146
1723539625100000000,3.848
1723539625110000000,3.744
1723539625120000000,4.060
1723539625130000000,3.411
1723539625140000000,4.018
1723539625150000000,4.049
1723539625160000000,3.380
1723539625170000000,3.901
1723539625180000000,3.849
1723539625190000000,3.618
1723539625200000000,3.565
1723539625210000000,3.437
1723539625220000000,4.749
1723539625230000000,3.456
1723539625240000000,3.243
1723539625250000000,3.707
1723539625260000000,3.271
1723539625270000000,3.334
1723539625280000000,3.378
1723539625290000000,3.335
1723539625300000000,3.783
1723539625310000000,2.246
1723539625320000000,4.604
1723539625330000000,3.713
1723539625340000000,3.814
1723539625350000000,4.161
1723539625360000000,3.160
1723539625370000000,4.320
1723539625380000000,3.813
1723539625390000000,3.636
1723539625400000000,4.432
1723539625410000000,3.518
1723539625420000000,4.387
1723539625430000000,3.449
1723539625440000000,4.352
1723539625450000000,4.279
1723539625460000000,3.867
1723539625470000000,3.955
1723539625480000000,4.073
1723539625490000000,4.319
1723539625500000000,3.222
1723539625510000000,3.738
1723539625520000000,3.815
1723539625530000000,3.302
1723539625540000000,3.664
1723539625550000000,3.841
1723539625560000000,3.788
1723539625570000000,2.583
1723539625580000000,3.456
1723539625590000000,3.036
1723539625600000000,3.783
1723539625610000000,3.550
1723539625620000000,3.905
1723539625630000000,4.141
1723539625640000000,3.592
1723539625650000000,3.729
1723539625660000000,4.033
1723539625670000000,3.208
1723539625680000000,3.823
1723539625690000000,3.266
1723539625700000000,3.654
1723539625710000000,3.213
1723539625720000000,3.642
1723539625730000000,3.779
1723539625740000000,3.985
1723539625750000000,3.943
1723539625760000000,4.084
1723539625770000000,3.166
1723539625780000000,3.251
1723539625790000000,3.191
1723539625800000000,4.185
1723539625810000000,3.899
1723539625820000000,3.608
1723539625830000000,3.942
1723539625840000000,3.918
1723539625850000000,3.914
1723539625860000000,3.759
1723539625870000000,3.357
1723539625880000000,4.122
1723539625890000000,3.076
1723539625900000000,3.945
1723539625910000000,3.616
1723539625920000000,3.916
1723539625930000000,3.413
1723539625940000000,3.767
1723539625950000000,3.273
1723539625960000000,3.963
1723539625970000000,3.801
1723539625980000000,4.151
1723539625990000000,2.988
1723539626000000000,4.512
1723539626010000000,4.002
1723539626020000000,4.204
1723539626030000000,3.913
1723539626040000000,3.951
1723539626050000000,3.475
1723539626060000000,3.901
1723539626070000000,4.684
1723539626080000000,3.879
1723539626090000000,3.322
1723539626100000000,3.423
1723539626110000000,3.000
1723539626120000000,3.473
1723539626130000000,2.937
1723539626140000000,3.069
1723539626150000000,2.914
1723539626160000000,3.729
1723539626170000000,3.015
1723539626180000000,3.741
1723539626190000000,3.116
1723539626200000000,2.816
1723539626210000000,3.097
1723539626220000000,4.067
1723539626230000000,3.432
1723539626240000000,3.391
1723539626250000000,2.767
1723539626260000000,3.719
1723539626270000000,2.247
1723539626280000000,3.293
1723539626290000000,3.297
1723539626300000000,3.599
1723539626310000000,3.362
1723539626320000000,2.844
1723539626330000000,3.990
1723539626340000000,2.982
1723539626350000000,3.379
1723539626360000000,2.698
1723539626370000000,2.863
1723539626380000000,3.207
1723539626390000000,3.009
1723539626400000000,2.397
1723539626410000000,2.752
1723539626420000000,2.014
1723539626430000000,2.985
1723539626440000000,2.718
1723539626450000000,2.913
1723539626460000000,3.476
1723539626470000000,2.255
1723539626480000000,2.765
1723539626490000000,3.221
1723539626500000000,3.407
1723539626510000000,2.483
1723539626520000000,2.662
1723539626530000000,2.686
1723539626540000000,2.198
1723539626550000000,2.912
1723539626560000000,3.095
1723539626570000000,2.982
1723539626580000000,2.919
1723539626590000000,2.363
1723539626600000000,3.524
1723539626610000000,2.327
1723539626620000000,1.913
1723539626630000000,1.858
1723539626640000000,2.553
1723539626650000000,1.721
1723539626660000000,2.285
1723539626670000000,2.401
1723539626680000000,2.832
1723539626690000000,2.989
1723539626700000000,2.169
1723539626710000000,2.844
1723539626720000000,2.793
1723539626730000000,2.254
1723539626740000000,1.938
1723539626750000000,2.740
1723539626760000000,2.010
1723539626770000000,1.954
1723539626780000000,2.575
1723539626790000000,2.656
1723539626800000000,2.960
1723539626810000000,2.198
1723539626820000000,2.795
1723539626830000000,2.073
1723539626840000000,2.420
1723539626850000000,1.455
1723539626860000000,2.446
1723539626870000000,1.525
1723539626880000000,1.697
1723539626890000000,2.294
1723539626900000000,2.113
1723539626910000000,1.921
1723539626920000000,1.749
1723539626930000000,1.512
1723539626940000000,2.064
1723539626950000000,1.845
1723539626960000000,2.544
1723539626970000000,1.259
1723539626980000000,1.297
1723539626990000000,2.683
1723539627000000000,2.046
1723539627010000000,2.536
1723539627020000000,1.928
1723539627030000000,1.403
1723539627040000000,1.485
1723539627050000000,2.213
1723539627060000000,1.691
1723539627070000000,1.647
1723539627080000000,1.812
1723539627090000000,1.428
1723539627100000000,2.115
1723539627110000000,1.829
1723539627120000000,1.793
1723539627130000000,1.785
1723539627140000000,1.603
1723539627150000000,1.899
1723539627160000000,1.357
1723539627170000000,2.025
1723539627180000000,0.864
1723539627190000000,1.576
1723539627200000000,1.829
1723539627210000000,1.384
1723539627220000000,1.483
1723539627230000000,0.893
1723539627240000000,1.017
1723539627250000000,1.300
1723539627260000000,1.995
1723539627270000000,1.864
1723539627280000000,1.167
1723539627290000000,1.977
1723539627300000000,1.625
1723539627310000000,1.701
1723539627320000000,1.148
1723539627330000000,1.324
1723539627340000000,0.886
1723539627350000000,2.010
1723539627360000000,1.732
1723539627370000000,1.388
1723539627380000000,1.235
1723539627390000000,0.667
1723539627400000000,1.269
1723539627410000000,1.632
1723539627420000000,2.324
1723539627430000000,1.262
1723539627440000000,0.871
1723539627450000000,1.109
1723539627460000000,0.339
1723539627470000000,1.095
1723539627480000000,1.004
1723539627490000000,1.033
1723539627500000000,0.000
1723539627510000000,0.925
1723539627520000000,0.782
1723539627530000000,1.408
1723539627540000000,1.012
1723539627550000000,0.668
1723539627560000000,0.745
1723539627570000000,0.273
1723539627580000000,0.702
1723539627590000000,0.422
1723539627600000000,1.186
1723539627610000000,0.542
1723539627620000000,0.506
1723539627630000000,1.329
1723539627640000000,0.146
1723539627650000000,0.899
1723539627660000000,1.444
1723539627670000000,0.509
1723539627680000000,1.102
1723539627690000000,0.792
1723539627700000000,0.744
1723539627710000000,0.063
1723539627720000000,0.558
1723539627730000000,0.541
1723539627740000000,0.051
1723539627750000000,0.017
1723539627760000000,0.165
1723539627770000000,0.482
1723539627780000000,0.596
1723539627790000000,0.431
1723539627800000000,0.000
1723539627810000000,1.066
1723539627820000000,0.355
1723539627830000000,0.409
1723539627840000000,0.359
1723539627850000000,0.247
1723539627860000000,0.286
1723539627870000000,0.685
1723539627880000000,0.000
1723539627890000000,0.169
1723539627900000000,0.000
1723539627910000000,0.000
1723539627920000000,0.416
1723539627930000000,0.843
1723539627940000000,0.000
1723539627950000000,0.079
1723539627960000000,0.000
1723539627970000000,0.459
1723539627980000000,0.273
1723539627990000000,0.000
1723539628000000000,0.265
1723539628010000000,0.121
1723539628020000000,0.048
1723539628030000000,0.185
1723539628040000000,0.272
1723539628050000000,0.349
1723539628060000000,0.179
1723539628070000000,0.000
1723539628080000000,0.197
1723539628090000000,0.341
1723539628100000000,0.323
1723539628110000000,0.000
1723539628120000000,0.303
1723539628130000000,0.170
1723539628140000000,0.528
1723539628150000000,0.280
1723539628160000000,0.040
1723539628170000000,0.027
1723539628180000000,0.163
1723539628190000000,0.339
1723539628200000000,0.194
1723539628210000000,0.118
1723539628220000000,0.061
1723539628230000000,0.000
1723539628240000000,0.000
1723539628250000000,0.000
1723539628260000000,0.000
1723539628270000000,0.154
1723539628280000000,0.163
1723539628290000000,0.257
1723539628300000000,0.119
1723539628310000000,0.295
1723539628320000000,0.279
1723539628330000000,0.122
1723539628340000000,0.085
1723539628350000000,0.174
1723539628360000000,0.348
1723539628370000000,0.084
1723539628380000000,0.178
1723539628390000000,0.000
1723539628400000000,0.297
1723539628410000000,0.298
1723539628420000000,0.094
1723539628430000000,0.400
1723539628440000000,0.000
1723539628450000000,0.140
1723539628460000000,0.000
1723539628470000000,0.125
1723539628480000000,0.000
1723539628490000000,0.125
1723539628500000000,0.133
1723539628510000000,0.330
1723539628520000000,0.000
1723539628530000000,0.180
1723539628540000000,0.000
1723539628550000000,0.000
1723539628560000000,0.316
1723539628570000000,0.175
1723539628580000000,0.047
1723539628590000000,0.048
1723539628600000000,0.000
1723539628610000000,0.088
1723539628620000000,0.116
1723539628630000000,0.120
1723539628640000000,0.063
1723539628650000000,0.249
1723539628660000000,0.237
1723539628670000000,0.000
1723539628680000000,0.189
1723539628690000000,0.088
1723539628700000000,0.000
1723539628710000000,0.000
1723539628720000000,0.000
1723539628730000000,0.000
1723539628740000000,0.090
1723539628750000000,0.085
1723539628760000000,0.243
1723539628770000000,0.000
1723539628780000000,0.054
1723539628790000000,0.000
1723539628800000000,0.037
1723539628810000000,0.000
1723539628820000000,0.044
1723539628830000000,0.000
1723539628840000000,0.000
1723539628850000000,0.005
1723539628860000000,0.156
1723539628870000000,0.000
1723539628880000000,0.026
1723539628890000000,0.034
1723539628900000000,0.000
1723539628910000000,0.000
1723539628920000000,0.000
1723539628930000000,0.000
1723539628940000000,0.000
1723539628950000000,0.260
1723539628960000000,0.000
1723539628970000000,0.094
1723539628980000000,0.000
1723539628990000000,0.074
1723539629000000000,0.238
1723539629010000000,0.000
1723539629020000000,0.093
1723539629030000000,0.323
1723539629040000000,0.214
1723539629050000000,0.000
1723539629060000000,0.000
1723539629070000000,0.000
1723539629080000000,0.000
1723539629090000000,0.215
1723539629100000000,0.000
1723539629110000000,0.297
1723539629120000000,0.000
1723539629130000000,0.135
1723539629140000000,0.000
1723539629150000000,0.092
1723539629160000000,0.074
1723539629170000000,0.043
1723539629180000000,0.000
1723539629190000000,0.000
1723539629200000000,0.000
1723539629210000000,0.422
1723539629220000000,0.254
1723539629230000000,0.000
1723539629240000000,0.296
1723539629250000000,0.000
1723539629260000000,0.243
1723539629270000000,0.000
1723539629280000000,0.000
1723539629290000000,0.072
1723539629300000000,0.019
1723539629310000000,0.108
1723539629320000000,0.000
1723539629330000000,0.000
1723539629340000000,0.000
1723539629350000000,0.000
1723539629360000000,0.072
1723539629370000000,0.178
1723539629380000000,0.000
1723539629390000000,0.089
1723539629400000000,0.042
1723539629410000000,0.017
1723539629420000000,0.288
1723539629430000000,0.160
1723539629440000000,0.187
1723539629450000000,0.000
1723539629460000000,0.097
1723539629470000000,0.210
1723539629480000000,0.000
1723539629490000000,0.305
1723539629500000000,0.000
1723539629510000000,0.002
1723539629520000000,0.206
1723539629530000000,0.000
1723539629540000000,0.000
1723539629550000000,0.053
1723539629560000000,0.330
1723539629570000000,0.133
1723539629580000000,0.000
1723539629590000000,0.149
1723539629600000000,0.200
1723539629610000000,0.194
1723539629620000000,0.127
1723539629630000000,0.000
1723539629640000000,0.087
1723539629650000000,0.023
1723539629660000000,0.000
1723539629670000000,0.000
1723539629680000000,0.000
1723539629690000000,0.079
1723539629700000000,0.000
1723539629710000000,0.038
1723539629720000000,0.000
1723539629730000000,0.142
1723539629740000000,0.000
1723539629750000000,0.000
1723539629760000000,0.052
1723539629770000000,0.066
1723539629780000000,0.087
1723539629790000000,0.063
1723539629800000000,0.018
1723539629810000000,0.000
1723539629820000000,0.000
1723539629830000000,0.000
1723539629840000000,0.361
1723539629850000000,0.000
1723539629860000000,0.000
1723539629870000000,0.000
1723539629880000000,0.000
1723539629890000000,0.211
1723539629900000000,0.000
1723539629910000000,0.000
1723539629920000000,0.000
1723539629930000000,0.000
1723539629940000000,0.338
1723539629950000000,0.141
1723539629960000000,0.154
1723539629970000000,0.156
1723539629980000000,0.000
1723539629990000000,0.151
