timestamp_ns,value_kg/s
1721725200000000000,0.004
1721725200010000000,0.000
1721725200020000000,0.000
1721725200030000000,0.000
1721725200040000000,0.000
1721725200050000000,0.000
1721725200060000000,0.005
1721725200070000000,0.014
1721725200080000000,0.005
1721725200090000000,0.000
1721725200100000000,0.000
1721725200110000000,0.000
1721725200120000000,0.003
1721725200130000000,0.006
1721725200140000000,0.000
1721725200150000000,0.002
1721725200160000000,0.000
1721725200170000000,0.000
1721725200180000000,0.000
1721725200190000000,0.000
1721725200200000000,0.014
1721725200210000000,0.004
1721725200220000000,0.004
1721725200230000000,0.000
1721725200240000000,0.000
1721725200250000000,0.009
1721725200260000000,0.000
1721725200270000000,0.000
1721725200280000000,0.000
1721725200290000000,0.008
1721725200300000000,0.000
1721725200310000000,0.002
1721725200320000000,0.010
1721725200330000000,0.000
1721725200340000000,0.006
1721725200350000000,0.001
1721725200360000000,0.001
1721725200370000000,0.005
1721725200380000000,0.002
1721725200390000000,0.000
1721725200400000000,0.000
1721725200410000000,0.000
1721725200420000000,0.010
1721725200430000000,0.000
1721725200440000000,0.001
1721725200450000000,0.004
1721725200460000000,0.000
1721725200470000000,0.000
1721725200480000000,0.005
1721725200490000000,0.004
1721725200500000000,0.012
1721725200510000000,0.000
1721725200520000000,0.001
1721725200530000000,0.010
1721725200540000000,0.000
1721725200550000000,0.000
1721725200560000000,0.000
1721725200570000000,0.000
1721725200580000000,0.004
1721725200590000000,0.000
1721725200600000000,0.000
1721725200610000000,0.000
1721725200620000000,0.002
1721725200630000000,0.000
1721725200640000000,0.000
1721725200650000000,0.017
1721725200660000000,0.001
1721725200670000000,0.001
1721725200680000000,0.000
1721725200690000000,0.000
1721725200700000000,0.000
1721725200710000000,0.000
1721725200720000000,0.009
1721725200730000000,0.000
1721725200740000000,0.000
1721725200750000000,0.005
1721725200760000000,0.000
1721725200770000000,0.000
1721725200780000000,0.000
1721725200790000000,0.002
1721725200800000000,0.000
1721725200810000000,0.000
1721725200820000000,0.012
1721725200830000000,0.008
1721725200840000000,0.010
1721725200850000000,0.000
1721725200860000000,0.011
1721725200870000000,0.003
1721725200880000000,0.005
1721725200890000000,0.000
1721725200900000000,0.003
1721725200910000000,0.000
1721725200920000000,0.003
1721725200930000000,0.008
1721725200940000000,0.001
1721725200950000000,0.004
1721725200960000000,0.015
1721725200970000000,0.007
1721725200980000000,0.000
1721725200990000000,0.010
1721725201000000000,0.000
1721725201010000000,0.007
1721725201020000000,0.001
1721725201030000000,0.000
1721725201040000000,0.000
1721725201050000000,0.003
1721725201060000000,0.007
1721725201070000000,0.000
1721725201080000000,0.003
1721725201090000000,0.000
1721725201100000000,0.005
1721725201110000000,0.000
1721725201120000000,0.000
1721725201130000000,0.000
1721725201140000000,0.000
1721725201150000000,0.012
1721725201160000000,0.004
1721725201170000000,0.005
1721725201180000000,0.005
1721725201190000000,0.012
1721725201200000000,0.006
1721725201210000000,0.000
1721725201220000000,0.000
1721725201230000000,0.009
1721725201240000000,0.000
1721725201250000000,0.000
1721725201260000000,0.002
1721725201270000000,0.000
1721725201280000000,0.000
1721725201290000000,0.002
1721725201300000000,0.003
1721725201310000000,0.000
1721725201320000000,0.008
1721725201330000000,0.010
1721725201340000000,0.002
1721725201350000000,0.009
1721725201360000000,0.015
1721725201370000000,0.008
1721725201380000000,0.010
1721725201390000000,0.012
1721725201400000000,0.000
1721725201410000000,0.000
1721725201420000000,0.008
1721725201430000000,0.010
1721725201440000000,0.000
1721725201450000000,0.003
1721725201460000000,0.000
1721725201470000000,0.000
1721725201480000000,0.002
1721725201490000000,0.011
1721725201500000000,0.000
1721725201510000000,0.000
1721725201520000000,0.005
1721725201530000000,0.000
1721725201540000000,0.015
1721725201550000000,0.005
1721725201560000000,0.000
1721725201570000000,0.000
1721725201580000000,0.000
1721725201590000000,0.000
1721725201600000000,0.004
1721725201610000000,0.000
1721725201620000000,0.010
1721725201630000000,0.000
1721725201640000000,0.007
1721725201650000000,0.004
1721725201660000000,0.009
1721725201670000000,0.005
1721725201680000000,0.006
1721725201690000000,0.008
1721725201700000000,0.004
1721725201710000000,0.000
1721725201720000000,0.025
1721725201730000000,0.000
1721725201740000000,0.000
1721725201750000000,0.007
1721725201760000000,0.004
1721725201770000000,0.000
1721725201780000000,0.000
1721725201790000000,0.010
1721725201800000000,0.003
1721725201810000000,0.000
1721725201820000000,0.000
1721725201830000000,0.008
1721725201840000000,0.000
1721725201850000000,0.000
1721725201860000000,0.000
1721725201870000000,0.000
1721725201880000000,0.003
1721725201890000000,0.000
1721725201900000000,0.000
1721725201910000000,0.015
1721725201920000000,0.003
1721725201930000000,0.000
1721725201940000000,0.015
1721725201950000000,0.000
1721725201960000000,0.000
1721725201970000000,0.000
1721725201980000000,0.014
1721725201990000000,0.000
1721725202000000000,0.001
1721725202009999999,0.000
1721725202020000000,0.035
1721725202029999999,0.026
1721725202040000000,0.027
1721725202049999999,0.034
1721725202060000000,0.030
1721725202069999999,0.046
1721725202080000000,0.049
1721725202089999999,0.063
1721725202100000000,0.010
1721725202109999999,0.069
1721725202120000000,0.099
1721725202130000000,0.060
1721725202140000000,0.087
1721725202150000000,0.086
1721725202160000000,0.096
1721725202170000000,0.074
1721725202180000000,0.090
1721725202190000000,0.117
1721725202200000000,0.114
1721725202210000000,0.110
1721725202220000000,0.122
1721725202230000000,0.077
1721725202240000000,0.101
1721725202250000000,0.125
1721725202260000000,0.174
1721725202270000000,0.149
1721725202280000000,0.166
1721725202290000000,0.204
1721725202300000000,0.139
1721725202310000000,0.158
1721725202320000000,0.205
1721725202330000000,0.205
1721725202340000000,0.202
1721725202350000000,0.243
1721725202360000000,0.234
1721725202370000000,0.230
1721725202380000000,0.241
1721725202390000000,0.205
1721725202400000000,0.236
1721725202410000000,0.243
1721725202420000000,0.216
1721725202430000000,0.246
1721725202440000000,0.251
1721725202450000000,0.281
1721725202460000000,0.294
1721725202470000000,0.273
1721725202480000000,0.308
1721725202490000000,0.317
1721725202500000000,0.316
1721725202510000000,0.274
1721725202520000000,0.315
1721725202530000000,0.279
1721725202540000000,0.328
1721725202550000000,0.321
1721725202560000000,0.336
1721725202570000000,0.327
1721725202580000000,0.363
1721725202590000000,0.332
1721725202600000000,0.376
1721725202610000000,0.342
1721725202620000000,0.357
1721725202630000000,0.379
1721725202640000000,0.368
1721725202650000000,0.417
1721725202660000000,0.399
1721725202670000000,0.405
1721725202680000000,0.396
1721725202690000000,0.408
1721725202700000000,0.437
1721725202710000000,0.402
1721725202720000000,0.447
1721725202730000000,0.430
1721725202740000000,0.473
1721725202750000000,0.465
1721725202760000000,0.442
1721725202770000000,0.457
1721725202780000000,0.481
1721725202790000000,0.500
1721725202800000000,0.430
1721725202810000000,0.467
1721725202820000000,0.514
1721725202830000000,0.456
1721725202840000000,0.511
1721725202850000000,0.479
1721725202860000000,0.531
1721725202870000000,0.495
1721725202880000000,0.483
1721725202890000000,0.531
1721725202900000000,0.536
1721725202910000000,0.564
1721725202920000000,0.546
1721725202930000000,0.574
1721725202940000000,0.587
1721725202950000000,0.577
1721725202960000000,0.583
1721725202970000000,0.581
1721725202980000000,0.552
1721725202990000000,0.568
1721725203000000000,0.638
1721725203010000000,0.668
1721725203020000000,0.673
1721725203030000000,0.660
1721725203040000000,0.697
1721725203050000000,0.675
1721725203060000000,0.674
1721725203070000000,0.659
1721725203080000000,0.695
1721725203090000000,0.705
1721725203100000000,0.660
1721725203110000000,0.670
1721725203120000000,0.683
1721725203130000000,0.667
1721725203140000000,0.692
1721725203150000000,0.682
1721725203160000000,0.686
1721725203170000000,0.674
1721725203180000000,0.657
1721725203190000000,0.658
1721725203200000000,0.646
1721725203210000000,0.654
1721725203220000000,0.650
1721725203230000000,0.675
1721725203240000000,0.687
1721725203250000000,0.666
1721725203260000000,0.655
1721725203270000000,0.677
1721725203280000000,0.662
1721725203290000000,0.697
1721725203300000000,0.688
1721725203310000000,0.695
1721725203320000000,0.671
1721725203330000000,0.680
1721725203340000000,0.685
1721725203350000000,0.664
1721725203360000000,0.684
1721725203370000000,0.697
1721725203380000000,0.695
1721725203390000000,0.681
1721725203400000000,0.728
1721725203410000000,0.702
1721725203420000000,0.709
1721725203430000000,0.672
1721725203440000000,0.711
1721725203450000000,0.704
1721725203460000000,0.684
1721725203470000000,0.717
1721725203480000000,0.662
1721725203490000000,0.718
1721725203500000000,0.712
1721725203510000000,0.700
1721725203520000000,0.699
1721725203530000000,0.729
1721725203540000000,0.679
1721725203550000000,0.683
1721725203560000000,0.717
1721725203570000000,0.738
1721725203580000000,0.695
1721725203590000000,0.703
1721725203600000000,0.736
1721725203610000000,0.753
1721725203620000000,0.705
1721725203630000000,0.732
1721725203640000000,0.723
1721725203650000000,0.748
1721725203660000000,0.741
1721725203670000000,0.711
1721725203680000000,0.752
1721725203690000000,0.759
1721725203700000000,0.771
1721725203710000000,0.730
1721725203720000000,0.720
1721725203730000000,0.742
1721725203740000000,0.749
1721725203750000000,0.712
1721725203760000000,0.728
1721725203770000000,0.726
1721725203780000000,0.770
1721725203790000000,0.738
1721725203800000000,0.729
1721725203810000000,0.722
1721725203820000000,0.738
1721725203830000000,0.765
1721725203840000000,0.739
1721725203850000000,0.744
1721725203860000000,0.750
1721725203870000000,0.792
1721725203880000000,0.762
1721725203890000000,0.744
1721725203900000000,0.769
1721725203910000000,0.781
1721725203920000000,0.762
1721725203930000000,0.785
1721725203940000000,0.746
1721725203950000000,0.765
1721725203960000000,0.770
1721725203970000000,0.752
1721725203980000000,0.787
1721725203990000000,0.801
1721725204000000000,0.812
1721725204010000000,0.805
1721725204019999999,0.771
1721725204030000000,0.810
1721725204040000000,0.782
1721725204050000000,0.820
1721725204059999999,0.771
1721725204070000000,0.808
1721725204080000000,0.780
1721725204090000000,0.806
1721725204099999999,0.826
1721725204110000000,0.808
1721725204120000000,0.809
1721725204130000000,0.814
1721725204139999999,0.793
1721725204150000000,0.792
1721725204160000000,0.829
1721725204170000000,0.803
1721725204179999999,0.840
1721725204190000000,0.831
1721725204200000000,0.801
1721725204210000000,0.834
1721725204219999999,0.832
1721725204230000000,0.839
1721725204240000000,0.826
1721725204250000000,0.811
1721725204260000000,0.860
1721725204269999999,0.869
1721725204280000000,0.864
1721725204290000000,0.848
1721725204300000000,0.890
1721725204310000000,0.836
1721725204320000000,0.863
1721725204330000000,0.849
1721725204340000000,0.871
1721725204350000000,0.863
1721725204360000000,0.864
1721725204370000000,0.919
1721725204380000000,0.875
1721725204390000000,0.879
1721725204400000000,0.905
1721725204410000000,0.899
1721725204420000000,0.908
1721725204430000000,0.898
1721725204440000000,0.935
1721725204450000000,0.888
1721725204460000000,0.892
1721725204470000000,0.894
1721725204480000000,0.868
1721725204490000000,0.937
1721725204500000000,0.904
1721725204510000000,0.921
1721725204520000000,0.901
1721725204530000000,0.941
1721725204540000000,0.945
1721725204550000000,0.952
1721725204560000000,0.939
1721725204570000000,0.978
1721725204580000000,0.969
1721725204590000000,0.971
1721725204600000000,0.929
1721725204610000000,0.968
1721725204620000000,0.974
1721725204630000000,0.972
1721725204640000000,0.973
1721725204650000000,0.969
1721725204660000000,0.958
1721725204670000000,0.986
1721725204680000000,1.014
1721725204690000000,0.985
1721725204700000000,0.998
1721725204710000000,0.995
1721725204720000000,1.019
1721725204730000000,1.047
1721725204740000000,1.037
1721725204750000000,1.013
1721725204760000000,1.037
1721725204770000000,1.030
1721725204780000000,1.007
1721725204790000000,1.064
1721725204800000000,1.060
1721725204810000000,1.063
1721725204820000000,1.001
1721725204830000000,1.070
1721725204840000000,1.024
1721725204850000000,1.060
1721725204860000000,1.060
1721725204870000000,1.084
1721725204880000000,1.067
1721725204890000000,1.050
1721725204900000000,1.039
1721725204910000000,1.088
1721725204920000000,1.072
1721725204930000000,1.091
1721725204940000000,1.098
1721725204950000000,1.099
1721725204960000000,1.139
1721725204970000000,1.088
1721725204980000000,1.126
1721725204990000000,1.107
1721725205000000000,1.136
1721725205010000000,1.146
1721725205020000000,1.088
1721725205030000000,1.155
1721725205040000000,1.115
1721725205050000000,1.106
1721725205060000000,1.126
1721725205070000000,1.149
1721725205080000000,1.124
1721725205090000000,1.164
1721725205100000000,1.131
1721725205110000000,1.161
1721725205120000000,1.196
1721725205130000000,1.212
1721725205140000000,1.179
1721725205150000000,1.186
1721725205160000000,1.165
1721725205170000000,1.186
1721725205180000000,1.181
1721725205190000000,1.233
1721725205200000000,1.200
1721725205210000000,1.219
1721725205220000000,1.195
1721725205230000000,1.205
1721725205240000000,1.209
1721725205250000000,1.237
1721725205260000000,1.212
1721725205270000000,1.257
1721725205280000000,1.209
1721725205290000000,1.269
1721725205300000000,1.243
1721725205310000000,1.257
1721725205320000000,1.292
1721725205330000000,1.263
1721725205340000000,1.297
1721725205350000000,1.275
1721725205360000000,1.292
1721725205370000000,1.284
1721725205380000000,1.300
1721725205390000000,1.300
1721725205400000000,1.285
1721725205410000000,1.316
1721725205420000000,1.316
1721725205430000000,1.293
1721725205440000000,1.329
1721725205450000000,1.327
1721725205460000000,1.346
1721725205470000000,1.317
1721725205480000000,1.303
1721725205490000000,1.352
1721725205500000000,1.331
1721725205510000000,1.373
1721725205520000000,1.332
1721725205530000000,1.360
1721725205540000000,1.377
1721725205550000000,1.388
1721725205560000000,1.365
1721725205570000000,1.368
1721725205580000000,1.370
1721725205590000000,1.371
1721725205600000000,1.354
1721725205610000000,1.368
1721725205620000000,1.405
1721725205630000000,1.387
1721725205640000000,1.424
1721725205650000000,1.441
1721725205660000000,1.432
1721725205670000000,1.427
1721725205680000000,1.410
1721725205690000000,1.409
1721725205700000000,1.432
1721725205710000000,1.449
1721725205720000000,1.472
1721725205730000000,1.446
1721725205740000000,1.464
1721725205750000000,1.463
1721725205760000000,1.465
1721725205770000000,1.467
1721725205780000000,1.457
1721725205790000000,1.488
1721725205800000000,1.461
1721725205810000000,1.503
1721725205820000000,1.476
1721725205830000000,1.497
1721725205840000000,1.495
1721725205850000000,1.523
1721725205860000000,1.528
1721725205870000000,1.509
1721725205880000000,1.528
1721725205890000000,1.540
1721725205900000000,1.518
1721725205910000000,1.562
1721725205920000000,1.540
1721725205930000000,1.529
1721725205940000000,1.543
1721725205950000000,1.518
1721725205960000000,1.580
1721725205970000000,1.554
1721725205980000000,1.552
1721725205990000000,1.571
1721725206000000000,1.538
1721725206010000000,1.571
1721725206020000000,1.580
1721725206030000000,1.554
1721725206040000000,1.575
1721725206050000000,1.585
1721725206060000000,1.555
1721725206070000000,1.598
1721725206080000000,1.602
1721725206090000000,1.629
1721725206100000000,1.580
1721725206110000000,1.617
1721725206120000000,1.582
1721725206130000000,1.609
1721725206140000000,1.633
1721725206150000000,1.648
1721725206160000000,1.651
1721725206170000000,1.638
1721725206180000000,1.621
1721725206190000000,1.603
1721725206200000000,1.641
1721725206210000000,1.679
1721725206220000000,1.624
1721725206230000000,1.653
1721725206240000000,1.642
1721725206250000000,1.647
1721725206260000000,1.674
1721725206270000000,1.661
1721725206280000000,1.686
1721725206290000000,1.681
1721725206300000000,1.663
1721725206310000000,1.709
1721725206320000000,1.657
1721725206330000000,1.669
1721725206340000000,1.696
1721725206350000000,1.689
1721725206360000000,1.690
1721725206370000000,1.718
1721725206380000000,1.723
1721725206390000000,1.682
1721725206400000000,1.680
1721725206410000000,1.694
1721725206420000000,1.716
1721725206430000000,1.723
1721725206440000000,1.717
1721725206450000000,1.705
1721725206460000000,1.729
1721725206470000000,1.698
1721725206480000000,1.737
1721725206490000000,1.722
1721725206500000000,1.776
1721725206510000000,1.776
1721725206520000000,1.735
1721725206530000000,1.763
1721725206540000000,1.739
1721725206550000000,1.774
1721725206560000000,1.738
1721725206570000000,1.798
1721725206580000000,1.755
1721725206590000000,1.758
1721725206600000000,1.761
1721725206610000000,1.746
1721725206620000000,1.774
1721725206630000000,1.766
1721725206640000000,1.741
1721725206650000000,1.774
1721725206660000000,1.810
1721725206670000000,1.765
1721725206680000000,1.759
1721725206690000000,1.792
1721725206700000000,1.804
1721725206710000000,1.831
1721725206720000000,1.816
1721725206730000000,1.748
1721725206740000000,1.798
1721725206750000000,1.814
1721725206760000000,1.752
1721725206770000000,1.803
1721725206780000000,1.815
1721725206790000000,1.841
1721725206800000000,1.832
1721725206810000000,1.809
1721725206820000000,1.804
1721725206830000000,1.820
1721725206840000000,1.816
1721725206850000000,1.807
1721725206860000000,1.815
1721725206870000000,1.823
1721725206880000000,1.818
1721725206890000000,1.854
1721725206900000000,1.847
1721725206910000000,1.825
1721725206920000000,1.841
1721725206930000000,1.812
1721725206940000000,1.852
1721725206950000000,1.825
1721725206960000000,1.870
1721725206970000000,1.797
1721725206980000000,1.866
1721725206990000000,1.847
1721725207000000000,1.808
1721725207010000000,1.886
1721725207020000000,1.867
1721725207030000000,1.859
1721725207040000000,1.878
1721725207050000000,1.869
1721725207060000000,1.839
1721725207070000000,1.857
1721725207080000000,1.856
1721725207090000000,1.875
1721725207100000000,1.869
1721725207110000000,1.862
1721725207120000000,1.865
1721725207130000000,1.886
1721725207140000000,1.853
1721725207150000000,1.891
1721725207160000000,1.886
1721725207170000000,1.872
1721725207180000000,1.898
1721725207190000000,1.906
1721725207200000000,1.910
1721725207210000000,1.839
1721725207220000000,1.886
1721725207230000000,1.917
1721725207240000000,1.869
1721725207250000000,1.920
1721725207260000000,1.886
1721725207270000000,1.895
1721725207280000000,1.891
1721725207290000000,1.911
1721725207300000000,1.915
1721725207310000000,1.894
1721725207320000000,1.878
1721725207330000000,1.934
1721725207340000000,1.873
1721725207350000000,1.896
1721725207360000000,1.880
1721725207370000000,1.926
1721725207380000000,1.915
1721725207390000000,1.880
1721725207400000000,1.943
1721725207410000000,1.891
1721725207420000000,1.895
1721725207430000000,1.948
1721725207440000000,1.901
1721725207450000000,1.875
1721725207460000000,1.916
1721725207470000000,1.928
1721725207480000000,1.924
1721725207490000000,1.950
1721725207500000000,1.949
1721725207510000000,1.915
1721725207520000000,1.917
1721725207530000000,1.897
1721725207540000000,1.933
1721725207550000000,1.887
1721725207560000000,1.957
1721725207570000000,1.945
1721725207580000000,1.937
1721725207590000000,1.954
1721725207600000000,1.971
1721725207610000000,1.903
1721725207620000000,1.918
1721725207630000000,1.921
1721725207640000000,1.924
1721725207650000000,1.946
1721725207660000000,1.959
1721725207670000000,1.929
1721725207680000000,1.960
1721725207690000000,1.935
1721725207700000000,1.951
1721725207710000000,1.930
1721725207720000000,1.940
1721725207730000000,1.977
1721725207740000000,1.915
1721725207750000000,1.942
1721725207760000000,1.939
1721725207770000000,1.932
1721725207780000000,1.952
1721725207790000000,1.976
1721725207800000000,1.949
1721725207810000000,1.933
1721725207820000000,1.968
1721725207830000000,1.972
1721725207840000000,1.939
1721725207850000000,1.957
1721725207860000000,1.983
1721725207870000000,1.969
1721725207880000000,1.951
1721725207890000000,1.927
1721725207900000000,1.913
1721725207910000000,1.955
1721725207920000000,1.931
1721725207930000000,1.931
1721725207940000000,1.986
1721725207950000000,1.922
1721725207960000000,1.986
1721725207970000000,1.951
1721725207980000000,1.977
1721725207990000000,1.940
1721725208000000000,1.967
1721725208010000000,1.933
1721725208020000000,1.924
1721725208029999999,1.964
1721725208039999999,1.958
1721725208050000000,1.983
1721725208060000000,1.961
1721725208070000000,1.957
1721725208080000000,1.945
1721725208090000000,1.965
1721725208100000000,1.977
1721725208109999999,1.953
1721725208119999999,1.977
1721725208130000000,1.940
1721725208140000000,2.009
1721725208150000000,1.951
1721725208160000000,2.003
1721725208170000000,1.971
1721725208180000000,1.993
1721725208189999999,1.960
1721725208199999999,1.978
1721725208210000000,2.008
1721725208220000000,1.967
1721725208230000000,1.949
1721725208240000000,1.990
1721725208250000000,1.952
1721725208260000000,1.959
1721725208270000000,1.973
1721725208279999999,1.999
1721725208289999999,2.007
1721725208300000000,1.933
1721725208310000000,1.981
1721725208320000000,1.992
1721725208330000000,1.945
1721725208340000000,1.935
1721725208350000000,1.948
1721725208359999999,2.011
1721725208369999999,2.007
1721725208380000000,1.974
1721725208390000000,1.960
1721725208400000000,1.998
1721725208410000000,1.967
1721725208420000000,1.998
1721725208430000000,1.993
1721725208439999999,1.994
1721725208449999999,1.960
1721725208460000000,1.964
1721725208470000000,1.970
1721725208480000000,1.987
1721725208490000000,1.952
1721725208500000000,1.991
1721725208510000000,1.981
1721725208520000000,1.972
1721725208529999999,1.990
1721725208539999999,2.010
1721725208550000000,1.924
1721725208560000000,1.989
1721725208570000000,1.993
1721725208580000000,1.926
1721725208590000000,1.958
1721725208600000000,2.010
1721725208610000000,1.973
1721725208620000000,1.992
1721725208630000000,1.964
1721725208640000000,1.981
1721725208650000000,1.981
1721725208660000000,2.025
1721725208670000000,1.952
1721725208680000000,1.947
1721725208690000000,1.963
1721725208700000000,1.986
1721725208710000000,2.013
1721725208720000000,2.011
1721725208730000000,2.010
1721725208740000000,1.974
1721725208750000000,2.003
1721725208760000000,1.967
1721725208770000000,1.951
1721725208780000000,2.019
1721725208790000000,1.970
1721725208800000000,1.960
1721725208810000000,1.991
1721725208820000000,2.008
1721725208830000000,1.993
1721725208840000000,1.986
1721725208850000000,1.946
1721725208860000000,1.980
1721725208870000000,2.006
1721725208880000000,1.974
1721725208890000000,1.999
1721725208900000000,1.990
1721725208910000000,1.974
1721725208920000000,2.022
1721725208930000000,1.963
1721725208940000000,1.997
1721725208950000000,1.997
1721725208960000000,1.980
1721725208970000000,2.017
1721725208980000000,2.005
1721725208990000000,1.987
1721725209000000000,2.017
1721725209010000000,2.023
1721725209020000000,1.979
1721725209030000000,1.994
1721725209040000000,1.979
1721725209050000000,2.036
1721725209060000000,1.994
1721725209070000000,1.982
1721725209080000000,1.955
1721725209090000000,2.030
1721725209100000000,1.981
1721725209110000000,2.016
1721725209120000000,1.986
1721725209130000000,1.955
1721725209140000000,2.019
1721725209150000000,1.966
1721725209160000000,2.006
1721725209170000000,2.013
1721725209180000000,1.991
1721725209190000000,2.022
1721725209200000000,2.021
1721725209210000000,1.980
1721725209220000000,2.008
1721725209230000000,1.997
1721725209240000000,1.969
1721725209250000000,2.008
1721725209260000000,2.001
1721725209270000000,2.001
1721725209280000000,2.028
1721725209290000000,2.003
1721725209300000000,1.997
1721725209310000000,2.009
1721725209320000000,1.999
1721725209330000000,1.971
1721725209340000000,2.010
1721725209350000000,1.994
1721725209360000000,2.008
1721725209370000000,2.031
1721725209380000000,2.024
1721725209390000000,2.022
1721725209400000000,1.997
1721725209410000000,1.989
1721725209420000000,1.980
1721725209430000000,2.008
1721725209440000000,2.025
1721725209450000000,1.991
1721725209460000000,1.979
1721725209470000000,2.029
1721725209480000000,2.008
1721725209490000000,1.998
1721725209500000000,2.033
1721725209510000000,2.011
1721725209520000000,1.984
1721725209530000000,1.972
1721725209540000000,1.978
1721725209550000000,1.960
1721725209560000000,2.029
1721725209570000000,2.008
1721725209580000000,1.995
1721725209590000000,2.029
1721725209600000000,2.014
1721725209610000000,1.974
1721725209620000000,1.984
1721725209630000000,1.998
1721725209640000000,2.023
1721725209650000000,2.020
1721725209660000000,2.013
1721725209670000000,2.002
1721725209680000000,1.969
1721725209690000000,2.012
1721725209700000000,1.992
1721725209710000000,1.969
1721725209720000000,1.991
1721725209730000000,1.992
1721725209740000000,1.980
1721725209750000000,2.003
1721725209760000000,2.012
1721725209770000000,2.048
1721725209780000000,1.996
1721725209790000000,2.009
1721725209800000000,2.017
1721725209810000000,1.975
1721725209820000000,1.986
1721725209830000000,1.998
1721725209840000000,2.021
1721725209850000000,2.007
1721725209860000000,1.986
1721725209870000000,1.988
1721725209880000000,1.989
1721725209890000000,1.995
1721725209900000000,1.981
1721725209910000000,2.002
1721725209920000000,1.981
1721725209930000000,1.996
1721725209940000000,1.972
1721725209950000000,1.982
1721725209960000000,2.045
1721725209970000000,2.040
1721725209980000000,1.998
1721725209990000000,2.023
1721725210000000000,1.990
1721725210010000000,1.984
1721725210020000000,2.017
1721725210030000000,1.978
1721725210040000000,2.040
1721725210050000000,2.033
1721725210060000000,2.003
1721725210070000000,1.960
1721725210080000000,1.990
1721725210090000000,2.000
1721725210100000000,2.019
1721725210110000000,1.976
1721725210120000000,2.024
1721725210130000000,2.031
1721725210140000000,1.993
1721725210150000000,2.010
1721725210160000000,2.002
1721725210170000000,1.979
1721725210180000000,2.011
1721725210190000000,2.001
1721725210200000000,2.000
1721725210210000000,2.011
1721725210220000000,2.007
1721725210230000000,2.001
1721725210240000000,1.992
1721725210250000000,2.012
1721725210260000000,2.009
1721725210270000000,2.019
1721725210280000000,1.995
1721725210290000000,2.030
1721725210300000000,2.001
1721725210310000000,1.961
1721725210320000000,2.018
1721725210330000000,1.983
1721725210340000000,2.005
1721725210350000000,1.999
1721725210360000000,2.024
1721725210370000000,1.972
1721725210380000000,1.980
1721725210390000000,2.013
1721725210400000000,2.027
1721725210410000000,1.975
1721725210420000000,1.995
1721725210430000000,1.964
1721725210440000000,1.998
1721725210450000000,1.966
1721725210460000000,1.978
1721725210470000000,1.984
1721725210480000000,1.982
1721725210490000000,1.993
1721725210500000000,2.017
1721725210510000000,2.016
1721725210520000000,1.991
1721725210530000000,2.003
1721725210540000000,2.016
1721725210550000000,2.009
1721725210560000000,1.981
1721725210570000000,1.993
1721725210580000000,2.065
1721725210590000000,1.999
1721725210600000000,1.990
1721725210610000000,2.000
1721725210620000000,1.990
1721725210630000000,2.042
1721725210640000000,1.998
1721725210650000000,2.001
1721725210660000000,1.996
1721725210670000000,1.998
1721725210680000000,1.986
1721725210690000000,1.984
1721725210700000000,1.985
1721725210710000000,2.044
1721725210720000000,2.011
1721725210730000000,1.988
1721725210740000000,2.030
1721725210750000000,1.990
1721725210760000000,2.004
1721725210770000000,2.005
1721725210780000000,1.989
1721725210790000000,2.025
1721725210800000000,2.003
1721725210810000000,2.001
1721725210820000000,1.999
1721725210830000000,2.005
1721725210840000000,2.013
1721725210850000000,1.994
1721725210860000000,2.006
1721725210870000000,1.993
1721725210880000000,2.024
1721725210890000000,1.996
1721725210900000000,1.986
1721725210910000000,2.002
1721725210920000000,2.002
1721725210930000000,1.998
1721725210940000000,1.976
1721725210950000000,2.006
1721725210960000000,2.018
1721725210970000000,2.026
1721725210980000000,2.010
1721725210990000000,1.985
1721725211000000000,2.029
1721725211010000000,1.982
1721725211020000000,2.003
1721725211030000000,2.036
1721725211040000000,2.001
1721725211050000000,2.014
1721725211060000000,2.016
1721725211070000000,2.008
1721725211080000000,1.998
1721725211090000000,1.958
1721725211100000000,1.995
1721725211110000000,1.967
1721725211120000000,2.008
1721725211130000000,2.009
1721725211140000000,2.008
1721725211150000000,2.005
1721725211160000000,2.002
1721725211170000000,2.001
1721725211180000000,1.990
1721725211190000000,2.002
1721725211200000000,1.990
1721725211210000000,1.996
1721725211220000000,2.030
1721725211230000000,2.009
1721725211240000000,2.021
1721725211250000000,1.999
1721725211260000000,2.004
1721725211270000000,1.982
1721725211280000000,1.983
1721725211290000000,2.018
1721725211300000000,2.011
1721725211310000000,1.977
1721725211320000000,2.007
1721725211330000000,2.003
1721725211340000000,1.953
1721725211350000000,1.962
1721725211360000000,1.995
1721725211370000000,2.013
1721725211380000000,1.984
1721725211390000000,2.001
1721725211400000000,2.015
1721725211410000000,2.006
1721725211420000000,1.989
1721725211430000000,1.992
1721725211440000000,1.978
1721725211450000000,1.985
1721725211460000000,1.978
1721725211470000000,2.007
1721725211480000000,2.035
1721725211490000000,1.987
1721725211500000000,2.022
1721725211510000000,2.044
1721725211520000000,2.009
1721725211530000000,2.005
1721725211540000000,1.985
1721725211550000000,2.002
1721725211560000000,1.977
1721725211570000000,1.997
1721725211580000000,2.020
1721725211590000000,2.023
1721725211600000000,1.997
1721725211610000000,2.024
1721725211620000000,1.983
1721725211630000000,1.947
1721725211640000000,1.990
1721725211650000000,2.021
1721725211660000000,2.036
1721725211670000000,2.020
1721725211680000000,2.001
1721725211690000000,1.995
1721725211700000000,2.014
1721725211710000000,1.979
1721725211720000000,1.946
1721725211730000000,1.994
1721725211740000000,1.979
1721725211750000000,1.996
1721725211760000000,2.001
1721725211770000000,2.007
1721725211780000000,2.009
1721725211790000000,1.965
1721725211800000000,2.005
1721725211810000000,2.014
1721725211820000000,2.018
1721725211830000000,1.976
1721725211840000000,2.014
1721725211850000000,2.014
1721725211860000000,1.991
1721725211870000000,2.010
1721725211880000000,1.999
1721725211890000000,1.995
1721725211900000000,1.995
1721725211910000000,2.041
1721725211920000000,1.978
1721725211930000000,1.995
1721725211940000000,2.023
1721725211950000000,1.991
1721725211960000000,2.006
1721725211970000000,2.054
1721725211980000000,1.971
1721725211990000000,2.020
1721725212000000000,2.020
1721725212010000000,1.992
1721725212020000000,2.003
1721725212030000000,2.021
1721725212040000000,2.002
1721725212050000000,1.993
1721725212060000000,1.998
1721725212070000000,1.990
1721725212080000000,1.974
1721725212090000000,1.963
1721725212100000000,2.006
1721725212110000000,1.972
1721725212120000000,1.999
1721725212130000000,1.991
1721725212140000000,1.975
1721725212150000000,1.998
1721725212160000000,1.986
1721725212170000000,1.998
1721725212180000000,1.976
1721725212190000000,2.020
1721725212200000000,2.012
1721725212210000000,1.993
1721725212220000000,1.978
1721725212230000000,1.976
1721725212240000000,1.995
1721725212250000000,1.994
1721725212260000000,2.024
1721725212270000000,2.008
1721725212280000000,1.996
1721725212290000000,1.998
1721725212300000000,1.989
1721725212310000000,2.032
1721725212320000000,1.981
1721725212330000000,2.001
1721725212340000000,1.988
1721725212350000000,2.000
1721725212360000000,2.007
1721725212370000000,1.991
1721725212380000000,1.979
1721725212390000000,1.980
1721725212400000000,2.019
1721725212410000000,2.006
1721725212420000000,2.056
1721725212430000000,2.024
1721725212440000000,1.973
1721725212450000000,2.002
1721725212460000000,2.015
1721725212470000000,1.993
1721725212480000000,1.972
1721725212490000000,2.009
1721725212500000000,1.991
1721725212510000000,1.992
1721725212520000000,2.012
1721725212530000000,1.993
1721725212540000000,1.982
1721725212550000000,2.045
1721725212560000000,1.980
1721725212570000000,2.014
1721725212580000000,2.003
1721725212590000000,1.973
1721725212600000000,1.979
1721725212610000000,2.003
1721725212620000000,1.986
1721725212630000000,2.045
1721725212640000000,2.011
1721725212650000000,1.980
1721725212660000000,1.973
1721725212670000000,1.981
1721725212680000000,1.985
1721725212690000000,1.978
1721725212700000000,1.975
1721725212710000000,2.050
1721725212720000000,2.009
1721725212730000000,1.979
1721725212740000000,2.056
1721725212750000000,2.014
1721725212760000000,2.017
1721725212770000000,1.958
1721725212780000000,1.987
1721725212790000000,2.014
1721725212800000000,1.992
1721725212810000000,2.033
1721725212820000000,2.015
1721725212830000000,2.013
1721725212840000000,2.010
1721725212850000000,1.994
1721725212860000000,1.995
1721725212870000000,2.038
1721725212880000000,2.005
1721725212890000000,2.026
1721725212900000000,1.983
1721725212910000000,2.019
1721725212920000000,2.006
1721725212930000000,2.009
1721725212940000000,2.008
1721725212950000000,2.028
1721725212960000000,1.998
1721725212970000000,2.010
1721725212980000000,1.978
1721725212990000000,1.996
1721725213000000000,2.008
1721725213010000000,2.005
1721725213020000000,1.998
1721725213030000000,1.991
1721725213040000000,2.001
1721725213050000000,2.017
1721725213060000000,1.995
1721725213070000000,2.035
1721725213080000000,1.991
1721725213090000000,1.978
1721725213100000000,1.995
1721725213110000000,1.988
1721725213120000000,1.986
1721725213130000000,1.981
1721725213140000000,1.987
1721725213150000000,2.010
1721725213160000000,1.975
1721725213170000000,1.959
1721725213180000000,1.967
1721725213190000000,2.009
1721725213200000000,2.029
1721725213210000000,2.023
1721725213220000000,2.008
1721725213230000000,2.016
1721725213240000000,1.975
1721725213250000000,1.981
1721725213260000000,1.980
1721725213270000000,1.963
1721725213280000000,1.993
1721725213290000000,1.999
1721725213300000000,2.023
1721725213310000000,1.989
1721725213320000000,2.011
1721725213330000000,2.010
1721725213340000000,2.000
1721725213350000000,1.994
1721725213360000000,2.019
1721725213370000000,2.017
1721725213380000000,1.997
1721725213390000000,2.029
1721725213400000000,1.976
1721725213410000000,2.027
1721725213420000000,2.021
1721725213430000000,1.995
1721725213440000000,2.004
1721725213450000000,1.975
1721725213460000000,1.991
1721725213470000000,1.978
1721725213480000000,1.989
1721725213490000000,2.034
1721725213500000000,2.006
1721725213510000000,2.019
1721725213520000000,2.003
1721725213530000000,2.015
1721725213540000000,2.004
1721725213550000000,1.995
1721725213560000000,2.039
1721725213570000000,1.994
1721725213580000000,2.018
1721725213590000000,2.041
1721725213600000000,2.033
1721725213610000000,2.022
1721725213620000000,2.006
1721725213630000000,1.991
1721725213640000000,2.003
1721725213650000000,2.025
1721725213660000000,2.031
1721725213670000000,1.978
1721725213680000000,2.007
1721725213690000000,1.995
1721725213700000000,1.994
1721725213710000000,1.994
1721725213720000000,1.991
1721725213730000000,1.973
1721725213740000000,2.007
1721725213750000000,1.991
1721725213760000000,1.997
1721725213770000000,2.039
1721725213780000000,1.983
1721725213790000000,1.968
1721725213800000000,2.025
1721725213810000000,2.019
1721725213820000000,2.026
1721725213830000000,2.035
1721725213840000000,1.979
1721725213850000000,2.014
1721725213860000000,2.000
1721725213870000000,1.995
1721725213880000000,2.012
1721725213890000000,1.973
1721725213900000000,2.048
1721725213910000000,2.008
1721725213920000000,1.993
1721725213930000000,2.034
1721725213940000000,2.029
1721725213950000000,2.021
1721725213960000000,2.001
1721725213970000000,2.040
1721725213980000000,2.010
1721725213990000000,2.012
1721725214000000000,1.984
1721725214010000000,1.996
1721725214020000000,2.011
1721725214030000000,1.980
1721725214040000000,2.000
1721725214050000000,1.989
1721725214060000000,2.008
1721725214070000000,1.982
1721725214080000000,1.998
1721725214090000000,1.985
1721725214100000000,1.977
1721725214110000000,1.992
1721725214120000000,2.008
1721725214130000000,2.011
1721725214140000000,2.005
1721725214150000000,2.022
1721725214160000000,1.990
1721725214170000000,2.033
1721725214180000000,1.988
1721725214190000000,1.976
1721725214200000000,1.962
1721725214210000000,2.037
1721725214220000000,2.047
1721725214230000000,1.982
1721725214240000000,1.991
1721725214250000000,2.028
1721725214260000000,1.965
1721725214270000000,1.990
1721725214280000000,1.998
1721725214290000000,2.038
1721725214300000000,2.006
1721725214310000000,1.976
1721725214320000000,1.980
1721725214330000000,2.000
1721725214340000000,1.984
1721725214350000000,1.986
1721725214360000000,1.979
1721725214370000000,2.041
1721725214380000000,2.028
1721725214390000000,2.008
1721725214400000000,2.026
1721725214410000000,2.024
1721725214420000000,1.972
1721725214430000000,1.995
1721725214440000000,1.984
1721725214450000000,1.989
1721725214460000000,2.019
1721725214470000000,2.011
1721725214480000000,2.029
1721725214490000000,2.001
1721725214500000000,1.991
1721725214510000000,1.996
1721725214520000000,2.003
1721725214530000000,2.033
1721725214540000000,1.972
1721725214550000000,2.014
1721725214560000000,2.003
1721725214570000000,2.007
1721725214580000000,1.990
1721725214590000000,2.002
1721725214600000000,1.993
1721725214610000000,1.969
1721725214620000000,1.985
1721725214630000000,1.964
1721725214640000000,1.991
1721725214650000000,1.971
1721725214660000000,1.966
1721725214670000000,2.006
1721725214680000000,2.029
1721725214690000000,2.021
1721725214700000000,1.998
1721725214710000000,2.021
1721725214720000000,2.009
1721725214730000000,2.010
1721725214740000000,1.951
1721725214750000000,2.020
1721725214760000000,1.995
1721725214770000000,2.020
1721725214780000000,1.994
1721725214790000000,2.027
1721725214800000000,2.037
1721725214810000000,2.005
1721725214820000000,1.989
1721725214830000000,1.986
1721725214840000000,1.990
1721725214850000000,2.014
1721725214860000000,1.966
1721725214870000000,2.006
1721725214880000000,1.984
1721725214890000000,1.978
1721725214900000000,1.991
1721725214910000000,2.000
1721725214920000000,2.007
1721725214930000000,1.996
1721725214940000000,2.001
1721725214950000000,2.018
1721725214960000000,1.972
1721725214970000000,2.000
1721725214980000000,2.005
1721725214990000000,2.016
1721725215000000000,2.008
1721725215010000000,2.041
1721725215020000000,1.980
1721725215030000000,1.973
1721725215040000000,2.016
1721725215050000000,1.975
1721725215060000000,2.004
1721725215070000000,2.019
1721725215080000000,1.991
1721725215090000000,2.015
1721725215100000000,1.992
1721725215110000000,1.995
1721725215120000000,1.980
1721725215130000000,1.988
1721725215140000000,1.974
1721725215150000000,2.016
1721725215160000000,2.015
1721725215170000000,1.995
1721725215180000000,1.998
1721725215190000000,2.029
1721725215200000000,2.026
1721725215210000000,1.994
1721725215220000000,2.007
1721725215230000000,2.007
1721725215240000000,2.022
1721725215250000000,2.010
1721725215260000000,1.968
1721725215270000000,2.036
1721725215280000000,2.010
1721725215290000000,2.004
1721725215300000000,1.990
1721725215310000000,1.962
1721725215320000000,1.980
1721725215330000000,1.955
1721725215340000000,2.002
1721725215350000000,1.995
1721725215360000000,1.988
1721725215370000000,1.999
1721725215380000000,2.029
1721725215390000000,2.003
1721725215400000000,2.006
1721725215410000000,1.988
1721725215420000000,2.031
1721725215430000000,1.984
1721725215440000000,1.963
1721725215450000000,1.982
1721725215460000000,1.999
1721725215470000000,2.016
1721725215480000000,2.024
1721725215490000000,2.004
1721725215500000000,1.984
1721725215510000000,1.999
1721725215520000000,1.979
1721725215530000000,2.007
1721725215540000000,1.989
1721725215550000000,2.001
1721725215560000000,1.988
1721725215570000000,2.022
1721725215580000000,2.018
1721725215590000000,1.994
1721725215600000000,1.995
1721725215610000000,2.020
1721725215620000000,1.979
1721725215630000000,2.001
1721725215640000000,1.977
1721725215650000000,1.978
1721725215660000000,2.000
1721725215670000000,1.967
1721725215680000000,1.993
1721725215690000000,1.994
1721725215700000000,1.990
1721725215710000000,2.007
1721725215720000000,2.002
1721725215730000000,2.021
1721725215740000000,1.971
1721725215750000000,2.029
1721725215760000000,1.986
1721725215770000000,2.030
1721725215780000000,2.018
1721725215790000000,2.009
1721725215800000000,2.007
1721725215810000000,2.001
1721725215820000000,2.019
1721725215830000000,2.043
1721725215840000000,2.045
1721725215850000000,1.992
1721725215860000000,2.032
1721725215870000000,2.016
1721725215880000000,2.017
1721725215890000000,1.985
1721725215900000000,2.011
1721725215910000000,1.966
1721725215920000000,2.005
1721725215930000000,1.979
1721725215940000000,1.988
1721725215950000000,1.986
1721725215960000000,1.973
1721725215970000000,2.015
1721725215980000000,1.982
1721725215990000000,2.036
1721725216000000000,1.972
1721725216010000000,2.024
1721725216020000000,1.974
1721725216030000000,2.034
1721725216040000000,2.037
1721725216050000000,2.001
1721725216059999999,2.047
1721725216070000000,2.002
1721725216079999999,2.009
1721725216090000000,2.001
1721725216100000000,1.970
1721725216110000000,2.008
1721725216120000000,2.030
1721725216129999999,1.973
1721725216140000000,1.991
1721725216149999999,2.020
1721725216160000000,1.967
1721725216170000000,2.030
1721725216180000000,2.011
1721725216190000000,2.020
1721725216200000000,1.996
1721725216210000000,2.009
1721725216219999999,1.965
1721725216230000000,1.992
1721725216239999999,2.015
1721725216250000000,2.037
1721725216260000000,1.979
1721725216270000000,2.023
1721725216280000000,2.017
1721725216290000000,1.968
1721725216300000000,2.030
1721725216309999999,1.987
1721725216320000000,1.982
1721725216329999999,2.022
1721725216340000000,2.007
1721725216350000000,1.982
1721725216360000000,2.006
1721725216370000000,1.996
1721725216379999999,2.022
1721725216390000000,1.970
1721725216399999999,2.014
1721725216410000000,2.003
1721725216420000000,1.984
1721725216430000000,2.034
1721725216440000000,1.978
1721725216450000000,2.009
1721725216460000000,2.013
1721725216469999999,2.003
1721725216480000000,2.021
1721725216489999999,1.991
1721725216500000000,1.977
1721725216510000000,1.986
1721725216520000000,2.018
1721725216530000000,2.009
1721725216540000000,2.011
1721725216550000000,1.999
1721725216559999999,1.980
1721725216570000000,2.009
1721725216579999999,2.011
1721725216590000000,1.992
1721725216600000000,2.006
1721725216610000000,1.987
1721725216620000000,2.005
1721725216629999999,2.031
1721725216640000000,1.998
1721725216649999999,1.998
1721725216660000000,1.985
1721725216670000000,2.001
1721725216680000000,1.983
1721725216690000000,2.048
1721725216700000000,2.006
1721725216710000000,1.988
1721725216719999999,1.993
1721725216730000000,2.007
1721725216739999999,2.019
1721725216750000000,1.993
1721725216760000000,1.954
1721725216770000000,2.007
1721725216780000000,1.997
1721725216790000000,2.005
1721725216800000000,1.992
1721725216809999999,2.014
1721725216820000000,2.041
1721725216829999999,2.017
1721725216840000000,2.012
1721725216850000000,1.989
1721725216860000000,2.006
1721725216870000000,1.997
1721725216879999999,2.011
1721725216890000000,2.038
1721725216899999999,1.983
1721725216910000000,2.005
1721725216920000000,1.983
1721725216930000000,1.968
1721725216940000000,2.001
1721725216950000000,1.991
1721725216960000000,1.983
1721725216969999999,2.013
1721725216980000000,2.017
1721725216989999999,2.038
1721725217000000000,1.975
1721725217010000000,1.984
1721725217020000000,2.006
1721725217030000000,2.029
1721725217040000000,1.982
1721725217050000000,2.021
1721725217059999999,1.994
1721725217070000000,2.049
1721725217079999999,1.984
1721725217090000000,2.007
1721725217100000000,1.988
1721725217110000000,1.991
1721725217120000000,1.986
1721725217129999999,2.007
1721725217140000000,1.973
1721725217149999999,1.990
1721725217160000000,1.993
1721725217170000000,1.999
1721725217180000000,1.992
1721725217190000000,1.987
1721725217200000000,1.979
1721725217210000000,1.999
1721725217220000000,2.003
1721725217230000000,2.001
1721725217240000000,2.002
1721725217250000000,2.028
1721725217260000000,1.993
1721725217270000000,1.988
1721725217280000000,2.023
1721725217290000000,2.024
1721725217300000000,2.022
1721725217310000000,1.982
1721725217320000000,2.003
1721725217330000000,2.021
1721725217340000000,2.002
1721725217350000000,1.996
1721725217360000000,2.011
1721725217370000000,1.977
1721725217380000000,1.997
1721725217390000000,1.967
1721725217400000000,1.981
1721725217410000000,2.014
1721725217420000000,2.014
1721725217430000000,2.009
1721725217440000000,2.012
1721725217450000000,2.031
1721725217460000000,1.994
1721725217470000000,1.986
1721725217480000000,1.991
1721725217490000000,2.024
1721725217500000000,1.971
1721725217510000000,2.027
1721725217520000000,2.007
1721725217530000000,2.006
1721725217540000000,1.974
1721725217550000000,1.991
1721725217560000000,2.052
1721725217570000000,1.995
1721725217580000000,1.990
1721725217590000000,2.006
1721725217600000000,1.989
1721725217610000000,1.988
1721725217620000000,1.986
1721725217630000000,1.974
1721725217640000000,2.000
1721725217650000000,2.030
1721725217660000000,1.988
1721725217670000000,1.972
1721725217680000000,2.026
1721725217690000000,1.981
1721725217700000000,1.990
1721725217710000000,1.996
1721725217720000000,1.970
1721725217730000000,1.984
1721725217740000000,1.992
1721725217750000000,2.013
1721725217760000000,1.999
1721725217770000000,2.018
1721725217780000000,1.982
1721725217790000000,1.998
1721725217800000000,1.988
1721725217810000000,2.008
1721725217820000000,1.999
1721725217830000000,1.986
1721725217840000000,2.024
1721725217850000000,2.013
1721725217860000000,1.979
1721725217870000000,1.993
1721725217880000000,2.013
1721725217890000000,1.981
1721725217900000000,2.000
1721725217910000000,1.964
1721725217920000000,2.005
1721725217930000000,1.957
1721725217940000000,1.987
1721725217950000000,2.013
1721725217960000000,1.992
1721725217970000000,1.982
1721725217980000000,1.998
1721725217990000000,2.008
1721725218000000000,2.010
1721725218010000000,1.996
1721725218020000000,1.993
1721725218030000000,1.996
1721725218040000000,1.960
1721725218050000000,2.006
1721725218060000000,2.073
1721725218070000000,2.002
1721725218080000000,2.010
1721725218090000000,1.979
1721725218100000000,2.003
1721725218110000000,2.035
1721725218120000000,2.000
1721725218130000000,1.991
1721725218140000000,1.985
1721725218150000000,2.003
1721725218160000000,1.976
1721725218170000000,2.020
1721725218180000000,2.020
1721725218190000000,2.026
1721725218200000000,1.985
1721725218210000000,1.981
1721725218220000000,1.987
1721725218230000000,2.005
1721725218240000000,1.999
1721725218250000000,2.005
1721725218260000000,1.984
1721725218270000000,1.961
1721725218280000000,2.007
1721725218290000000,1.988
1721725218300000000,2.011
1721725218310000000,2.020
1721725218320000000,2.026
1721725218330000000,1.999
1721725218340000000,1.993
1721725218350000000,1.976
1721725218360000000,1.994
1721725218370000000,2.005
1721725218380000000,2.002
1721725218390000000,2.023
1721725218400000000,2.000
1721725218410000000,2.020
1721725218420000000,1.970
1721725218430000000,2.002
1721725218440000000,1.970
1721725218450000000,1.981
1721725218460000000,1.959
1721725218470000000,2.029
1721725218480000000,2.001
1721725218490000000,2.000
1721725218500000000,2.006
1721725218510000000,1.992
1721725218520000000,2.030
1721725218530000000,2.025
1721725218540000000,1.979
1721725218550000000,2.009
1721725218560000000,1.985
1721725218570000000,1.964
1721725218580000000,1.994
1721725218590000000,2.027
1721725218600000000,2.009
1721725218610000000,2.001
1721725218620000000,2.016
1721725218630000000,2.027
1721725218640000000,1.992
1721725218650000000,1.987
1721725218660000000,1.978
1721725218670000000,1.995
1721725218680000000,1.995
1721725218690000000,1.991
1721725218700000000,2.014
1721725218710000000,2.041
1721725218720000000,2.022
1721725218730000000,1.986
1721725218740000000,1.990
1721725218750000000,1.970
1721725218760000000,1.991
1721725218770000000,1.990
1721725218780000000,1.990
1721725218790000000,2.024
1721725218800000000,2.020
1721725218810000000,1.994
1721725218820000000,2.021
1721725218830000000,1.991
1721725218840000000,1.953
1721725218850000000,2.026
1721725218860000000,1.997
1721725218870000000,2.039
1721725218880000000,1.973
1721725218890000000,2.048
1721725218900000000,1.995
1721725218910000000,2.015
1721725218920000000,1.996
1721725218930000000,1.999
1721725218940000000,2.047
1721725218950000000,1.974
1721725218960000000,2.019
1721725218970000000,1.978
1721725218980000000,1.993
1721725218990000000,2.028
1721725219000000000,2.011
1721725219010000000,1.998
1721725219020000000,1.971
1721725219030000000,2.014
1721725219040000000,2.005
1721725219050000000,2.005
1721725219060000000,2.026
1721725219070000000,2.010
1721725219080000000,1.978
1721725219090000000,1.999
1721725219100000000,2.012
1721725219110000000,1.965
1721725219120000000,1.966
1721725219130000000,2.023
1721725219140000000,1.958
1721725219150000000,2.020
1721725219160000000,1.973
1721725219170000000,2.006
1721725219180000000,1.999
1721725219190000000,2.009
1721725219200000000,1.976
1721725219210000000,1.956
1721725219220000000,2.008
1721725219230000000,1.953
1721725219240000000,1.981
1721725219250000000,1.990
1721725219260000000,1.977
1721725219270000000,1.964
1721725219280000000,2.006
1721725219290000000,2.003
1721725219300000000,1.978
1721725219310000000,1.965
1721725219320000000,1.995
1721725219330000000,2.021
1721725219340000000,1.951
1721725219350000000,2.041
1721725219360000000,2.012
1721725219370000000,1.991
1721725219380000000,2.025
1721725219390000000,1.962
1721725219400000000,1.970
1721725219410000000,1.983
1721725219420000000,1.998
1721725219430000000,1.992
1721725219440000000,2.012
1721725219450000000,2.000
1721725219460000000,1.985
1721725219470000000,1.991
1721725219480000000,1.983
1721725219490000000,1.963
1721725219500000000,2.021
1721725219510000000,2.002
1721725219520000000,2.008
1721725219530000000,2.003
1721725219540000000,1.992
1721725219550000000,2.004
1721725219560000000,1.977
1721725219570000000,2.034
1721725219580000000,2.013
1721725219590000000,1.996
1721725219600000000,2.003
1721725219610000000,1.987
1721725219620000000,1.981
1721725219630000000,2.030
1721725219640000000,1.999
1721725219650000000,1.987
1721725219660000000,2.001
1721725219670000000,2.013
1721725219680000000,2.013
1721725219690000000,2.011
1721725219700000000,2.008
1721725219710000000,1.974
1721725219720000000,2.009
1721725219730000000,1.969
1721725219740000000,2.004
1721725219750000000,1.993
1721725219760000000,1.988
1721725219770000000,1.978
1721725219780000000,1.973
1721725219790000000,2.019
1721725219800000000,2.006
1721725219810000000,1.996
1721725219820000000,1.976
1721725219830000000,2.004
1721725219840000000,2.041
1721725219850000000,2.002
1721725219860000000,2.012
1721725219870000000,1.976
1721725219880000000,1.957
1721725219890000000,2.019
1721725219900000000,1.999
1721725219910000000,1.929
1721725219920000000,1.992
1721725219930000000,2.005
1721725219940000000,2.009
1721725219950000000,1.994
1721725219960000000,1.992
1721725219970000000,1.990
1721725219980000000,2.030
1721725219990000000,2.027
1721725220000000000,1.988
1721725220010000000,1.987
1721725220020000000,2.005
1721725220030000000,2.025
1721725220040000000,1.990
1721725220050000000,1.966
1721725220060000000,2.002
1721725220070000000,2.008
1721725220080000000,2.011
1721725220090000000,2.027
1721725220100000000,1.992
1721725220110000000,1.976
1721725220120000000,1.991
1721725220130000000,1.994
1721725220140000000,2.001
1721725220150000000,2.031
1721725220160000000,1.981
1721725220170000000,2.029
1721725220180000000,1.987
1721725220190000000,2.027
1721725220200000000,1.989
1721725220210000000,1.959
1721725220220000000,2.022
1721725220230000000,1.988
1721725220240000000,2.028
1721725220250000000,2.005
1721725220260000000,2.008
1721725220270000000,1.971
1721725220280000000,1.975
1721725220290000000,1.981
1721725220300000000,2.022
1721725220310000000,2.021
1721725220320000000,2.018
1721725220330000000,2.037
1721725220340000000,2.017
1721725220350000000,1.994
1721725220360000000,2.002
1721725220370000000,1.985
1721725220380000000,1.971
1721725220390000000,1.989
1721725220400000000,1.993
1721725220410000000,1.992
1721725220420000000,1.984
1721725220430000000,2.000
1721725220440000000,1.999
1721725220450000000,1.999
1721725220460000000,2.011
1721725220470000000,1.997
1721725220480000000,1.978
1721725220490000000,2.015
1721725220500000000,2.014
1721725220510000000,2.028
1721725220520000000,2.007
1721725220530000000,2.030
1721725220540000000,2.025
1721725220550000000,1.989
1721725220560000000,2.015
1721725220570000000,2.037
1721725220580000000,2.012
1721725220590000000,2.016
1721725220600000000,1.993
1721725220610000000,2.025
1721725220620000000,1.985
1721725220630000000,2.017
1721725220640000000,1.991
1721725220650000000,1.982
1721725220660000000,2.016
1721725220670000000,1.984
1721725220680000000,2.019
1721725220690000000,1.987
1721725220700000000,1.991
1721725220710000000,1.996
1721725220720000000,1.996
1721725220730000000,1.996
1721725220740000000,2.003
1721725220750000000,2.021
1721725220760000000,1.949
1721725220770000000,1.976
1721725220780000000,2.002
1721725220790000000,1.971
1721725220800000000,2.016
1721725220810000000,1.988
1721725220820000000,2.014
1721725220830000000,2.026
1721725220840000000,1.990
1721725220850000000,2.004
1721725220860000000,2.029
1721725220870000000,2.009
1721725220880000000,1.998
1721725220890000000,2.036
1721725220900000000,1.981
1721725220910000000,2.001
1721725220920000000,1.994
1721725220930000000,2.031
1721725220940000000,2.007
1721725220950000000,2.015
1721725220960000000,1.972
1721725220970000000,1.988
1721725220980000000,2.008
1721725220990000000,1.971
1721725221000000000,2.035
1721725221010000000,2.029
1721725221020000000,2.002
1721725221030000000,1.980
1721725221040000000,1.991
1721725221050000000,2.027
1721725221060000000,2.050
1721725221070000000,1.999
1721725221080000000,1.969
1721725221090000000,1.952
1721725221100000000,2.020
1721725221110000000,2.016
1721725221120000000,1.977
1721725221130000000,2.023
1721725221140000000,2.024
1721725221150000000,2.007
1721725221160000000,2.012
1721725221170000000,2.002
1721725221180000000,2.011
1721725221190000000,1.993
1721725221200000000,1.997
1721725221210000000,1.965
1721725221220000000,1.989
1721725221230000000,2.052
1721725221240000000,2.021
1721725221250000000,1.982
1721725221260000000,2.001
1721725221270000000,2.008
1721725221280000000,2.005
1721725221290000000,1.979
1721725221300000000,1.954
1721725221310000000,2.009
1721725221320000000,1.985
1721725221330000000,2.010
1721725221340000000,2.051
1721725221350000000,2.011
1721725221360000000,2.033
1721725221370000000,1.971
1721725221380000000,1.993
1721725221390000000,1.995
1721725221400000000,1.989
1721725221410000000,2.020
1721725221420000000,1.974
1721725221430000000,1.979
1721725221440000000,1.986
1721725221450000000,2.014
1721725221460000000,1.991
1721725221470000000,1.992
1721725221480000000,2.009
1721725221490000000,1.959
1721725221500000000,2.019
1721725221510000000,2.022
1721725221520000000,1.977
1721725221530000000,1.996
1721725221540000000,1.981
1721725221550000000,1.979
1721725221560000000,2.013
1721725221570000000,1.997
1721725221580000000,1.998
1721725221590000000,1.969
1721725221600000000,1.993
1721725221610000000,2.000
1721725221620000000,1.972
1721725221630000000,1.978
1721725221640000000,2.029
1721725221650000000,1.990
1721725221660000000,2.020
1721725221670000000,1.987
1721725221680000000,1.974
1721725221690000000,1.988
1721725221700000000,1.997
1721725221710000000,2.013
1721725221720000000,1.944
1721725221730000000,2.001
1721725221740000000,2.006
1721725221750000000,1.989
1721725221760000000,1.984
1721725221770000000,1.993
1721725221780000000,1.969
1721725221790000000,1.990
1721725221800000000,1.987
1721725221810000000,1.975
1721725221820000000,2.019
1721725221830000000,2.032
1721725221840000000,2.031
1721725221850000000,2.000
1721725221860000000,2.016
1721725221870000000,1.999
1721725221880000000,2.003
1721725221890000000,1.993
1721725221900000000,2.010
1721725221910000000,2.005
1721725221920000000,2.007
1721725221930000000,2.004
1721725221940000000,2.015
1721725221950000000,2.019
1721725221960000000,2.019
1721725221970000000,1.986
1721725221980000000,1.988
1721725221990000000,2.032
1721725222000000000,1.593
1721725222010000000,1.567
1721725222020000000,1.623
1721725222030000000,1.562
1721725222040000000,1.568
1721725222050000000,1.607
1721725222060000000,1.585
1721725222070000000,1.625
1721725222080000000,1.602
1721725222090000000,1.616
1721725222100000000,1.593
1721725222110000000,1.580
1721725222120000000,1.621
1721725222130000000,1.603
1721725222140000000,1.605
1721725222150000000,1.627
1721725222160000000,1.597
1721725222170000000,1.574
1721725222180000000,1.596
1721725222190000000,1.611
1721725222200000000,1.597
1721725222210000000,1.575
1721725222220000000,1.625
1721725222230000000,1.561
1721725222240000000,1.605
1721725222250000000,1.583
1721725222260000000,1.593
1721725222270000000,1.585
1721725222280000000,1.579
1721725222290000000,1.576
1721725222300000000,1.583
1721725222310000000,1.598
1721725222320000000,1.600
1721725222330000000,1.609
1721725222340000000,1.607
1721725222350000000,1.586
1721725222360000000,1.636
1721725222370000000,1.578
1721725222380000000,1.612
1721725222390000000,1.592
1721725222400000000,1.609
1721725222410000000,1.589
1721725222420000000,1.608
1721725222430000000,1.568
1721725222440000000,1.624
1721725222450000000,1.603
1721725222460000000,1.612
1721725222470000000,1.565
1721725222480000000,1.590
1721725222490000000,1.601
1721725222500000000,1.594
1721725222510000000,1.595
1721725222520000000,1.619
1721725222530000000,1.625
1721725222540000000,1.622
1721725222550000000,1.590
1721725222560000000,1.598
1721725222570000000,1.586
1721725222580000000,1.578
1721725222590000000,1.581
1721725222600000000,1.582
1721725222610000000,1.607
1721725222620000000,1.596
1721725222630000000,1.581
1721725222640000000,1.606
1721725222650000000,1.616
1721725222660000000,1.609
1721725222670000000,1.609
1721725222680000000,1.597
1721725222690000000,1.566
1721725222700000000,1.607
1721725222710000000,1.586
1721725222720000000,1.621
1721725222730000000,1.594
1721725222740000000,1.580
1721725222750000000,1.616
1721725222760000000,1.585
1721725222770000000,1.548
1721725222780000000,1.634
1721725222790000000,1.619
1721725222800000000,1.583
1721725222810000000,1.585
1721725222820000000,1.561
1721725222830000000,1.588
1721725222840000000,1.583
1721725222850000000,1.615
1721725222860000000,1.554
1721725222870000000,1.605
1721725222880000000,1.583
1721725222890000000,1.585
1721725222900000000,1.587
1721725222910000000,1.618
1721725222920000000,1.625
1721725222930000000,1.604
1721725222940000000,1.616
1721725222950000000,1.590
1721725222960000000,1.593
1721725222970000000,1.629
1721725222980000000,1.553
1721725222990000000,1.612
1721725223000000000,1.612
1721725223010000000,1.568
1721725223020000000,1.618
1721725223030000000,1.602
1721725223040000000,1.599
1721725223050000000,1.569
1721725223060000000,1.585
1721725223070000000,1.582
1721725223080000000,1.597
1721725223090000000,1.592
1721725223100000000,1.612
1721725223110000000,1.592
1721725223120000000,1.642
1721725223130000000,1.610
1721725223140000000,1.569
1721725223150000000,1.611
1721725223160000000,1.586
1721725223170000000,1.580
1721725223180000000,1.594
1721725223190000000,1.593
1721725223200000000,1.619
1721725223210000000,1.572
1721725223220000000,1.616
1721725223230000000,1.634
1721725223240000000,1.596
1721725223250000000,1.555
1721725223260000000,1.598
1721725223270000000,1.581
1721725223280000000,1.618
1721725223290000000,1.615
1721725223300000000,1.579
1721725223310000000,1.595
1721725223320000000,1.592
1721725223330000000,1.629
1721725223340000000,1.573
1721725223350000000,1.607
1721725223360000000,1.619
1721725223370000000,1.631
1721725223380000000,1.577
1721725223390000000,1.560
1721725223400000000,1.582
1721725223410000000,1.590
1721725223420000000,1.561
1721725223430000000,1.596
1721725223440000000,1.616
1721725223450000000,1.600
1721725223460000000,1.628
1721725223470000000,1.609
1721725223480000000,1.609
1721725223490000000,1.582
1721725223500000000,1.624
1721725223510000000,1.563
1721725223520000000,1.572
1721725223530000000,1.597
1721725223540000000,1.584
1721725223550000000,1.591
1721725223560000000,1.589
1721725223570000000,1.585
1721725223580000000,1.588
1721725223590000000,1.585
1721725223600000000,1.603
1721725223610000000,1.628
1721725223620000000,1.598
1721725223630000000,1.599
1721725223640000000,1.608
1721725223650000000,1.593
1721725223660000000,1.630
1721725223670000000,1.592
1721725223680000000,1.607
1721725223690000000,1.613
1721725223700000000,1.590
1721725223710000000,1.655
1721725223720000000,1.618
1721725223730000000,1.586
1721725223740000000,1.618
1721725223750000000,1.610
1721725223760000000,1.611
1721725223770000000,1.613
1721725223780000000,1.637
1721725223790000000,1.597
1721725223800000000,1.592
1721725223810000000,1.587
1721725223820000000,1.592
1721725223830000000,1.600
1721725223840000000,1.596
1721725223850000000,1.606
1721725223860000000,1.586
1721725223870000000,1.571
1721725223880000000,1.605
1721725223890000000,1.582
1721725223900000000,1.613
1721725223910000000,1.601
1721725223920000000,1.586
1721725223930000000,1.601
1721725223940000000,1.587
1721725223950000000,1.609
1721725223960000000,1.602
1721725223970000000,1.587
1721725223980000000,1.575
1721725223990000000,1.604
1721725224000000000,1.606
1721725224010000000,1.580
1721725224020000000,1.600
1721725224030000000,1.633
1721725224040000000,1.623
1721725224050000000,1.585
1721725224060000000,1.613
1721725224070000000,1.611
1721725224080000000,1.574
1721725224090000000,1.596
1721725224100000000,1.636
1721725224110000000,1.596
1721725224120000000,1.612
1721725224130000000,1.602
1721725224140000000,1.586
1721725224150000000,1.592
1721725224160000000,1.613
1721725224170000000,1.567
1721725224180000000,1.593
1721725224190000000,1.609
1721725224200000000,1.601
1721725224210000000,1.555
1721725224220000000,1.595
1721725224230000000,1.576
1721725224240000000,1.598
1721725224250000000,1.608
1721725224260000000,1.617
1721725224270000000,1.619
1721725224280000000,1.611
1721725224290000000,1.574
1721725224300000000,1.650
1721725224310000000,1.598
1721725224320000000,1.610
1721725224330000000,1.629
1721725224340000000,1.636
1721725224350000000,1.600
1721725224360000000,1.638
1721725224370000000,1.603
1721725224380000000,1.635
1721725224390000000,1.597
1721725224400000000,1.618
1721725224410000000,1.603
1721725224420000000,1.608
1721725224430000000,1.550
1721725224440000000,1.540
1721725224450000000,1.582
1721725224460000000,1.608
1721725224470000000,1.575
1721725224480000000,1.600
1721725224490000000,1.616
1721725224500000000,1.596
1721725224510000000,1.580
1721725224520000000,1.612
1721725224530000000,1.580
1721725224540000000,1.609
1721725224550000000,1.619
1721725224560000000,1.612
1721725224570000000,1.606
1721725224580000000,1.620
1721725224590000000,1.617
1721725224600000000,1.589
1721725224610000000,1.594
1721725224620000000,1.611
1721725224630000000,1.601
1721725224640000000,1.619
1721725224650000000,1.593
1721725224660000000,1.612
1721725224670000000,1.623
1721725224680000000,1.616
1721725224690000000,1.593
1721725224700000000,1.644
1721725224710000000,1.618
1721725224720000000,1.604
1721725224730000000,1.595
1721725224740000000,1.584
1721725224750000000,1.573
1721725224760000000,1.587
1721725224770000000,1.584
1721725224780000000,1.593
1721725224790000000,1.581
1721725224800000000,1.581
1721725224810000000,1.636
1721725224820000000,1.598
1721725224830000000,1.617
1721725224840000000,1.599
1721725224850000000,1.606
1721725224860000000,1.555
1721725224870000000,1.597
1721725224880000000,1.591
1721725224890000000,1.625
1721725224900000000,1.652
1721725224910000000,1.590
1721725224920000000,1.610
1721725224930000000,1.598
1721725224940000000,1.603
1721725224950000000,1.571
1721725224960000000,1.599
1721725224970000000,1.612
1721725224980000000,1.593
1721725224990000000,1.593
1721725225000000000,1.614
1721725225010000000,1.631
1721725225020000000,1.625
1721725225030000000,1.566
1721725225040000000,1.580
1721725225050000000,1.580
1721725225060000000,1.576
1721725225070000000,1.665
1721725225080000000,1.610
1721725225090000000,1.622
1721725225100000000,1.590
1721725225110000000,1.605
1721725225120000000,1.591
1721725225130000000,1.596
1721725225140000000,1.630
1721725225150000000,1.578
1721725225160000000,1.609
1721725225170000000,1.614
1721725225180000000,1.599
1721725225190000000,1.593
1721725225200000000,1.598
1721725225210000000,1.586
1721725225220000000,1.612
1721725225230000000,1.600
1721725225240000000,1.605
1721725225250000000,1.591
1721725225260000000,1.595
1721725225270000000,1.589
1721725225280000000,1.608
1721725225290000000,1.582
1721725225300000000,1.628
1721725225310000000,1.621
1721725225320000000,1.577
1721725225330000000,1.656
1721725225340000000,1.593
1721725225350000000,1.618
1721725225360000000,1.620
1721725225370000000,1.606
1721725225380000000,1.599
1721725225390000000,1.590
1721725225400000000,1.587
1721725225410000000,1.614
1721725225420000000,1.594
1721725225430000000,1.633
1721725225440000000,1.644
1721725225450000000,1.605
1721725225460000000,1.617
1721725225470000000,1.570
1721725225480000000,1.618
1721725225490000000,1.557
1721725225500000000,1.564
1721725225510000000,1.598
1721725225520000000,1.637
1721725225530000000,1.586
1721725225540000000,1.622
1721725225550000000,1.635
1721725225560000000,1.596
1721725225570000000,1.599
1721725225580000000,1.589
1721725225590000000,1.577
1721725225600000000,1.589
1721725225610000000,1.617
1721725225620000000,1.595
1721725225630000000,1.637
1721725225640000000,1.608
1721725225650000000,1.577
1721725225660000000,1.607
1721725225670000000,1.602
1721725225680000000,1.607
1721725225690000000,1.599
1721725225700000000,1.599
1721725225710000000,1.609
1721725225720000000,1.620
1721725225730000000,1.612
1721725225740000000,1.591
1721725225750000000,1.593
1721725225760000000,1.595
1721725225770000000,1.583
1721725225780000000,1.612
1721725225790000000,1.567
1721725225800000000,1.601
1721725225810000000,1.582
1721725225820000000,1.615
1721725225830000000,1.632
1721725225840000000,1.599
1721725225850000000,1.567
1721725225860000000,1.591
1721725225870000000,1.559
1721725225880000000,1.609
1721725225890000000,1.604
1721725225900000000,1.597
1721725225910000000,1.607
1721725225920000000,1.618
1721725225930000000,1.606
1721725225940000000,1.612
1721725225950000000,1.601
1721725225960000000,1.589
1721725225970000000,1.579
1721725225980000000,1.580
1721725225990000000,1.586
1721725226000000000,1.585
1721725226010000000,1.606
1721725226020000000,1.560
1721725226030000000,1.610
1721725226040000000,1.536
1721725226050000000,1.518
1721725226060000000,1.552
1721725226070000000,1.548
1721725226080000000,1.553
1721725226090000000,1.530
1721725226100000000,1.513
1721725226110000000,1.543
1721725226120000000,1.507
1721725226130000000,1.508
1721725226140000000,1.493
1721725226150000000,1.516
1721725226160000000,1.491
1721725226170000000,1.481
1721725226180000000,1.458
1721725226190000000,1.452
1721725226200000000,1.403
1721725226210000000,1.449
1721725226220000000,1.461
1721725226230000000,1.412
1721725226240000000,1.448
1721725226250000000,1.410
1721725226260000000,1.381
1721725226270000000,1.421
1721725226280000000,1.391
1721725226290000000,1.354
1721725226300000000,1.355
1721725226310000000,1.335
1721725226320000000,1.375
1721725226330000000,1.336
1721725226340000000,1.297
1721725226350000000,1.339
1721725226360000000,1.275
1721725226370000000,1.301
1721725226380000000,1.295
1721725226390000000,1.325
1721725226400000000,1.264
1721725226410000000,1.257
1721725226420000000,1.269
1721725226430000000,1.267
1721725226440000000,1.250
1721725226450000000,1.255
1721725226460000000,1.246
1721725226470000000,1.213
1721725226480000000,1.226
1721725226490000000,1.232
1721725226500000000,1.196
1721725226510000000,1.209
1721725226520000000,1.202
1721725226530000000,1.186
1721725226540000000,1.186
1721725226550000000,1.169
1721725226560000000,1.148
1721725226570000000,1.148
1721725226580000000,1.128
1721725226590000000,1.160
1721725226600000000,1.149
1721725226610000000,1.117
1721725226620000000,1.112
1721725226630000000,1.071
1721725226640000000,1.082
1721725226650000000,1.104
1721725226660000000,1.084
1721725226670000000,1.050
1721725226680000000,1.068
1721725226690000000,1.052
1721725226700000000,1.041
1721725226710000000,1.000
1721725226720000000,1.021
1721725226730000000,1.034
1721725226740000000,1.033
1721725226750000000,1.004
1721725226760000000,0.968
1721725226770000000,0.981
1721725226780000000,1.004
1721725226790000000,0.975
1721725226800000000,1.003
1721725226810000000,0.945
1721725226820000000,0.925
1721725226830000000,0.945
1721725226840000000,0.917
1721725226850000000,0.953
1721725226860000000,0.910
1721725226870000000,0.923
1721725226880000000,0.940
1721725226890000000,0.909
1721725226900000000,0.907
1721725226910000000,0.894
1721725226920000000,0.852
1721725226930000000,0.849
1721725226940000000,0.826
1721725226950000000,0.874
1721725226960000000,0.848
1721725226970000000,0.805
1721725226980000000,0.799
1721725226990000000,0.803
1721725227000000000,0.770
1721725227010000000,0.786
1721725227020000000,0.780
1721725227030000000,0.786
1721725227040000000,0.777
1721725227050000000,0.766
1721725227060000000,0.767
1721725227070000000,0.749
1721725227080000000,0.753
1721725227090000000,0.734
1721725227100000000,0.750
1721725227110000000,0.723
1721725227120000000,0.716
1721725227130000000,0.700
1721725227140000000,0.672
1721725227150000000,0.673
1721725227160000000,0.699
1721725227170000000,0.632
1721725227180000000,0.674
1721725227190000000,0.651
1721725227200000000,0.634
1721725227210000000,0.668
1721725227220000000,0.624
1721725227230000000,0.617
1721725227240000000,0.572
1721725227250000000,0.640
1721725227260000000,0.624
1721725227270000000,0.588
1721725227280000000,0.559
1721725227290000000,0.588
1721725227300000000,0.574
1721725227310000000,0.544
1721725227320000000,0.559
1721725227330000000,0.516
1721725227340000000,0.501
1721725227350000000,0.505
1721725227360000000,0.515
1721725227370000000,0.499
1721725227380000000,0.496
1721725227390000000,0.489
1721725227400000000,0.470
1721725227410000000,0.489
1721725227420000000,0.456
1721725227430000000,0.483
1721725227440000000,0.443
1721725227450000000,0.455
1721725227460000000,0.401
1721725227470000000,0.382
1721725227480000000,0.423
1721725227490000000,0.429
1721725227500000000,0.396
1721725227510000000,0.397
1721725227520000000,0.402
1721725227530000000,0.388
1721725227540000000,0.359
1721725227550000000,0.353
1721725227560000000,0.357
1721725227570000000,0.317
1721725227580000000,0.297
1721725227590000000,0.322
1721725227600000000,0.326
1721725227610000000,0.326
1721725227620000000,0.316
1721725227630000000,0.267
1721725227640000000,0.293
1721725227650000000,0.285
1721725227660000000,0.249
1721725227670000000,0.224
1721725227680000000,0.249
1721725227690000000,0.225
1721725227700000000,0.233
1721725227710000000,0.242
1721725227720000000,0.189
1721725227730000000,0.233
1721725227740000000,0.217
1721725227750000000,0.153
1721725227760000000,0.189
1721725227770000000,0.176
1721725227780000000,0.151
1721725227790000000,0.154
1721725227800000000,0.179
1721725227810000000,0.177
1721725227820000000,0.135
1721725227830000000,0.133
1721725227840000000,0.150
1721725227850000000,0.098
1721725227860000000,0.089
1721725227870000000,0.092
1721725227880000000,0.130
1721725227890000000,0.068
1721725227900000000,0.050
1721725227910000000,0.081
1721725227920000000,0.081
1721725227930000000,0.043
1721725227940000000,0.023
1721725227950000000,0.019
1721725227960000000,0.047
1721725227970000000,0.041
1721725227980000000,0.046
1721725227990000000,0.016
1721725228000000000,0.097
1721725228010000000,0.103
1721725228020000000,0.095
1721725228030000000,0.088
1721725228040000000,0.105
1721725228050000000,0.089
1721725228060000000,0.097
1721725228070000000,0.089
1721725228080000000,0.104
1721725228090000000,0.098
1721725228100000000,0.078
1721725228110000000,0.090
1721725228120000000,0.066
1721725228130000000,0.085
1721725228140000000,0.087
1721725228150000000,0.076
1721725228160000000,0.076
1721725228170000000,0.073
1721725228180000000,0.072
1721725228190000000,0.082
1721725228200000000,0.084
1721725228210000000,0.077
1721725228220000000,0.064
1721725228230000000,0.073
1721725228240000000,0.074
1721725228250000000,0.080
1721725228260000000,0.052
1721725228270000000,0.047
1721725228280000000,0.063
1721725228290000000,0.073
1721725228300000000,0.056
1721725228310000000,0.062
1721725228320000000,0.055
1721725228330000000,0.060
1721725228340000000,0.051
1721725228350000000,0.056
1721725228360000000,0.060
1721725228370000000,0.067
1721725228380000000,0.044
1721725228390000000,0.049
1721725228400000000,0.050
1721725228410000000,0.047
1721725228420000000,0.070
1721725228430000000,0.061
1721725228440000000,0.045
1721725228450000000,0.066
1721725228460000000,0.050
1721725228470000000,0.056
1721725228480000000,0.058
1721725228490000000,0.041
1721725228500000000,0.042
1721725228510000000,0.052
1721725228520000000,0.037
1721725228530000000,0.035
1721725228540000000,0.050
1721725228550000000,0.031
1721725228560000000,0.030
1721725228570000000,0.033
1721725228580000000,0.044
1721725228590000000,0.044
1721725228600000000,0.046
1721725228610000000,0.044
1721725228620000000,0.047
1721725228630000000,0.034
1721725228640000000,0.035
1721725228650000000,0.029
1721725228660000000,0.038
1721725228670000000,0.045
1721725228680000000,0.040
1721725228690000000,0.024
1721725228700000000,0.037
1721725228710000000,0.032
1721725228720000000,0.036
1721725228730000000,0.053
1721725228740000000,0.032
1721725228750000000,0.024
1721725228760000000,0.036
1721725228770000000,0.042
1721725228780000000,0.034
1721725228790000000,0.023
1721725228800000000,0.038
1721725228810000000,0.042
1721725228820000000,0.029
1721725228830000000,0.048
1721725228840000000,0.028
1721725228850000000,0.027
1721725228860000000,0.014
1721725228870000000,0.013
1721725228880000000,0.020
1721725228890000000,0.028
1721725228900000000,0.020
1721725228910000000,0.023
1721725228920000000,0.017
1721725228930000000,0.023
1721725228940000000,0.027
1721725228950000000,0.027
1721725228960000000,0.031
1721725228970000000,0.023
1721725228980000000,0.015
1721725228990000000,0.032
1721725229000000000,0.027
1721725229010000000,0.020
1721725229020000000,0.018
1721725229030000000,0.022
1721725229040000000,0.022
1721725229050000000,0.026
1721725229060000000,0.023
1721725229070000000,0.020
1721725229080000000,0.034
1721725229090000000,0.021
1721725229100000000,0.020
1721725229110000000,0.020
1721725229120000000,0.020
1721725229130000000,0.015
1721725229140000000,0.012
1721725229150000000,0.022
1721725229160000000,0.011
1721725229170000000,0.011
1721725229180000000,0.016
1721725229190000000,0.023
1721725229200000000,0.029
1721725229210000000,0.011
1721725229220000000,0.022
1721725229230000000,0.009
1721725229240000000,0.016
1721725229250000000,0.014
1721725229260000000,0.010
1721725229270000000,0.004
1721725229280000000,0.026
1721725229290000000,0.005
1721725229300000000,0.007
1721725229310000000,0.021
1721725229320000000,0.028
1721725229330000000,0.023
1721725229340000000,0.004
1721725229350000000,0.002
1721725229360000000,0.009
1721725229370000000,0.012
1721725229380000000,0.004
1721725229390000000,0.012
1721725229400000000,0.011
1721725229410000000,0.007
1721725229420000000,0.013
1721725229430000000,0.005
1721725229440000000,0.012
1721725229450000000,0.004
1721725229460000000,0.010
1721725229470000000,0.009
1721725229480000000,0.018
1721725229490000000,0.008
1721725229500000000,0.008
1721725229510000000,0.011
1721725229520000000,0.013
1721725229530000000,0.014
1721725229540000000,0.014
1721725229550000000,0.007
1721725229560000000,0.000
1721725229570000000,0.013
1721725229580000000,0.020
1721725229590000000,0.019
1721725229600000000,0.009
1721725229610000000,0.004
1721725229620000000,0.018
1721725229630000000,0.013
1721725229640000000,0.014
1721725229650000000,0.009
1721725229660000000,0.007
1721725229670000000,0.007
1721725229680000000,0.000
1721725229690000000,0.003
1721725229700000000,0.010
1721725229710000000,0.000
1721725229720000000,0.007
1721725229730000000,0.018
1721725229740000000,0.002
1721725229750000000,0.006
1721725229760000000,0.010
1721725229770000000,0.006
1721725229780000000,0.011
1721725229790000000,0.008
1721725229800000000,0.003
1721725229810000000,0.000
1721725229820000000,0.008
1721725229830000000,0.000
1721725229840000000,0.016
1721725229850000000,0.009
1721725229860000000,0.015
1721725229870000000,0.005
1721725229880000000,0.005
1721725229890000000,0.009
1721725229900000000,0.002
1721725229910000000,0.004
1721725229920000000,0.009
1721725229930000000,0.012
1721725229940000000,0.019
1721725229950000000,0.012
1721725229960000000,0.009
1721725229970000000,0.018
1721725229980000000,0.014
1721725229990000000,0.014
