timestamp_ns,value_rpm
1723798800000000000,15
1723798800010000000,0
1723798800020000000,0
1723798800030000000,0
1723798800040000000,45
1723798800050000000,118
1723798800060000000,69
1723798800070000000,22
1723798800080000000,0
1723798800090000000,7
1723798800100000000,0
1723798800110000000,33
1723798800120000000,84
1723798800130000000,0
1723798800140000000,7
1723798800150000000,0
1723798800160000000,52
1723798800170000000,0
1723798800180000000,7
1723798800190000000,0
1723798800200000000,0
1723798800210000000,89
1723798800220000000,0
1723798800230000000,33
1723798800240000000,0
1723798800250000000,19
1723798800260000000,69
1723798800270000000,0
1723798800280000000,20
1723798800290000000,0
1723798800300000000,49
1723798800310000000,13
1723798800320000000,23
1723798800330000000,0
1723798800340000000,0
1723798800350000000,0
1723798800360000000,0
1723798800370000000,51
1723798800380000000,13
1723798800390000000,37
1723798800400000000,0
1723798800410000000,0
1723798800420000000,0
1723798800430000000,0
1723798800440000000,0
1723798800450000000,19
1723798800460000000,0
1723798800470000000,0
1723798800480000000,0
1723798800490000000,112
1723798800500000000,0
1723798800510000000,52
1723798800520000000,59
1723798800530000000,75
1723798800540000000,0
1723798800550000000,26
1723798800560000000,0
1723798800570000000,0
1723798800580000000,28
1723798800590000000,0
1723798800600000000,41
1723798800610000000,0
1723798800620000000,35
1723798800630000000,1
1723798800640000000,0
1723798800650000000,19
1723798800660000000,26
1723798800670000000,0
1723798800680000000,15
1723798800690000000,66
1723798800700000000,64
1723798800710000000,0
1723798800720000000,40
1723798800730000000,0
1723798800740000000,7
1723798800750000000,0
1723798800760000000,0
1723798800770000000,0
1723798800780000000,6
1723798800790000000,16
1723798800800000000,33
1723798800810000000,127
1723798800820000000,0
1723798800830000000,17
1723798800840000000,38
1723798800850000000,0
1723798800860000000,1
1723798800870000000,51
1723798800880000000,5
1723798800890000000,0
1723798800900000000,38
1723798800910000000,0
1723798800920000000,38
1723798800930000000,33
1723798800940000000,58
1723798800950000000,0
1723798800960000000,48
1723798800970000000,0
1723798800980000000,19
1723798800990000000,80
1723798801000000000,42
1723798801010000000,0
1723798801020000000,0
1723798801030000000,33
1723798801040000000,0
1723798801050000000,0
1723798801060000000,6
1723798801070000000,0
1723798801080000000,0
1723798801090000000,70
1723798801100000000,0
1723798801110000000,76
1723798801120000000,29
1723798801130000000,0
1723798801140000000,129
1723798801150000000,0
1723798801160000000,35
1723798801170000000,81
1723798801180000000,7
1723798801190000000,23
1723798801200000000,79
1723798801210000000,0
1723798801220000000,0
1723798801230000000,0
1723798801240000000,0
1723798801250000000,88
1723798801260000000,2
1723798801270000000,0
1723798801280000000,0
1723798801290000000,0
1723798801300000000,27
1723798801310000000,11
1723798801320000000,0
1723798801330000000,0
1723798801340000000,0
1723798801350000000,0
1723798801360000000,0
1723798801370000000,40
1723798801380000000,0
1723798801390000000,0
1723798801400000000,46
1723798801410000000,0
1723798801420000000,0
1723798801430000000,14
1723798801440000000,114
1723798801450000000,28
1723798801460000000,0
1723798801470000000,0
1723798801480000000,0
1723798801490000000,0
1723798801500000000,66
1723798801510000000,0
1723798801520000000,53
1723798801530000000,25
1723798801540000000,2
1723798801550000000,0
1723798801560000000,0
1723798801570000000,31
1723798801580000000,70
1723798801590000000,32
1723798801600000000,63
1723798801610000000,16
1723798801620000000,10
1723798801630000000,42
1723798801640000000,0
1723798801650000000,0
1723798801660000000,0
1723798801670000000,0
1723798801680000000,0
1723798801690000000,0
1723798801700000000,0
1723798801710000000,0
1723798801720000000,0
1723798801730000000,8
1723798801740000000,0
1723798801750000000,39
1723798801760000000,65
1723798801770000000,0
1723798801780000000,0
1723798801790000000,9
1723798801800000000,65
1723798801810000000,0
1723798801820000000,3
1723798801830000000,82
1723798801840000000,0
1723798801850000000,0
1723798801860000000,4
1723798801870000000,0
1723798801880000000,0
1723798801890000000,33
1723798801900000000,0
1723798801910000000,0
1723798801920000000,59
1723798801930000000,0
1723798801940000000,0
1723798801950000000,52
1723798801960000000,84
1723798801970000000,0
1723798801980000000,55
1723798801990000000,0
1723798802000000000,89
1723798802009999999,212
1723798802020000000,390
1723798802029999999,396
1723798802040000000,974
1723798802049999999,617
1723798802060000000,897
1723798802069999999,1301
1723798802080000000,1434
1723798802089999999,1467
1723798802100000000,1671
1723798802109999999,2169
1723798802120000000,2314
1723798802130000000,2432
1723798802140000000,2301
1723798802150000000,2843
1723798802160000000,2921
1723798802170000000,3188
1723798802180000000,3281
1723798802190000000,3443
1723798802200000000,3890
1723798802210000000,3931
1723798802220000000,4396
1723798802230000000,4404
1723798802240000000,4401
1723798802250000000,4803
1723798802260000000,4818
1723798802270000000,4918
1723798802280000000,5239
1723798802290000000,5699
1723798802300000000,5751
1723798802310000000,5828
1723798802320000000,6090
1723798802330000000,6270
1723798802340000000,6159
1723798802350000000,6079
1723798802360000000,6568
1723798802370000000,6797
1723798802380000000,7280
1723798802390000000,7134
1723798802400000000,7313
1723798802410000000,7689
1723798802420000000,8032
1723798802430000000,8093
1723798802440000000,8273
1723798802450000000,8215
1723798802460000000,8493
1723798802470000000,8586
1723798802480000000,8858
1723798802490000000,9113
1723798802500000000,9278
1723798802510000000,9477
1723798802520000000,9936
1723798802530000000,9858
1723798802540000000,9760
1723798802550000000,10142
1723798802560000000,10127
1723798802570000000,10690
1723798802580000000,10741
1723798802590000000,11115
1723798802600000000,10971
1723798802610000000,11076
1723798802620000000,11493
1723798802630000000,11814
1723798802640000000,11933
1723798802650000000,11779
1723798802660000000,12172
1723798802670000000,12447
1723798802680000000,12651
1723798802690000000,12898
1723798802700000000,13044
1723798802710000000,13113
1723798802720000000,13299
1723798802730000000,13517
1723798802740000000,13822
1723798802750000000,13718
1723798802760000000,13996
1723798802770000000,14462
1723798802780000000,14372
1723798802790000000,14839
1723798802800000000,14868
1723798802810000000,15041
1723798802820000000,15437
1723798802830000000,15737
1723798802840000000,15983
1723798802850000000,15814
1723798802860000000,15995
1723798802870000000,16262
1723798802880000000,16379
1723798802890000000,16603
1723798802900000000,16990
1723798802910000000,16795
1723798802920000000,17028
1723798802930000000,17214
1723798802940000000,17618
1723798802950000000,17526
1723798802960000000,17852
1723798802970000000,17984
1723798802980000000,18150
1723798802990000000,18317
1723798803000000000,20204
1723798803010000000,20421
1723798803020000000,20422
1723798803030000000,20500
1723798803040000000,20742
1723798803050000000,20298
1723798803060000000,20504
1723798803070000000,20462
1723798803080000000,20522
1723798803090000000,20556
1723798803100000000,20370
1723798803110000000,20540
1723798803120000000,20640
1723798803130000000,20598
1723798803140000000,20676
1723798803150000000,20520
1723798803160000000,20611
1723798803170000000,20670
1723798803180000000,20704
1723798803190000000,20813
1723798803200000000,20691
1723798803210000000,20964
1723798803220000000,20895
1723798803230000000,20892
1723798803240000000,21039
1723798803250000000,21050
1723798803260000000,20914
1723798803270000000,20849
1723798803280000000,21173
1723798803290000000,20872
1723798803300000000,20947
1723798803310000000,20788
1723798803320000000,21204
1723798803330000000,21151
1723798803340000000,21214
1723798803350000000,21512
1723798803360000000,21294
1723798803370000000,21242
1723798803380000000,21315
1723798803390000000,21655
1723798803400000000,21352
1723798803410000000,21639
1723798803420000000,21325
1723798803430000000,21669
1723798803440000000,21823
1723798803450000000,21527
1723798803460000000,21552
1723798803470000000,21564
1723798803480000000,22054
1723798803490000000,21357
1723798803500000000,21617
1723798803510000000,21720
1723798803520000000,22055
1723798803530000000,22074
1723798803540000000,22097
1723798803550000000,22060
1723798803560000000,22031
1723798803570000000,22227
1723798803580000000,22129
1723798803590000000,22437
1723798803600000000,22134
1723798803610000000,22091
1723798803620000000,22526
1723798803630000000,22184
1723798803640000000,22347
1723798803650000000,22543
1723798803660000000,22462
1723798803670000000,22648
1723798803680000000,22657
1723798803690000000,22646
1723798803700000000,22816
1723798803710000000,22776
1723798803720000000,22749
1723798803730000000,22660
1723798803740000000,22651
1723798803750000000,22983
1723798803760000000,22785
1723798803770000000,22774
1723798803780000000,23130
1723798803790000000,23095
1723798803800000000,23010
1723798803810000000,23501
1723798803820000000,23531
1723798803830000000,23326
1723798803840000000,23485
1723798803850000000,23355
1723798803860000000,23756
1723798803870000000,23520
1723798803880000000,23890
1723798803890000000,23572
1723798803900000000,23777
1723798803910000000,23949
1723798803920000000,23997
1723798803930000000,23730
1723798803940000000,24128
1723798803950000000,23857
1723798803960000000,24160
1723798803970000000,24363
1723798803980000000,23889
1723798803990000000,24192
1723798804000000000,24715
1723798804010000000,24392
1723798804019999999,24631
1723798804030000000,24751
1723798804040000000,24599
1723798804050000000,25111
1723798804059999999,24781
1723798804070000000,24806
1723798804080000000,25082
1723798804090000000,24902
1723798804099999999,25213
1723798804110000000,25083
1723798804120000000,25050
1723798804130000000,25397
1723798804139999999,25384
1723798804150000000,25474
1723798804160000000,25559
1723798804170000000,25499
1723798804179999999,25704
1723798804190000000,25786
1723798804200000000,25849
1723798804210000000,25956
1723798804219999999,26289
1723798804230000000,26190
1723798804240000000,26407
1723798804250000000,26520
1723798804260000000,26380
1723798804269999999,26516
1723798804280000000,26598
1723798804290000000,26853
1723798804300000000,26845
1723798804310000000,26964
1723798804320000000,26913
1723798804330000000,27036
1723798804340000000,27154
1723798804350000000,27242
1723798804360000000,27265
1723798804370000000,27367
1723798804380000000,27355
1723798804390000000,27632
1723798804400000000,27556
1723798804410000000,27726
1723798804420000000,27917
1723798804430000000,27765
1723798804440000000,27955
1723798804450000000,28145
1723798804460000000,27856
1723798804470000000,28224
1723798804480000000,28279
1723798804490000000,28311
1723798804500000000,28626
1723798804510000000,28748
1723798804520000000,29120
1723798804530000000,28837
1723798804540000000,29001
1723798804550000000,29385
1723798804560000000,28945
1723798804570000000,29278
1723798804580000000,29317
1723798804590000000,29660
1723798804600000000,29768
1723798804610000000,29994
1723798804620000000,29975
1723798804630000000,29877
1723798804640000000,30186
1723798804650000000,30322
1723798804660000000,30358
1723798804670000000,30698
1723798804680000000,30923
1723798804690000000,30711
1723798804700000000,30738
1723798804710000000,30632
1723798804720000000,31083
1723798804730000000,31044
1723798804740000000,31663
1723798804750000000,31382
1723798804760000000,31612
1723798804770000000,31652
1723798804780000000,31908
1723798804790000000,31735
1723798804800000000,32087
1723798804810000000,32162
1723798804820000000,32501
1723798804830000000,32561
1723798804840000000,32628
1723798804850000000,32992
1723798804860000000,32957
1723798804870000000,32709
1723798804880000000,33380
1723798804890000000,32979
1723798804900000000,33319
1723798804910000000,33348
1723798804920000000,33716
1723798804930000000,33660
1723798804940000000,34002
1723798804950000000,34002
1723798804960000000,34292
1723798804970000000,34059
1723798804980000000,34461
1723798804990000000,34853
1723798805000000000,34769
1723798805010000000,34562
1723798805020000000,35132
1723798805030000000,35270
1723798805040000000,35241
1723798805050000000,35410
1723798805060000000,35455
1723798805070000000,35804
1723798805080000000,35637
1723798805090000000,35961
1723798805100000000,35933
1723798805110000000,36120
1723798805120000000,36377
1723798805130000000,36582
1723798805140000000,36620
1723798805150000000,36806
1723798805160000000,36724
1723798805170000000,36850
1723798805180000000,37079
1723798805190000000,37145
1723798805200000000,37447
1723798805210000000,37589
1723798805220000000,37692
1723798805230000000,37985
1723798805240000000,38049
1723798805250000000,37993
1723798805260000000,38141
1723798805270000000,38542
1723798805280000000,38857
1723798805290000000,38809
1723798805300000000,39237
1723798805310000000,39016
1723798805320000000,39069
1723798805330000000,39413
1723798805340000000,39285
1723798805350000000,39651
1723798805360000000,39716
1723798805370000000,39888
1723798805380000000,40300
1723798805390000000,39968
1723798805400000000,40283
1723798805410000000,40717
1723798805420000000,40984
1723798805430000000,40598
1723798805440000000,40857
1723798805450000000,40912
1723798805460000000,41219
1723798805470000000,41242
1723798805480000000,41611
1723798805490000000,41456
1723798805500000000,42146
1723798805510000000,41851
1723798805520000000,41923
1723798805530000000,42192
1723798805540000000,42292
1723798805550000000,42710
1723798805560000000,42247
1723798805570000000,42832
1723798805580000000,42788
1723798805590000000,42816
1723798805600000000,43336
1723798805610000000,43230
1723798805620000000,43457
1723798805630000000,43624
1723798805640000000,43556
1723798805650000000,44048
1723798805660000000,44040
1723798805670000000,44270
1723798805680000000,44444
1723798805690000000,44415
1723798805700000000,44494
1723798805710000000,44750
1723798805720000000,44658
1723798805730000000,45179
1723798805740000000,45106
1723798805750000000,45421
1723798805760000000,45355
1723798805770000000,45626
1723798805780000000,45481
1723798805790000000,45612
1723798805800000000,46139
1723798805810000000,46362
1723798805820000000,46315
1723798805830000000,46414
1723798805840000000,46443
1723798805850000000,46335
1723798805860000000,46616
1723798805870000000,46986
1723798805880000000,46831
1723798805890000000,47200
1723798805900000000,46828
1723798805910000000,47325
1723798805920000000,47684
1723798805930000000,47469
1723798805940000000,48021
1723798805950000000,47771
1723798805960000000,48308
1723798805970000000,48015
1723798805980000000,48287
1723798805990000000,48478
1723798806000000000,48473
1723798806010000000,48633
1723798806020000000,48934
1723798806030000000,48966
1723798806040000000,48948
1723798806050000000,49114
1723798806060000000,49482
1723798806070000000,49627
1723798806080000000,49519
1723798806090000000,49882
1723798806100000000,49714
1723798806110000000,49857
1723798806120000000,49958
1723798806130000000,50075
1723798806140000000,50287
1723798806150000000,50029
1723798806160000000,50186
1723798806170000000,50643
1723798806180000000,50808
1723798806190000000,50652
1723798806200000000,50610
1723798806210000000,51009
1723798806220000000,51001
1723798806230000000,51313
1723798806240000000,51347
1723798806250000000,51638
1723798806260000000,51742
1723798806270000000,51506
1723798806280000000,51703
1723798806290000000,51848
1723798806300000000,52102
1723798806310000000,52209
1723798806320000000,52066
1723798806330000000,52308
1723798806340000000,52411
1723798806350000000,52083
1723798806360000000,52625
1723798806370000000,52772
1723798806380000000,52723
1723798806390000000,52907
1723798806400000000,52842
1723798806410000000,52855
1723798806420000000,52834
1723798806430000000,53174
1723798806440000000,53578
1723798806450000000,53256
1723798806460000000,53593
1723798806470000000,53528
1723798806480000000,53701
1723798806490000000,53864
1723798806500000000,53910
1723798806510000000,53903
1723798806520000000,54184
1723798806530000000,54179
1723798806540000000,54496
1723798806550000000,54258
1723798806560000000,54462
1723798806570000000,54607
1723798806580000000,54468
1723798806590000000,54415
1723798806600000000,54828
1723798806610000000,55047
1723798806620000000,55068
1723798806630000000,55211
1723798806640000000,55029
1723798806650000000,55092
1723798806660000000,55228
1723798806670000000,55213
1723798806680000000,55383
1723798806690000000,55434
1723798806700000000,55215
1723798806710000000,55656
1723798806720000000,55373
1723798806730000000,55568
1723798806740000000,55827
1723798806750000000,55812
1723798806760000000,55999
1723798806770000000,55997
1723798806780000000,55995
1723798806790000000,55909
1723798806800000000,56162
1723798806810000000,56348
1723798806820000000,55923
1723798806830000000,56235
1723798806840000000,56456
1723798806850000000,56571
1723798806860000000,56540
1723798806870000000,56728
1723798806880000000,56762
1723798806890000000,56844
1723798806900000000,56790
1723798806910000000,56816
1723798806920000000,56856
1723798806930000000,57217
1723798806940000000,56960
1723798806950000000,57024
1723798806960000000,57477
1723798806970000000,57403
1723798806980000000,57301
1723798806990000000,57424
1723798807000000000,57507
1723798807010000000,57743
1723798807020000000,57485
1723798807030000000,57558
1723798807040000000,57622
1723798807050000000,57823
1723798807060000000,58132
1723798807070000000,57689
1723798807080000000,58045
1723798807090000000,57914
1723798807100000000,57860
1723798807110000000,57902
1723798807120000000,58011
1723798807130000000,58148
1723798807140000000,58170
1723798807150000000,58283
1723798807160000000,58175
1723798807170000000,58274
1723798807180000000,58334
1723798807190000000,58422
1723798807200000000,58586
1723798807210000000,58388
1723798807220000000,58541
1723798807230000000,58642
1723798807240000000,58761
1723798807250000000,58872
1723798807260000000,58668
1723798807270000000,58761
1723798807280000000,58963
1723798807290000000,58470
1723798807300000000,58832
1723798807310000000,58636
1723798807320000000,59116
1723798807330000000,58813
1723798807340000000,59017
1723798807350000000,58812
1723798807360000000,59262
1723798807370000000,58972
1723798807380000000,59224
1723798807390000000,59027
1723798807400000000,59207
1723798807410000000,59352
1723798807420000000,59207
1723798807430000000,59325
1723798807440000000,59043
1723798807450000000,59397
1723798807460000000,59303
1723798807470000000,59617
1723798807480000000,59394
1723798807490000000,59439
1723798807500000000,59330
1723798807510000000,59517
1723798807520000000,59574
1723798807530000000,59500
1723798807540000000,59717
1723798807550000000,59775
1723798807560000000,59526
1723798807570000000,59896
1723798807580000000,59524
1723798807590000000,59854
1723798807600000000,59803
1723798807610000000,59917
1723798807620000000,59828
1723798807630000000,59892
1723798807640000000,59792
1723798807650000000,59926
1723798807660000000,59986
1723798807670000000,60240
1723798807680000000,60024
1723798807690000000,59952
1723798807700000000,60135
1723798807710000000,60072
1723798807720000000,60280
1723798807730000000,59986
1723798807740000000,60074
1723798807750000000,60176
1723798807760000000,60406
1723798807770000000,60239
1723798807780000000,60192
1723798807790000000,60247
1723798807800000000,60312
1723798807810000000,60489
1723798807820000000,60444
1723798807830000000,60472
1723798807840000000,60164
1723798807850000000,60330
1723798807860000000,60314
1723798807870000000,60518
1723798807880000000,60395
1723798807890000000,60345
1723798807900000000,60271
1723798807910000000,60757
1723798807920000000,60447
1723798807930000000,60369
1723798807940000000,60620
1723798807950000000,60654
1723798807960000000,60665
1723798807970000000,60506
1723798807980000000,60846
1723798807990000000,60465
1723798808000000000,61034
1723798808010000000,60575
1723798808020000000,60541
1723798808029999999,60650
1723798808039999999,60917
1723798808050000000,60872
1723798808060000000,60696
1723798808070000000,60967
1723798808080000000,60770
1723798808090000000,60970
1723798808100000000,61056
1723798808109999999,60997
1723798808119999999,60725
1723798808130000000,60624
1723798808140000000,60844
1723798808150000000,60481
1723798808160000000,60739
1723798808170000000,60690
1723798808180000000,60825
1723798808189999999,61017
1723798808199999999,60740
1723798808210000000,61071
1723798808220000000,60814
1723798808230000000,61106
1723798808240000000,61084
1723798808250000000,61284
1723798808260000000,60956
1723798808270000000,60911
1723798808279999999,61180
1723798808289999999,60998
1723798808300000000,61140
1723798808310000000,61032
1723798808320000000,60789
1723798808330000000,61426
1723798808340000000,60869
1723798808350000000,61160
1723798808359999999,61217
1723798808369999999,61310
1723798808380000000,61049
1723798808390000000,61276
1723798808400000000,61219
1723798808410000000,61231
1723798808420000000,61131
1723798808430000000,61406
1723798808439999999,60964
1723798808449999999,61227
1723798808460000000,61296
1723798808470000000,61318
1723798808480000000,61519
1723798808490000000,61357
1723798808500000000,61312
1723798808510000000,61386
1723798808520000000,61313
1723798808529999999,61394
1723798808539999999,61398
1723798808550000000,61329
1723798808560000000,61254
1723798808570000000,61431
1723798808580000000,61376
1723798808590000000,61286
1723798808600000000,61599
1723798808610000000,61963
1723798808620000000,61596
1723798808630000000,61238
1723798808640000000,61369
1723798808650000000,61555
1723798808660000000,61678
1723798808670000000,61381
1723798808680000000,61466
1723798808690000000,61461
1723798808700000000,61222
1723798808710000000,61503
1723798808720000000,61474
1723798808730000000,61579
1723798808740000000,61535
1723798808750000000,61288
1723798808760000000,61738
1723798808770000000,61787
1723798808780000000,61607
1723798808790000000,61769
1723798808800000000,61308
1723798808810000000,61441
1723798808820000000,61836
1723798808830000000,61343
1723798808840000000,61486
1723798808850000000,61366
1723798808860000000,61222
1723798808870000000,61641
1723798808880000000,61622
1723798808890000000,61623
1723798808900000000,61446
1723798808910000000,61535
1723798808920000000,61738
1723798808930000000,61754
1723798808940000000,61594
1723798808950000000,61497
1723798808960000000,61481
1723798808970000000,61446
1723798808980000000,61972
1723798808990000000,61546
1723798809000000000,61929
1723798809010000000,62054
1723798809020000000,62047
1723798809030000000,62115
1723798809040000000,62089
1723798809050000000,62190
1723798809060000000,61836
1723798809070000000,62051
1723798809080000000,62098
1723798809090000000,61976
1723798809100000000,61714
1723798809110000000,61861
1723798809120000000,62026
1723798809130000000,61960
1723798809140000000,61753
1723798809150000000,62005
1723798809160000000,61855
1723798809170000000,61898
1723798809180000000,62236
1723798809190000000,61905
1723798809200000000,62103
1723798809210000000,62061
1723798809220000000,61824
1723798809230000000,61843
1723798809240000000,62090
1723798809250000000,61979
1723798809260000000,61928
1723798809270000000,62261
1723798809280000000,61838
1723798809290000000,61975
1723798809300000000,61941
1723798809310000000,62051
1723798809320000000,62086
1723798809330000000,61971
1723798809340000000,61929
1723798809350000000,62132
1723798809360000000,62172
1723798809370000000,61970
1723798809380000000,61707
1723798809390000000,62133
1723798809400000000,61860
1723798809410000000,61826
1723798809420000000,61837
1723798809430000000,61787
1723798809440000000,61907
1723798809450000000,62057
1723798809460000000,61669
1723798809470000000,61985
1723798809480000000,61650
1723798809490000000,62242
1723798809500000000,61928
1723798809510000000,62177
1723798809520000000,62001
1723798809530000000,62035
1723798809540000000,61750
1723798809550000000,62045
1723798809560000000,62169
1723798809570000000,61933
1723798809580000000,61902
1723798809590000000,62147
1723798809600000000,61948
1723798809610000000,62134
1723798809620000000,61967
1723798809630000000,62061
1723798809640000000,61974
1723798809650000000,62022
1723798809660000000,62058
1723798809670000000,62077
1723798809680000000,62052
1723798809690000000,61890
1723798809700000000,61845
1723798809710000000,62063
1723798809720000000,61895
1723798809730000000,62174
1723798809740000000,61948
1723798809750000000,61791
1723798809760000000,62358
1723798809770000000,62087
1723798809780000000,62173
1723798809790000000,62037
1723798809800000000,61856
1723798809810000000,62176
1723798809820000000,62292
1723798809830000000,61991
1723798809840000000,62265
1723798809850000000,62065
1723798809860000000,61943
1723798809870000000,62078
1723798809880000000,61870
1723798809890000000,62162
1723798809900000000,62177
1723798809910000000,61897
1723798809920000000,61949
1723798809930000000,62075
1723798809940000000,62016
1723798809950000000,61722
1723798809960000000,61807
1723798809970000000,62011
1723798809980000000,61787
1723798809990000000,62329
1723798810000000000,61969
1723798810010000000,62066
1723798810020000000,62330
1723798810030000000,61842
1723798810040000000,62231
1723798810050000000,61895
1723798810060000000,62086
1723798810070000000,61841
1723798810080000000,62216
1723798810090000000,61950
1723798810100000000,61877
1723798810110000000,61853
1723798810120000000,62291
1723798810130000000,62035
1723798810140000000,62094
1723798810150000000,62270
1723798810160000000,62035
1723798810170000000,61800
1723798810180000000,62135
1723798810190000000,61984
1723798810200000000,61987
1723798810210000000,62137
1723798810220000000,62227
1723798810230000000,62317
1723798810240000000,62058
1723798810250000000,61953
1723798810260000000,61868
1723798810270000000,61761
1723798810280000000,61800
1723798810290000000,61915
1723798810300000000,61942
1723798810310000000,61981
1723798810320000000,62246
1723798810330000000,62319
1723798810340000000,62138
1723798810350000000,61837
1723798810360000000,61803
1723798810370000000,61959
1723798810380000000,62080
1723798810390000000,62273
1723798810400000000,61743
1723798810410000000,61978
1723798810420000000,62206
1723798810430000000,61867
1723798810440000000,61898
1723798810450000000,62140
1723798810460000000,61712
1723798810470000000,62299
1723798810480000000,61707
1723798810490000000,62033
1723798810500000000,62154
1723798810510000000,62035
1723798810520000000,62140
1723798810530000000,61964
1723798810540000000,61975
1723798810550000000,61694
1723798810560000000,61805
1723798810570000000,62123
1723798810580000000,61917
1723798810590000000,62076
1723798810600000000,61928
1723798810610000000,61999
1723798810620000000,61834
1723798810630000000,61871
1723798810640000000,62235
1723798810650000000,62002
1723798810660000000,61840
1723798810670000000,62003
1723798810680000000,62016
1723798810690000000,61847
1723798810700000000,62060
1723798810710000000,62176
1723798810720000000,61947
1723798810730000000,61799
1723798810740000000,61693
1723798810750000000,62001
1723798810760000000,62166
1723798810770000000,62147
1723798810780000000,61851
1723798810790000000,61971
1723798810800000000,62063
1723798810810000000,62035
1723798810820000000,61774
1723798810830000000,62337
1723798810840000000,61846
1723798810850000000,61864
1723798810860000000,62069
1723798810870000000,61859
1723798810880000000,62079
1723798810890000000,61953
1723798810900000000,62090
1723798810910000000,62007
1723798810920000000,62011
1723798810930000000,62273
1723798810940000000,62168
1723798810950000000,62012
1723798810960000000,61865
1723798810970000000,62150
1723798810980000000,61938
1723798810990000000,62252
1723798811000000000,61900
1723798811010000000,61789
1723798811020000000,62203
1723798811030000000,62081
1723798811040000000,61933
1723798811050000000,61873
1723798811060000000,62071
1723798811070000000,61904
1723798811080000000,61838
1723798811090000000,62046
1723798811100000000,61892
1723798811110000000,61931
1723798811120000000,62058
1723798811130000000,62144
1723798811140000000,62036
1723798811150000000,61990
1723798811160000000,62079
1723798811170000000,62112
1723798811180000000,61624
1723798811190000000,62027
1723798811200000000,62270
1723798811210000000,61957
1723798811220000000,62057
1723798811230000000,61994
1723798811240000000,61976
1723798811250000000,62031
1723798811260000000,62137
1723798811270000000,61994
1723798811280000000,61796
1723798811290000000,61895
1723798811300000000,61748
1723798811310000000,62190
1723798811320000000,61890
1723798811330000000,62106
1723798811340000000,61855
1723798811350000000,62204
1723798811360000000,61941
1723798811370000000,61874
1723798811380000000,61947
1723798811390000000,61988
1723798811400000000,62253
1723798811410000000,61908
1723798811420000000,62036
1723798811430000000,61967
1723798811440000000,62167
1723798811450000000,61892
1723798811460000000,61753
1723798811470000000,61847
1723798811480000000,61926
1723798811490000000,61977
1723798811500000000,61691
1723798811510000000,61988
1723798811520000000,62029
1723798811530000000,61782
1723798811540000000,62148
1723798811550000000,62083
1723798811560000000,61861
1723798811570000000,62043
1723798811580000000,62172
1723798811590000000,62042
1723798811600000000,62375
1723798811610000000,62231
1723798811620000000,62094
1723798811630000000,61942
1723798811640000000,62091
1723798811650000000,61859
1723798811660000000,62012
1723798811670000000,61955
1723798811680000000,61919
1723798811690000000,62100
1723798811700000000,61752
1723798811710000000,61851
1723798811720000000,62045
1723798811730000000,62278
1723798811740000000,61743
1723798811750000000,61915
1723798811760000000,62127
1723798811770000000,61796
1723798811780000000,62193
1723798811790000000,61887
1723798811800000000,62032
1723798811810000000,61889
1723798811820000000,62020
1723798811830000000,62004
1723798811840000000,62138
1723798811850000000,61935
1723798811860000000,61811
1723798811870000000,61980
1723798811880000000,61852
1723798811890000000,62044
1723798811900000000,61908
1723798811910000000,61697
1723798811920000000,61932
1723798811930000000,62151
1723798811940000000,62104
1723798811950000000,61967
1723798811960000000,62056
1723798811970000000,62021
1723798811980000000,61848
1723798811990000000,62317
1723798812000000000,62029
1723798812010000000,62125
1723798812020000000,62073
1723798812030000000,61885
1723798812040000000,61999
1723798812050000000,61874
1723798812060000000,62095
1723798812070000000,62219
1723798812080000000,61973
1723798812090000000,61933
1723798812100000000,62083
1723798812110000000,61948
1723798812120000000,62043
1723798812130000000,61821
1723798812140000000,62412
1723798812150000000,62128
1723798812160000000,61971
1723798812170000000,61983
1723798812180000000,61848
1723798812190000000,61914
1723798812200000000,61762
1723798812210000000,62228
1723798812220000000,61844
1723798812230000000,61770
1723798812240000000,61857
1723798812250000000,62110
1723798812260000000,61752
1723798812270000000,61700
1723798812280000000,62020
1723798812290000000,61581
1723798812300000000,61995
1723798812310000000,62039
1723798812320000000,62112
1723798812330000000,62070
1723798812340000000,62051
1723798812350000000,62062
1723798812360000000,62023
1723798812370000000,61689
1723798812380000000,62140
1723798812390000000,61882
1723798812400000000,62152
1723798812410000000,62061
1723798812420000000,61973
1723798812430000000,62087
1723798812440000000,61892
1723798812450000000,62172
1723798812460000000,62443
1723798812470000000,61935
1723798812480000000,61943
1723798812490000000,62166
1723798812500000000,62080
1723798812510000000,62051
1723798812520000000,61749
1723798812530000000,61842
1723798812540000000,61764
1723798812550000000,62058
1723798812560000000,62168
1723798812570000000,61836
1723798812580000000,62140
1723798812590000000,62246
1723798812600000000,62065
1723798812610000000,61984
1723798812620000000,61945
1723798812630000000,62091
1723798812640000000,62101
1723798812650000000,61995
1723798812660000000,62091
1723798812670000000,61938
1723798812680000000,61801
1723798812690000000,62047
1723798812700000000,61976
1723798812710000000,62082
1723798812720000000,62060
1723798812730000000,62009
1723798812740000000,61992
1723798812750000000,62196
1723798812760000000,62076
1723798812770000000,62226
1723798812780000000,62012
1723798812790000000,62000
1723798812800000000,62006
1723798812810000000,61988
1723798812820000000,61822
1723798812830000000,62274
1723798812840000000,61998
1723798812850000000,61874
1723798812860000000,62178
1723798812870000000,61968
1723798812880000000,62111
1723798812890000000,62087
1723798812900000000,62022
1723798812910000000,62084
1723798812920000000,62015
1723798812930000000,61550
1723798812940000000,62215
1723798812950000000,62025
1723798812960000000,62036
1723798812970000000,61744
1723798812980000000,61723
1723798812990000000,61883
1723798813000000000,62230
1723798813010000000,61844
1723798813020000000,62004
1723798813030000000,61979
1723798813040000000,61991
1723798813050000000,61908
1723798813060000000,62046
1723798813070000000,61924
1723798813080000000,61952
1723798813090000000,62090
1723798813100000000,62110
1723798813110000000,61883
1723798813120000000,62014
1723798813130000000,61785
1723798813140000000,62051
1723798813150000000,62142
1723798813160000000,61900
1723798813170000000,62002
1723798813180000000,61787
1723798813190000000,62017
1723798813200000000,62007
1723798813210000000,61919
1723798813220000000,61886
1723798813230000000,61919
1723798813240000000,62523
1723798813250000000,61991
1723798813260000000,62018
1723798813270000000,61824
1723798813280000000,62085
1723798813290000000,61724
1723798813300000000,62116
1723798813310000000,61828
1723798813320000000,62010
1723798813330000000,61975
1723798813340000000,62131
1723798813350000000,62147
1723798813360000000,62089
1723798813370000000,61732
1723798813380000000,62035
1723798813390000000,62165
1723798813400000000,62068
1723798813410000000,61875
1723798813420000000,62156
1723798813430000000,61989
1723798813440000000,61780
1723798813450000000,62051
1723798813460000000,62161
1723798813470000000,62273
1723798813480000000,61777
1723798813490000000,61988
1723798813500000000,62040
1723798813510000000,61783
1723798813520000000,61808
1723798813530000000,61985
1723798813540000000,61881
1723798813550000000,61809
1723798813560000000,62059
1723798813570000000,62143
1723798813580000000,62114
1723798813590000000,61861
1723798813600000000,62246
1723798813610000000,62049
1723798813620000000,61869
1723798813630000000,61861
1723798813640000000,62320
1723798813650000000,61943
1723798813660000000,61718
1723798813670000000,61895
1723798813680000000,61992
1723798813690000000,61889
1723798813700000000,62055
1723798813710000000,62067
1723798813720000000,61918
1723798813730000000,61880
1723798813740000000,61886
1723798813750000000,62133
1723798813760000000,62309
1723798813770000000,62004
1723798813780000000,62066
1723798813790000000,61519
1723798813800000000,62111
1723798813810000000,61994
1723798813820000000,61964
1723798813830000000,61981
1723798813840000000,62146
1723798813850000000,61864
1723798813860000000,61873
1723798813870000000,62097
1723798813880000000,62076
1723798813890000000,62017
1723798813900000000,61906
1723798813910000000,62019
1723798813920000000,61934
1723798813930000000,62125
1723798813940000000,61847
1723798813950000000,62110
1723798813960000000,61766
1723798813970000000,61862
1723798813980000000,61995
1723798813990000000,62076
1723798814000000000,61883
1723798814010000000,62002
1723798814020000000,62255
1723798814030000000,61946
1723798814040000000,61854
1723798814050000000,61941
1723798814060000000,62208
1723798814070000000,62024
1723798814080000000,62192
1723798814090000000,61924
1723798814100000000,62073
1723798814110000000,61825
1723798814120000000,61936
1723798814130000000,62042
1723798814140000000,61841
1723798814150000000,61886
1723798814160000000,61781
1723798814170000000,61661
1723798814180000000,62096
1723798814190000000,62065
1723798814200000000,61977
1723798814210000000,62254
1723798814220000000,61882
1723798814230000000,62005
1723798814240000000,62080
1723798814250000000,61911
1723798814260000000,61954
1723798814270000000,61935
1723798814280000000,62188
1723798814290000000,62210
1723798814300000000,61948
1723798814310000000,61906
1723798814320000000,62072
1723798814330000000,62059
1723798814340000000,61820
1723798814350000000,62036
1723798814360000000,61602
1723798814370000000,62241
1723798814380000000,61907
1723798814390000000,61930
1723798814400000000,62246
1723798814410000000,62141
1723798814420000000,61988
1723798814430000000,61870
1723798814440000000,61867
1723798814450000000,61824
1723798814460000000,61765
1723798814470000000,61861
1723798814480000000,62092
1723798814490000000,61492
1723798814500000000,61943
1723798814510000000,61896
1723798814520000000,61951
1723798814530000000,62131
1723798814540000000,62265
1723798814550000000,62238
1723798814560000000,62031
1723798814570000000,62156
1723798814580000000,62198
1723798814590000000,62080
1723798814600000000,62291
1723798814610000000,62105
1723798814620000000,61891
1723798814630000000,61759
1723798814640000000,61988
1723798814650000000,62400
1723798814660000000,61782
1723798814670000000,61992
1723798814680000000,62042
1723798814690000000,62102
1723798814700000000,61998
1723798814710000000,62058
1723798814720000000,62312
1723798814730000000,61823
1723798814740000000,62060
1723798814750000000,62105
1723798814760000000,62322
1723798814770000000,61907
1723798814780000000,62274
1723798814790000000,62043
1723798814800000000,61864
1723798814810000000,62104
1723798814820000000,62041
1723798814830000000,61997
1723798814840000000,61996
1723798814850000000,62120
1723798814860000000,62062
1723798814870000000,61795
1723798814880000000,62098
1723798814890000000,62014
1723798814900000000,62325
1723798814910000000,61928
1723798814920000000,61710
1723798814930000000,61804
1723798814940000000,61968
1723798814950000000,62118
1723798814960000000,62236
1723798814970000000,62118
1723798814980000000,61861
1723798814990000000,62294
1723798815000000000,61878
1723798815010000000,61860
1723798815020000000,62003
1723798815030000000,62184
1723798815040000000,61700
1723798815050000000,61874
1723798815060000000,61904
1723798815070000000,61942
1723798815080000000,61969
1723798815090000000,62080
1723798815100000000,62085
1723798815110000000,62169
1723798815120000000,62100
1723798815130000000,62189
1723798815140000000,62317
1723798815150000000,61958
1723798815160000000,61962
1723798815170000000,62156
1723798815180000000,61927
1723798815190000000,62014
1723798815200000000,61863
1723798815210000000,62079
1723798815220000000,62226
1723798815230000000,62065
1723798815240000000,62188
1723798815250000000,61956
1723798815260000000,61892
1723798815270000000,61932
1723798815280000000,61931
1723798815290000000,61802
1723798815300000000,62002
1723798815310000000,61849
1723798815320000000,61919
1723798815330000000,62159
1723798815340000000,61950
1723798815350000000,62398
1723798815360000000,62038
1723798815370000000,62172
1723798815380000000,61821
1723798815390000000,62078
1723798815400000000,62332
1723798815410000000,62147
1723798815420000000,61824
1723798815430000000,61866
1723798815440000000,61865
1723798815450000000,61955
1723798815460000000,62044
1723798815470000000,61899
1723798815480000000,62093
1723798815490000000,61985
1723798815500000000,61945
1723798815510000000,61998
1723798815520000000,62139
1723798815530000000,61920
1723798815540000000,61980
1723798815550000000,62018
1723798815560000000,61996
1723798815570000000,61660
1723798815580000000,62091
1723798815590000000,61958
1723798815600000000,62065
1723798815610000000,61877
1723798815620000000,62047
1723798815630000000,62148
1723798815640000000,62043
1723798815650000000,61999
1723798815660000000,62171
1723798815670000000,62103
1723798815680000000,61940
1723798815690000000,62210
1723798815700000000,62050
1723798815710000000,61875
1723798815720000000,61837
1723798815730000000,62050
1723798815740000000,61837
1723798815750000000,62009
1723798815760000000,61789
1723798815770000000,61989
1723798815780000000,62267
1723798815790000000,61909
1723798815800000000,62238
1723798815810000000,61836
1723798815820000000,62198
1723798815830000000,62080
1723798815840000000,62090
1723798815850000000,61962
1723798815860000000,62192
1723798815870000000,62074
1723798815880000000,61870
1723798815890000000,61787
1723798815900000000,61810
1723798815910000000,61892
1723798815920000000,61930
1723798815930000000,62163
1723798815940000000,62086
1723798815950000000,61840
1723798815960000000,61997
1723798815970000000,62044
1723798815980000000,62109
1723798815990000000,62024
1723798816000000000,62106
1723798816010000000,61976
1723798816020000000,62153
1723798816030000000,62021
1723798816040000000,62158
1723798816050000000,61863
1723798816059999999,62006
1723798816070000000,62043
1723798816079999999,61792
1723798816090000000,61723
1723798816100000000,62040
1723798816110000000,61783
1723798816120000000,62219
1723798816129999999,62103
1723798816140000000,62250
1723798816149999999,61964
1723798816160000000,62027
1723798816170000000,61889
1723798816180000000,62298
1723798816190000000,61633
1723798816200000000,61973
1723798816210000000,61909
1723798816219999999,61971
1723798816230000000,62018
1723798816239999999,61851
1723798816250000000,61881
1723798816260000000,61935
1723798816270000000,61839
1723798816280000000,62128
1723798816290000000,62292
1723798816300000000,61958
1723798816309999999,62037
1723798816320000000,62240
1723798816329999999,61657
1723798816340000000,61818
1723798816350000000,62129
1723798816360000000,61975
1723798816370000000,61921
1723798816379999999,61875
1723798816390000000,61877
1723798816399999999,61890
1723798816410000000,61804
1723798816420000000,62070
1723798816430000000,61844
1723798816440000000,62088
1723798816450000000,61962
1723798816460000000,62008
1723798816469999999,62012
1723798816480000000,61883
1723798816489999999,61799
1723798816500000000,62139
1723798816510000000,62172
1723798816520000000,61870
1723798816530000000,62263
1723798816540000000,61895
1723798816550000000,61771
1723798816559999999,62067
1723798816570000000,62179
1723798816579999999,62090
1723798816590000000,61960
1723798816600000000,62016
1723798816610000000,61810
1723798816620000000,62213
1723798816629999999,61904
1723798816640000000,62191
1723798816649999999,62105
1723798816660000000,61783
1723798816670000000,62055
1723798816680000000,62070
1723798816690000000,61931
1723798816700000000,62007
1723798816710000000,62143
1723798816719999999,62034
1723798816730000000,61998
1723798816739999999,61975
1723798816750000000,62062
1723798816760000000,61943
1723798816770000000,62024
1723798816780000000,61893
1723798816790000000,62098
1723798816800000000,61990
1723798816809999999,61860
1723798816820000000,62087
1723798816829999999,61965
1723798816840000000,61895
1723798816850000000,62036
1723798816860000000,61870
1723798816870000000,61853
1723798816879999999,62047
1723798816890000000,61894
1723798816899999999,61963
1723798816910000000,62021
1723798816920000000,61683
1723798816930000000,62255
1723798816940000000,62008
1723798816950000000,62074
1723798816960000000,61897
1723798816969999999,61928
1723798816980000000,61993
1723798816989999999,62007
1723798817000000000,61815
1723798817010000000,62079
1723798817020000000,62052
1723798817030000000,62175
1723798817040000000,61944
1723798817050000000,62132
1723798817059999999,62094
1723798817070000000,61807
1723798817079999999,62083
1723798817090000000,62083
1723798817100000000,62032
1723798817110000000,61881
1723798817120000000,62188
1723798817129999999,62204
1723798817140000000,61823
1723798817149999999,62187
1723798817160000000,61966
1723798817170000000,62099
1723798817180000000,61819
1723798817190000000,61906
1723798817200000000,61981
1723798817210000000,61716
1723798817220000000,61907
1723798817230000000,62078
1723798817240000000,62178
1723798817250000000,61915
1723798817260000000,62301
1723798817270000000,61960
1723798817280000000,61710
1723798817290000000,61702
1723798817300000000,61984
1723798817310000000,61749
1723798817320000000,62043
1723798817330000000,61892
1723798817340000000,62056
1723798817350000000,62069
1723798817360000000,61964
1723798817370000000,62054
1723798817380000000,61997
1723798817390000000,62020
1723798817400000000,61901
1723798817410000000,62159
1723798817420000000,61952
1723798817430000000,61907
1723798817440000000,61932
1723798817450000000,62050
1723798817460000000,61914
1723798817470000000,62243
1723798817480000000,61804
1723798817490000000,61894
1723798817500000000,62088
1723798817510000000,61939
1723798817520000000,61896
1723798817530000000,61896
1723798817540000000,61851
1723798817550000000,62072
1723798817560000000,62160
1723798817570000000,61903
1723798817580000000,62111
1723798817590000000,62129
1723798817600000000,61926
1723798817610000000,61977
1723798817620000000,62076
1723798817630000000,62261
1723798817640000000,62092
1723798817650000000,61930
1723798817660000000,62011
1723798817670000000,61838
1723798817680000000,61839
1723798817690000000,62027
1723798817700000000,62029
1723798817710000000,62014
1723798817720000000,62098
1723798817730000000,62358
1723798817740000000,62018
1723798817750000000,61915
1723798817760000000,61930
1723798817770000000,61924
1723798817780000000,61893
1723798817790000000,62048
1723798817800000000,61895
1723798817810000000,61800
1723798817820000000,62330
1723798817830000000,62392
1723798817840000000,62150
1723798817850000000,62210
1723798817860000000,61986
1723798817870000000,62078
1723798817880000000,62070
1723798817890000000,62068
1723798817900000000,62002
1723798817910000000,62109
1723798817920000000,62109
1723798817930000000,62032
1723798817940000000,62240
1723798817950000000,61847
1723798817960000000,61959
1723798817970000000,62041
1723798817980000000,62143
1723798817990000000,61920
1723798818000000000,61827
1723798818010000000,62174
1723798818020000000,61851
1723798818030000000,62071
1723798818040000000,61853
1723798818050000000,61969
1723798818060000000,61865
1723798818070000000,62063
1723798818080000000,62189
1723798818090000000,61963
1723798818100000000,61850
1723798818110000000,61898
1723798818120000000,61790
1723798818130000000,62075
1723798818140000000,62109
1723798818150000000,61915
1723798818160000000,61799
1723798818170000000,61873
1723798818180000000,61882
1723798818190000000,62011
1723798818200000000,61746
1723798818210000000,61938
1723798818220000000,61910
1723798818230000000,62063
1723798818240000000,61908
1723798818250000000,62102
1723798818260000000,61926
1723798818270000000,61764
1723798818280000000,62425
1723798818290000000,61811
1723798818300000000,61973
1723798818310000000,62123
1723798818320000000,62113
1723798818330000000,61961
1723798818340000000,61935
1723798818350000000,61930
1723798818360000000,62244
1723798818370000000,61952
1723798818380000000,61981
1723798818390000000,62032
1723798818400000000,61844
1723798818410000000,61961
1723798818420000000,61860
1723798818430000000,62112
1723798818440000000,61954
1723798818450000000,61770
1723798818460000000,62002
1723798818470000000,61702
1723798818480000000,61972
1723798818490000000,62009
1723798818500000000,61964
1723798818510000000,61805
1723798818520000000,61960
1723798818530000000,62009
1723798818540000000,62099
1723798818550000000,62104
1723798818560000000,61913
1723798818570000000,61672
1723798818580000000,61880
1723798818590000000,62087
1723798818600000000,61897
1723798818610000000,62064
1723798818620000000,62277
1723798818630000000,61922
1723798818640000000,62107
1723798818650000000,62077
1723798818660000000,62071
1723798818670000000,61979
1723798818680000000,62047
1723798818690000000,61984
1723798818700000000,62001
1723798818710000000,62126
1723798818720000000,61957
1723798818730000000,61818
1723798818740000000,61843
1723798818750000000,61834
1723798818760000000,62081
1723798818770000000,61778
1723798818780000000,61985
1723798818790000000,61877
1723798818800000000,62088
1723798818810000000,62040
1723798818820000000,61986
1723798818830000000,62166
1723798818840000000,61966
1723798818850000000,62107
1723798818860000000,61984
1723798818870000000,62158
1723798818880000000,61727
1723798818890000000,62143
1723798818900000000,61838
1723798818910000000,62307
1723798818920000000,62051
1723798818930000000,61785
1723798818940000000,61949
1723798818950000000,61963
1723798818960000000,62264
1723798818970000000,61992
1723798818980000000,62166
1723798818990000000,62030
1723798819000000000,61998
1723798819010000000,62011
1723798819020000000,62194
1723798819030000000,61851
1723798819040000000,61816
1723798819050000000,62098
1723798819060000000,61845
1723798819070000000,61973
1723798819080000000,62016
1723798819090000000,62107
1723798819100000000,61849
1723798819110000000,62077
1723798819120000000,61990
1723798819130000000,61868
1723798819140000000,61999
1723798819150000000,62080
1723798819160000000,61781
1723798819170000000,61666
1723798819180000000,62026
1723798819190000000,61775
1723798819200000000,61765
1723798819210000000,62118
1723798819220000000,61821
1723798819230000000,61947
1723798819240000000,62012
1723798819250000000,62149
1723798819260000000,62172
1723798819270000000,62041
1723798819280000000,61942
1723798819290000000,62135
1723798819300000000,62191
1723798819310000000,62185
1723798819320000000,61788
1723798819330000000,62045
1723798819340000000,61778
1723798819350000000,62392
1723798819360000000,61772
1723798819370000000,62020
1723798819380000000,62202
1723798819390000000,62094
1723798819400000000,62055
1723798819410000000,61813
1723798819420000000,62044
1723798819430000000,62007
1723798819440000000,62142
1723798819450000000,62219
1723798819460000000,61966
1723798819470000000,62127
1723798819480000000,62129
1723798819490000000,61961
1723798819500000000,62074
1723798819510000000,61783
1723798819520000000,61932
1723798819530000000,61846
1723798819540000000,62251
1723798819550000000,62069
1723798819560000000,62069
1723798819570000000,62011
1723798819580000000,62148
1723798819590000000,61945
1723798819600000000,61974
1723798819610000000,62212
1723798819620000000,61862
1723798819630000000,62141
1723798819640000000,62317
1723798819650000000,62127
1723798819660000000,61896
1723798819670000000,62058
1723798819680000000,61964
1723798819690000000,62264
1723798819700000000,61877
1723798819710000000,62019
1723798819720000000,61892
1723798819730000000,62034
1723798819740000000,62074
1723798819750000000,61985
1723798819760000000,62042
1723798819770000000,62043
1723798819780000000,61975
1723798819790000000,62266
1723798819800000000,62298
1723798819810000000,62058
1723798819820000000,61971
1723798819830000000,62195
1723798819840000000,61792
1723798819850000000,61964
1723798819860000000,62337
1723798819870000000,61963
1723798819880000000,62018
1723798819890000000,61916
1723798819900000000,62123
1723798819910000000,62036
1723798819920000000,61924
1723798819930000000,62095
1723798819940000000,61900
1723798819950000000,62070
1723798819960000000,62164
1723798819970000000,61958
1723798819980000000,62099
1723798819990000000,62027
1723798820000000000,62126
1723798820010000000,61815
1723798820020000000,61897
1723798820030000000,62083
1723798820040000000,62098
1723798820050000000,61643
1723798820060000000,61907
1723798820070000000,61720
1723798820080000000,62198
1723798820090000000,61799
1723798820100000000,61953
1723798820110000000,62228
1723798820120000000,62132
1723798820130000000,62124
1723798820140000000,62009
1723798820150000000,62176
1723798820160000000,61978
1723798820170000000,62224
1723798820180000000,61876
1723798820190000000,62111
1723798820200000000,62124
1723798820210000000,62293
1723798820220000000,61759
1723798820230000000,62083
1723798820240000000,61729
1723798820250000000,62065
1723798820260000000,62054
1723798820270000000,61780
1723798820280000000,61776
1723798820290000000,61923
1723798820300000000,62222
1723798820310000000,62036
1723798820320000000,61985
1723798820330000000,62426
1723798820340000000,62310
1723798820350000000,62178
1723798820360000000,62004
1723798820370000000,61938
1723798820380000000,62023
1723798820390000000,61963
1723798820400000000,62321
1723798820410000000,62067
1723798820420000000,62024
1723798820430000000,61966
1723798820440000000,61881
1723798820450000000,61910
1723798820460000000,61784
1723798820470000000,62116
1723798820480000000,62171
1723798820490000000,62145
1723798820500000000,62265
1723798820510000000,62076
1723798820520000000,61819
1723798820530000000,61810
1723798820540000000,61846
1723798820550000000,61912
1723798820560000000,62018
1723798820570000000,61924
1723798820580000000,61636
1723798820590000000,62053
1723798820600000000,61909
1723798820610000000,62031
1723798820620000000,61827
1723798820630000000,61991
1723798820640000000,62008
1723798820650000000,61836
1723798820660000000,62225
1723798820670000000,61920
1723798820680000000,61985
1723798820690000000,61632
1723798820700000000,62080
1723798820710000000,61990
1723798820720000000,62110
1723798820730000000,62159
1723798820740000000,62275
1723798820750000000,62019
1723798820760000000,61860
1723798820770000000,61868
1723798820780000000,62035
1723798820790000000,62075
1723798820800000000,62086
1723798820810000000,62055
1723798820820000000,61953
1723798820830000000,61936
1723798820840000000,61976
1723798820850000000,62096
1723798820860000000,61999
1723798820870000000,62276
1723798820880000000,61931
1723798820890000000,61935
1723798820900000000,61866
1723798820910000000,62245
1723798820920000000,61828
1723798820930000000,62132
1723798820940000000,61949
1723798820950000000,61958
1723798820960000000,61778
1723798820970000000,62019
1723798820980000000,62108
1723798820990000000,61959
1723798821000000000,61847
1723798821010000000,62293
1723798821020000000,61967
1723798821030000000,61796
1723798821040000000,62049
1723798821050000000,62266
1723798821060000000,62180
1723798821070000000,62340
1723798821080000000,61941
1723798821090000000,61962
1723798821100000000,62023
1723798821110000000,62187
1723798821120000000,62143
1723798821130000000,61817
1723798821140000000,62297
1723798821150000000,61986
1723798821160000000,61977
1723798821170000000,61894
1723798821180000000,61914
1723798821190000000,62116
1723798821200000000,61892
1723798821210000000,61940
1723798821220000000,62137
1723798821230000000,62180
1723798821240000000,61600
1723798821250000000,62129
1723798821260000000,61661
1723798821270000000,61990
1723798821280000000,62101
1723798821290000000,61894
1723798821300000000,61988
1723798821310000000,62014
1723798821320000000,62014
1723798821330000000,62138
1723798821340000000,62140
1723798821350000000,61744
1723798821360000000,62072
1723798821370000000,62298
1723798821380000000,62086
1723798821390000000,61761
1723798821400000000,61918
1723798821410000000,61887
1723798821420000000,61959
1723798821430000000,61903
1723798821440000000,62056
1723798821450000000,62030
1723798821460000000,61962
1723798821470000000,62107
1723798821480000000,62048
1723798821490000000,62035
1723798821500000000,62058
1723798821510000000,61917
1723798821520000000,61998
1723798821530000000,62022
1723798821540000000,62119
1723798821550000000,62033
1723798821560000000,61944
1723798821570000000,62267
1723798821580000000,62321
1723798821590000000,61891
1723798821600000000,61790
1723798821610000000,62009
1723798821620000000,61945
1723798821630000000,61682
1723798821640000000,62062
1723798821650000000,61980
1723798821660000000,61871
1723798821670000000,61921
1723798821680000000,61810
1723798821690000000,62145
1723798821700000000,61939
1723798821710000000,62045
1723798821720000000,62008
1723798821730000000,62016
1723798821740000000,61983
1723798821750000000,61988
1723798821760000000,62148
1723798821770000000,62167
1723798821780000000,62041
1723798821790000000,62001
1723798821800000000,61898
1723798821810000000,61936
1723798821820000000,61570
1723798821830000000,61876
1723798821840000000,61933
1723798821850000000,62122
1723798821860000000,61956
1723798821870000000,61792
1723798821880000000,61926
1723798821890000000,61838
1723798821900000000,61788
1723798821910000000,62131
1723798821920000000,61910
1723798821930000000,61993
1723798821940000000,61887
1723798821950000000,62090
1723798821960000000,61846
1723798821970000000,61972
1723798821980000000,62023
1723798821990000000,62040
1723798822000000000,52816
1723798822010000000,52755
1723798822020000000,52847
1723798822030000000,52776
1723798822040000000,52602
1723798822050000000,52549
1723798822060000000,52757
1723798822070000000,52791
1723798822080000000,52763
1723798822090000000,52447
1723798822100000000,52600
1723798822110000000,52695
1723798822120000000,52634
1723798822130000000,53086
1723798822140000000,52620
1723798822150000000,52731
1723798822160000000,52433
1723798822170000000,52700
1723798822180000000,52736
1723798822190000000,52597
1723798822200000000,52531
1723798822210000000,52883
1723798822220000000,52751
1723798822230000000,53018
1723798822240000000,52552
1723798822250000000,52759
1723798822260000000,52579
1723798822270000000,52759
1723798822280000000,52854
1723798822290000000,52738
1723798822300000000,52722
1723798822310000000,52781
1723798822320000000,52600
1723798822330000000,52740
1723798822340000000,52646
1723798822350000000,52649
1723798822360000000,52586
1723798822370000000,52527
1723798822380000000,52809
1723798822390000000,52301
1723798822400000000,52806
1723798822410000000,52569
1723798822420000000,52879
1723798822430000000,52750
1723798822440000000,52805
1723798822450000000,52709
1723798822460000000,52482
1723798822470000000,52784
1723798822480000000,52798
1723798822490000000,52691
1723798822500000000,52663
1723798822510000000,52770
1723798822520000000,52940
1723798822530000000,52738
1723798822540000000,53058
1723798822550000000,52933
1723798822560000000,52600
1723798822570000000,52648
1723798822580000000,53065
1723798822590000000,52558
1723798822600000000,52703
1723798822610000000,52796
1723798822620000000,53023
1723798822630000000,52529
1723798822640000000,52988
1723798822650000000,52436
1723798822660000000,52689
1723798822670000000,52655
1723798822680000000,52503
1723798822690000000,52683
1723798822700000000,53012
1723798822710000000,52709
1723798822720000000,52606
1723798822730000000,52427
1723798822740000000,52492
1723798822750000000,52784
1723798822760000000,52670
1723798822770000000,53091
1723798822780000000,52941
1723798822790000000,52807
1723798822800000000,52853
1723798822810000000,52609
1723798822820000000,52659
1723798822830000000,52568
1723798822840000000,52751
1723798822850000000,52839
1723798822860000000,52567
1723798822870000000,52768
1723798822880000000,52448
1723798822890000000,52591
1723798822900000000,52818
1723798822910000000,52479
1723798822920000000,52873
1723798822930000000,52691
1723798822940000000,52488
1723798822950000000,52661
1723798822960000000,52617
1723798822970000000,52739
1723798822980000000,52955
1723798822990000000,52461
1723798823000000000,52596
1723798823010000000,52820
1723798823020000000,52700
1723798823030000000,52468
1723798823040000000,52688
1723798823050000000,52823
1723798823060000000,52726
1723798823070000000,52784
1723798823080000000,52815
1723798823090000000,52838
1723798823100000000,52725
1723798823110000000,52727
1723798823120000000,52604
1723798823130000000,52572
1723798823140000000,52674
1723798823150000000,52754
1723798823160000000,52680
1723798823170000000,52696
1723798823180000000,52725
1723798823190000000,52510
1723798823200000000,52192
1723798823210000000,52951
1723798823220000000,52646
1723798823230000000,52873
1723798823240000000,52675
1723798823250000000,52308
1723798823260000000,52751
1723798823270000000,52624
1723798823280000000,52419
1723798823290000000,52593
1723798823300000000,52541
1723798823310000000,52475
1723798823320000000,52591
1723798823330000000,52889
1723798823340000000,52835
1723798823350000000,52463
1723798823360000000,52848
1723798823370000000,52562
1723798823380000000,52503
1723798823390000000,52716
1723798823400000000,52517
1723798823410000000,52434
1723798823420000000,52559
1723798823430000000,52829
1723798823440000000,52790
1723798823450000000,52568
1723798823460000000,52701
1723798823470000000,52678
1723798823480000000,52709
1723798823490000000,52814
1723798823500000000,52487
1723798823510000000,52509
1723798823520000000,52762
1723798823530000000,52672
1723798823540000000,52597
1723798823550000000,52766
1723798823560000000,52658
1723798823570000000,52590
1723798823580000000,52730
1723798823590000000,52707
1723798823600000000,52662
1723798823610000000,52820
1723798823620000000,52723
1723798823630000000,52752
1723798823640000000,52683
1723798823650000000,52584
1723798823660000000,52809
1723798823670000000,52642
1723798823680000000,52685
1723798823690000000,52769
1723798823700000000,52752
1723798823710000000,52550
1723798823720000000,53029
1723798823730000000,52467
1723798823740000000,52595
1723798823750000000,52859
1723798823760000000,52655
1723798823770000000,52703
1723798823780000000,52633
1723798823790000000,53095
1723798823800000000,52918
1723798823810000000,52559
1723798823820000000,52611
1723798823830000000,52406
1723798823840000000,52837
1723798823850000000,52528
1723798823860000000,52572
1723798823870000000,52683
1723798823880000000,53012
1723798823890000000,52798
1723798823900000000,52713
1723798823910000000,52825
1723798823920000000,52819
1723798823930000000,52607
1723798823940000000,52622
1723798823950000000,52547
1723798823960000000,52658
1723798823970000000,52524
1723798823980000000,52837
1723798823990000000,52894
1723798824000000000,52840
1723798824010000000,52733
1723798824020000000,52706
1723798824030000000,52972
1723798824040000000,52844
1723798824050000000,52621
1723798824060000000,52589
1723798824070000000,52772
1723798824080000000,52893
1723798824090000000,52705
1723798824100000000,52553
1723798824110000000,52510
1723798824120000000,52455
1723798824130000000,52352
1723798824140000000,52669
1723798824150000000,52694
1723798824160000000,52770
1723798824170000000,52808
1723798824180000000,52905
1723798824190000000,52571
1723798824200000000,52935
1723798824210000000,52817
1723798824220000000,52814
1723798824230000000,53003
1723798824240000000,52655
1723798824250000000,52680
1723798824260000000,52648
1723798824270000000,52878
1723798824280000000,52957
1723798824290000000,52878
1723798824300000000,52743
1723798824310000000,52708
1723798824320000000,52533
1723798824330000000,52359
1723798824340000000,52764
1723798824350000000,52597
1723798824360000000,52763
1723798824370000000,52703
1723798824380000000,52624
1723798824390000000,52878
1723798824400000000,52659
1723798824410000000,52598
1723798824420000000,52858
1723798824430000000,52757
1723798824440000000,52817
1723798824450000000,52564
1723798824460000000,52533
1723798824470000000,52865
1723798824480000000,53003
1723798824490000000,52848
1723798824500000000,52516
1723798824510000000,52688
1723798824520000000,52665
1723798824530000000,52613
1723798824540000000,52697
1723798824550000000,52690
1723798824560000000,52710
1723798824570000000,52529
1723798824580000000,52627
1723798824590000000,52711
1723798824600000000,52488
1723798824610000000,52814
1723798824620000000,52432
1723798824630000000,52836
1723798824640000000,52604
1723798824650000000,52884
1723798824660000000,52344
1723798824670000000,52808
1723798824680000000,52775
1723798824690000000,53084
1723798824700000000,52646
1723798824710000000,52802
1723798824720000000,52344
1723798824730000000,52379
1723798824740000000,52694
1723798824750000000,52605
1723798824760000000,52726
1723798824770000000,52769
1723798824780000000,52551
1723798824790000000,52910
1723798824800000000,52767
1723798824810000000,52464
1723798824820000000,52835
1723798824830000000,52771
1723798824840000000,52743
1723798824850000000,52694
1723798824860000000,52741
1723798824870000000,52804
1723798824880000000,52462
1723798824890000000,53003
1723798824900000000,52453
1723798824910000000,52811
1723798824920000000,52726
1723798824930000000,52384
1723798824940000000,52727
1723798824950000000,52904
1723798824960000000,52757
1723798824970000000,52514
1723798824980000000,52925
1723798824990000000,52806
1723798825000000000,52774
1723798825010000000,52554
1723798825020000000,52699
1723798825030000000,52890
1723798825040000000,52715
1723798825050000000,52686
1723798825060000000,52600
1723798825070000000,52919
1723798825080000000,52860
1723798825090000000,52553
1723798825100000000,52639
1723798825110000000,52600
1723798825120000000,52672
1723798825130000000,52695
1723798825140000000,52537
1723798825150000000,52920
1723798825160000000,52630
1723798825170000000,52945
1723798825180000000,52919
1723798825190000000,52734
1723798825200000000,52702
1723798825210000000,52733
1723798825220000000,52880
1723798825230000000,52694
1723798825240000000,52626
1723798825250000000,52705
1723798825260000000,52635
1723798825270000000,52552
1723798825280000000,52789
1723798825290000000,52630
1723798825300000000,53047
1723798825310000000,52934
1723798825320000000,52573
1723798825330000000,52726
1723798825340000000,52758
1723798825350000000,52782
1723798825360000000,52675
1723798825370000000,52805
1723798825380000000,52874
1723798825390000000,52713
1723798825400000000,52894
1723798825410000000,52841
1723798825420000000,52708
1723798825430000000,52980
1723798825440000000,52802
1723798825450000000,52394
1723798825460000000,52950
1723798825470000000,52736
1723798825480000000,52726
1723798825490000000,52681
1723798825500000000,52714
1723798825510000000,52665
1723798825520000000,52646
1723798825530000000,52589
1723798825540000000,52784
1723798825550000000,52485
1723798825560000000,52606
1723798825570000000,52738
1723798825580000000,52931
1723798825590000000,52497
1723798825600000000,52833
1723798825610000000,52730
1723798825620000000,52605
1723798825630000000,52731
1723798825640000000,52571
1723798825650000000,52788
1723798825660000000,52770
1723798825670000000,52565
1723798825680000000,52604
1723798825690000000,52564
1723798825700000000,52630
1723798825710000000,52760
1723798825720000000,53076
1723798825730000000,52876
1723798825740000000,52797
1723798825750000000,52753
1723798825760000000,52842
1723798825770000000,52778
1723798825780000000,52724
1723798825790000000,53027
1723798825800000000,52626
1723798825810000000,53007
1723798825820000000,52602
1723798825830000000,52808
1723798825840000000,52630
1723798825850000000,52790
1723798825860000000,52672
1723798825870000000,52440
1723798825880000000,52784
1723798825890000000,52603
1723798825900000000,52733
1723798825910000000,52635
1723798825920000000,52280
1723798825930000000,52433
1723798825940000000,52811
1723798825950000000,52771
1723798825960000000,52732
1723798825970000000,52579
1723798825980000000,52543
1723798825990000000,52617
1723798826000000000,52682
1723798826010000000,52343
1723798826020000000,52259
1723798826030000000,51894
1723798826040000000,51741
1723798826050000000,51431
1723798826060000000,51205
1723798826070000000,50973
1723798826080000000,50566
1723798826090000000,50535
1723798826100000000,50254
1723798826110000000,49969
1723798826120000000,49493
1723798826130000000,49295
1723798826140000000,48929
1723798826150000000,48786
1723798826160000000,48470
1723798826170000000,48154
1723798826180000000,47982
1723798826190000000,47660
1723798826200000000,47439
1723798826210000000,47081
1723798826220000000,47052
1723798826230000000,46683
1723798826240000000,46309
1723798826250000000,46001
1723798826260000000,45708
1723798826270000000,45667
1723798826280000000,45190
1723798826290000000,44905
1723798826300000000,44691
1723798826310000000,44534
1723798826320000000,44039
1723798826330000000,44044
1723798826340000000,44035
1723798826350000000,43594
1723798826360000000,43048
1723798826370000000,43011
1723798826380000000,42483
1723798826390000000,42222
1723798826400000000,42333
1723798826410000000,41999
1723798826420000000,41511
1723798826430000000,41088
1723798826440000000,41415
1723798826450000000,40965
1723798826460000000,40492
1723798826470000000,39976
1723798826480000000,40032
1723798826490000000,39691
1723798826500000000,39558
1723798826510000000,39285
1723798826520000000,38965
1723798826530000000,38892
1723798826540000000,38226
1723798826550000000,38475
1723798826560000000,38056
1723798826570000000,37355
1723798826580000000,37247
1723798826590000000,36962
1723798826600000000,36544
1723798826610000000,36804
1723798826620000000,36300
1723798826630000000,36157
1723798826640000000,35848
1723798826650000000,35559
1723798826660000000,35192
1723798826670000000,34807
1723798826680000000,35038
1723798826690000000,34659
1723798826700000000,34220
1723798826710000000,34252
1723798826720000000,33671
1723798826730000000,33408
1723798826740000000,33158
1723798826750000000,33001
1723798826760000000,32660
1723798826770000000,32622
1723798826780000000,32327
1723798826790000000,31678
1723798826800000000,31710
1723798826810000000,31315
1723798826820000000,31242
1723798826830000000,30697
1723798826840000000,30391
1723798826850000000,30235
1723798826860000000,29784
1723798826870000000,29704
1723798826880000000,29545
1723798826890000000,29263
1723798826900000000,28994
1723798826910000000,28678
1723798826920000000,28405
1723798826930000000,28205
1723798826940000000,27988
1723798826950000000,27470
1723798826960000000,27418
1723798826970000000,27234
1723798826980000000,26851
1723798826990000000,26691
1723798827000000000,26407
1723798827010000000,26111
1723798827020000000,25702
1723798827030000000,25448
1723798827040000000,25093
1723798827050000000,25128
1723798827060000000,24772
1723798827070000000,24508
1723798827080000000,24283
1723798827090000000,23850
1723798827100000000,23901
1723798827110000000,23327
1723798827120000000,23191
1723798827130000000,22872
1723798827140000000,22603
1723798827150000000,22302
1723798827160000000,22145
1723798827170000000,21691
1723798827180000000,21475
1723798827190000000,21069
1723798827200000000,20947
1723798827210000000,20804
1723798827220000000,20697
1723798827230000000,20316
1723798827240000000,19759
1723798827250000000,20239
1723798827260000000,19491
1723798827270000000,19260
1723798827280000000,19087
1723798827290000000,18755
1723798827300000000,18663
1723798827310000000,18300
1723798827320000000,18044
1723798827330000000,17762
1723798827340000000,17234
1723798827350000000,16993
1723798827360000000,16722
1723798827370000000,16670
1723798827380000000,16444
1723798827390000000,16038
1723798827400000000,15664
1723798827410000000,15528
1723798827420000000,15435
1723798827430000000,14805
1723798827440000000,14595
1723798827450000000,14596
1723798827460000000,14155
1723798827470000000,14232
1723798827480000000,13611
1723798827490000000,13574
1723798827500000000,13295
1723798827510000000,13277
1723798827520000000,12661
1723798827530000000,12352
1723798827540000000,12012
1723798827550000000,11650
1723798827560000000,11480
1723798827570000000,11120
1723798827580000000,10857
1723798827590000000,11082
1723798827600000000,10487
1723798827610000000,10292
1723798827620000000,9870
1723798827630000000,9827
1723798827640000000,9509
1723798827650000000,9252
1723798827660000000,8749
1723798827670000000,8632
1723798827680000000,8752
1723798827690000000,8186
1723798827700000000,7899
1723798827710000000,7693
1723798827720000000,7503
1723798827730000000,7069
1723798827740000000,6910
1723798827750000000,6608
1723798827760000000,6042
1723798827770000000,6273
1723798827780000000,5529
1723798827790000000,5577
1723798827800000000,5506
1723798827810000000,5100
1723798827820000000,4728
1723798827830000000,4464
1723798827840000000,4257
1723798827850000000,4129
1723798827860000000,3884
1723798827870000000,3374
1723798827880000000,3117
1723798827890000000,3039
1723798827900000000,2531
1723798827910000000,2495
1723798827920000000,2196
1723798827930000000,1596
1723798827940000000,1626
1723798827950000000,1063
1723798827960000000,1093
1723798827970000000,651
1723798827980000000,326
1723798827990000000,149
1723798828000000000,3053
1723798828010000000,3048
1723798828020000000,3056
1723798828030000000,2933
1723798828040000000,2863
1723798828050000000,2946
1723798828060000000,2921
1723798828070000000,2727
1723798828080000000,2832
1723798828090000000,2642
1723798828100000000,2667
1723798828110000000,2651
1723798828120000000,2697
1723798828130000000,2539
1723798828140000000,2502
1723798828150000000,2485
1723798828160000000,2354
1723798828170000000,2304
1723798828180000000,2447
1723798828190000000,2287
1723798828200000000,2264
1723798828210000000,2318
1723798828220000000,2167
1723798828230000000,2195
1723798828240000000,2139
1723798828250000000,2141
1723798828260000000,1986
1723798828270000000,1956
1723798828280000000,2172
1723798828290000000,2039
1723798828300000000,1953
1723798828310000000,2022
1723798828320000000,1877
1723798828330000000,1913
1723798828340000000,1929
1723798828350000000,1868
1723798828360000000,1752
1723798828370000000,1780
1723798828380000000,1675
1723798828390000000,1703
1723798828400000000,1708
1723798828410000000,1752
1723798828420000000,1648
1723798828430000000,1679
1723798828440000000,1643
1723798828450000000,1546
1723798828460000000,1677
1723798828470000000,1385
1723798828480000000,1535
1723798828490000000,1517
1723798828500000000,1554
1723798828510000000,1461
1723798828520000000,1425
1723798828530000000,1458
1723798828540000000,1381
1723798828550000000,1400
1723798828560000000,1348
1723798828570000000,1414
1723798828580000000,1360
1723798828590000000,1256
1723798828600000000,1287
1723798828610000000,1244
1723798828620000000,1348
1723798828630000000,1192
1723798828640000000,1148
1723798828650000000,1094
1723798828660000000,1114
1723798828670000000,1015
1723798828680000000,1227
1723798828690000000,1204
1723798828700000000,1116
1723798828710000000,1129
1723798828720000000,944
1723798828730000000,1049
1723798828740000000,1092
1723798828750000000,1072
1723798828760000000,987
1723798828770000000,917
1723798828780000000,998
1723798828790000000,944
1723798828800000000,988
1723798828810000000,905
1723798828820000000,909
1723798828830000000,927
1723798828840000000,846
1723798828850000000,835
1723798828860000000,821
1723798828870000000,799
1723798828880000000,843
1723798828890000000,867
1723798828900000000,879
1723798828910000000,733
1723798828920000000,608
1723798828930000000,711
1723798828940000000,797
1723798828950000000,761
1723798828960000000,839
1723798828970000000,647
1723798828980000000,711
1723798828990000000,713
1723798829000000000,692
1723798829010000000,701
1723798829020000000,577
1723798829030000000,595
1723798829040000000,694
1723798829050000000,552
1723798829060000000,682
1723798829070000000,604
1723798829080000000,665
1723798829090000000,658
1723798829100000000,494
1723798829110000000,697
1723798829120000000,626
1723798829130000000,537
1723798829140000000,516
1723798829150000000,484
1723798829160000000,515
1723798829170000000,509
1723798829180000000,546
1723798829190000000,433
1723798829200000000,499
1723798829210000000,547
1723798829220000000,534
1723798829230000000,539
1723798829240000000,512
1723798829250000000,555
1723798829260000000,511
1723798829270000000,509
1723798829280000000,451
1723798829290000000,475
1723798829300000000,496
1723798829310000000,438
1723798829320000000,497
1723798829330000000,492
1723798829340000000,326
1723798829350000000,442
1723798829360000000,304
1723798829370000000,389
1723798829380000000,431
1723798829390000000,261
1723798829400000000,353
1723798829410000000,382
1723798829420000000,354
1723798829430000000,413
1723798829440000000,400
1723798829450000000,416
1723798829460000000,481
1723798829470000000,296
1723798829480000000,333
1723798829490000000,252
1723798829500000000,397
1723798829510000000,298
1723798829520000000,297
1723798829530000000,366
1723798829540000000,233
1723798829550000000,356
1723798829560000000,230
1723798829570000000,336
1723798829580000000,280
1723798829590000000,310
1723798829600000000,216
1723798829610000000,345
1723798829620000000,247
1723798829630000000,289
1723798829640000000,229
1723798829650000000,232
1723798829660000000,262
1723798829670000000,234
1723798829680000000,273
1723798829690000000,268
1723798829700000000,197
1723798829710000000,256
1723798829720000000,287
1723798829730000000,112
1723798829740000000,197
1723798829750000000,178
1723798829760000000,187
1723798829770000000,162
1723798829780000000,287
1723798829790000000,210
1723798829800000000,231
1723798829810000000,215
1723798829820000000,194
1723798829830000000,203
1723798829840000000,176
1723798829850000000,252
1723798829860000000,217
1723798829870000000,289
1723798829880000000,108
1723798829890000000,287
1723798829900000000,318
1723798829910000000,242
1723798829920000000,223
1723798829930000000,220
1723798829940000000,113
1723798829950000000,199
1723798829960000000,131
1723798829970000000,141
1723798829980000000,19
1723798829990000000,207
