timestamp_ns,value_g
1722762000000000000,0.016
1722762000010000000,0.027
1722762000020000000,-0.011
1722762000030000000,0.035
1722762000040000000,0.007
1722762000050000000,-0.027
1722762000060000000,0.006
1722762000070000000,-0.031
1722762000080000000,0.050
1722762000090000000,-0.003
1722762000100000000,-0.049
1722762000110000000,-0.024
1722762000120000000,0.050
1722762000130000000,-0.056
1722762000140000000,-0.041
1722762000150000000,0.021
1722762000160000000,-0.022
1722762000170000000,0.041
1722762000180000000,-0.003
1722762000190000000,-0.053
1722762000200000000,0.034
1722762000210000000,-0.031
1722762000220000000,-0.035
1722762000230000000,0.008
1722762000240000000,0.016
1722762000250000000,-0.042
1722762000260000000,-0.038
1722762000270000000,0.044
1722762000280000000,-0.003
1722762000290000000,-0.026
1722762000300000000,0.017
1722762000310000000,-0.014
1722762000320000000,-0.017
1722762000330000000,0.023
1722762000340000000,0.046
1722762000350000000,0.004
1722762000360000000,0.024
1722762000370000000,0.010
1722762000380000000,-0.006
1722762000390000000,0.004
1722762000400000000,-0.032
1722762000410000000,-0.016
1722762000420000000,-0.035
1722762000430000000,-0.030
1722762000440000000,-0.021
1722762000450000000,0.040
1722762000460000000,-0.057
1722762000470000000,0.040
1722762000480000000,0.001
1722762000490000000,0.022
1722762000500000000,-0.006
1722762000510000000,0.037
1722762000520000000,-0.002
1722762000530000000,0.046
1722762000540000000,0.052
1722762000550000000,0.056
1722762000560000000,-0.024
1722762000570000000,-0.024
1722762000580000000,-0.065
1722762000590000000,-0.058
1722762000600000000,-0.029
1722762000610000000,-0.022
1722762000620000000,0.043
1722762000630000000,0.040
1722762000640000000,0.022
1722762000650000000,0.024
1722762000660000000,0.011
1722762000670000000,-0.022
1722762000680000000,0.015
1722762000690000000,-0.016
1722762000700000000,0.022
1722762000710000000,-0.012
1722762000720000000,-0.033
1722762000730000000,0.010
1722762000740000000,0.011
1722762000750000000,0.011
1722762000760000000,-0.009
1722762000770000000,0.030
1722762000780000000,-0.048
1722762000790000000,0.040
1722762000800000000,-0.006
1722762000810000000,0.002
1722762000820000000,-0.036
1722762000830000000,0.006
1722762000840000000,0.018
1722762000850000000,0.013
1722762000860000000,0.000
1722762000870000000,-0.078
1722762000880000000,-0.019
1722762000890000000,-0.025
1722762000900000000,-0.015
1722762000910000000,0.011
1722762000920000000,-0.041
1722762000930000000,-0.007
1722762000940000000,-0.029
1722762000950000000,0.050
1722762000960000000,-0.011
1722762000970000000,0.047
1722762000980000000,-0.012
1722762000990000000,0.018
1722762001000000000,0.006
1722762001010000000,0.010
1722762001020000000,-0.049
1722762001030000000,0.014
1722762001040000000,0.003
1722762001050000000,-0.006
1722762001060000000,0.055
1722762001070000000,-0.040
1722762001080000000,-0.044
1722762001090000000,-0.012
1722762001100000000,-0.006
1722762001110000000,0.003
1722762001120000000,0.000
1722762001130000000,0.049
1722762001140000000,-0.048
1722762001150000000,0.016
1722762001160000000,0.057
1722762001170000000,0.018
1722762001180000000,-0.029
1722762001190000000,-0.004
1722762001200000000,0.028
1722762001210000000,-0.032
1722762001220000000,-0.041
1722762001230000000,-0.027
1722762001240000000,-0.026
1722762001250000000,-0.033
1722762001260000000,0.000
1722762001270000000,0.028
1722762001280000000,-0.044
1722762001290000000,-0.005
1722762001300000000,0.015
1722762001310000000,0.020
1722762001320000000,0.009
1722762001330000000,-0.037
1722762001340000000,-0.026
1722762001350000000,0.014
1722762001360000000,-0.009
1722762001370000000,-0.042
1722762001380000000,0.003
1722762001390000000,0.006
1722762001400000000,-0.028
1722762001410000000,-0.026
1722762001420000000,-0.037
1722762001430000000,0.016
1722762001440000000,-0.019
1722762001450000000,-0.045
1722762001460000000,-0.029
1722762001470000000,-0.027
1722762001480000000,0.011
1722762001490000000,0.041
1722762001500000000,-0.009
1722762001510000000,0.049
1722762001520000000,-0.033
1722762001530000000,0.016
1722762001540000000,0.021
1722762001550000000,0.013
1722762001560000000,-0.022
1722762001570000000,0.040
1722762001580000000,-0.075
1722762001590000000,0.027
1722762001600000000,0.042
1722762001610000000,0.006
1722762001620000000,0.029
1722762001630000000,0.016
1722762001640000000,-0.013
1722762001650000000,-0.063
1722762001660000000,-0.019
1722762001670000000,0.030
1722762001680000000,0.018
1722762001690000000,0.010
1722762001700000000,-0.040
1722762001710000000,0.000
1722762001720000000,0.096
1722762001730000000,-0.049
1722762001740000000,0.047
1722762001750000000,0.100
1722762001760000000,-0.015
1722762001770000000,-0.003
1722762001780000000,-0.052
1722762001790000000,-0.008
1722762001800000000,0.020
1722762001810000000,-0.018
1722762001820000000,0.015
1722762001830000000,0.019
1722762001840000000,0.041
1722762001850000000,0.038
1722762001860000000,-0.047
1722762001870000000,-0.000
1722762001880000000,-0.022
1722762001890000000,0.008
1722762001900000000,0.006
1722762001910000000,-0.001
1722762001920000000,-0.017
1722762001930000000,0.025
1722762001940000000,0.044
1722762001950000000,-0.015
1722762001960000000,-0.019
1722762001970000000,-0.019
1722762001980000000,-0.042
1722762001990000000,-0.037
1722762002000000000,0.029
1722762002009999999,-0.054
1722762002020000000,-0.142
1722762002029999999,-0.044
1722762002040000000,-0.015
1722762002049999999,0.083
1722762002060000000,0.036
1722762002069999999,-0.002
1722762002080000000,0.076
1722762002089999999,0.100
1722762002100000000,0.079
1722762002109999999,0.003
1722762002120000000,-0.015
1722762002130000000,-0.021
1722762002140000000,-0.150
1722762002150000000,-0.071
1722762002160000000,0.083
1722762002170000000,0.049
1722762002180000000,-0.002
1722762002190000000,0.072
1722762002200000000,0.121
1722762002210000000,0.136
1722762002220000000,-0.117
1722762002230000000,0.024
1722762002240000000,-0.007
1722762002250000000,0.083
1722762002260000000,0.035
1722762002270000000,0.128
1722762002280000000,0.071
1722762002290000000,-0.003
1722762002300000000,-0.052
1722762002310000000,0.088
1722762002320000000,-0.149
1722762002330000000,0.096
1722762002340000000,-0.011
1722762002350000000,-0.060
1722762002360000000,0.010
1722762002370000000,0.055
1722762002380000000,0.029
1722762002390000000,-0.003
1722762002400000000,0.034
1722762002410000000,-0.050
1722762002420000000,0.034
1722762002430000000,-0.060
1722762002440000000,0.001
1722762002450000000,-0.033
1722762002460000000,-0.137
1722762002470000000,0.017
1722762002480000000,0.054
1722762002490000000,-0.024
1722762002500000000,-0.026
1722762002510000000,0.080
1722762002520000000,-0.028
1722762002530000000,-0.099
1722762002540000000,-0.066
1722762002550000000,-0.017
1722762002560000000,0.066
1722762002570000000,-0.125
1722762002580000000,-0.044
1722762002590000000,0.019
1722762002600000000,0.009
1722762002610000000,-0.023
1722762002620000000,-0.012
1722762002630000000,-0.013
1722762002640000000,-0.010
1722762002650000000,0.031
1722762002660000000,0.091
1722762002670000000,-0.096
1722762002680000000,0.034
1722762002690000000,-0.128
1722762002700000000,0.014
1722762002710000000,-0.025
1722762002720000000,0.179
1722762002730000000,-0.030
1722762002740000000,-0.014
1722762002750000000,0.138
1722762002760000000,0.054
1722762002770000000,-0.025
1722762002780000000,-0.058
1722762002790000000,-0.009
1722762002800000000,-0.060
1722762002810000000,0.088
1722762002820000000,0.067
1722762002830000000,-0.006
1722762002840000000,-0.024
1722762002850000000,0.080
1722762002860000000,-0.058
1722762002870000000,-0.101
1722762002880000000,-0.055
1722762002890000000,0.003
1722762002900000000,0.030
1722762002910000000,-0.088
1722762002920000000,-0.037
1722762002930000000,0.009
1722762002940000000,0.141
1722762002950000000,-0.122
1722762002960000000,0.101
1722762002970000000,-0.031
1722762002980000000,-0.125
1722762002990000000,-0.109
1722762003000000000,-0.126
1722762003010000000,0.108
1722762003020000000,0.036
1722762003030000000,-0.131
1722762003040000000,0.090
1722762003050000000,0.109
1722762003060000000,0.123
1722762003070000000,0.020
1722762003080000000,0.025
1722762003090000000,-0.014
1722762003100000000,-0.074
1722762003110000000,-0.082
1722762003120000000,0.136
1722762003130000000,0.115
1722762003140000000,0.078
1722762003150000000,0.084
1722762003160000000,0.010
1722762003170000000,0.033
1722762003180000000,0.115
1722762003190000000,0.069
1722762003200000000,0.013
1722762003210000000,0.040
1722762003220000000,-0.084
1722762003230000000,0.138
1722762003240000000,0.079
1722762003250000000,0.189
1722762003260000000,-0.161
1722762003270000000,-0.098
1722762003280000000,-0.128
1722762003290000000,0.080
1722762003300000000,0.044
1722762003310000000,-0.038
1722762003320000000,0.002
1722762003330000000,-0.153
1722762003340000000,-0.184
1722762003350000000,-0.106
1722762003360000000,0.053
1722762003370000000,-0.059
1722762003380000000,0.081
1722762003390000000,0.002
1722762003400000000,-0.113
1722762003410000000,-0.208
1722762003420000000,0.015
1722762003430000000,-0.052
1722762003440000000,-0.068
1722762003450000000,-0.037
1722762003460000000,0.039
1722762003470000000,-0.103
1722762003480000000,-0.045
1722762003490000000,0.080
1722762003500000000,-0.081
1722762003510000000,-0.024
1722762003520000000,0.005
1722762003530000000,-0.005
1722762003540000000,-0.026
1722762003550000000,-0.163
1722762003560000000,0.156
1722762003570000000,-0.080
1722762003580000000,0.043
1722762003590000000,-0.008
1722762003600000000,-0.037
1722762003610000000,-0.067
1722762003620000000,0.118
1722762003630000000,0.020
1722762003640000000,-0.198
1722762003650000000,-0.100
1722762003660000000,0.046
1722762003670000000,0.085
1722762003680000000,-0.042
1722762003690000000,0.138
1722762003700000000,-0.059
1722762003710000000,-0.043
1722762003720000000,0.101
1722762003730000000,0.109
1722762003740000000,-0.008
1722762003750000000,0.069
1722762003760000000,0.025
1722762003770000000,-0.088
1722762003780000000,-0.026
1722762003790000000,0.140
1722762003800000000,-0.030
1722762003810000000,-0.051
1722762003820000000,0.014
1722762003830000000,0.052
1722762003840000000,-0.001
1722762003850000000,0.135
1722762003860000000,0.010
1722762003870000000,0.057
1722762003880000000,-0.094
1722762003890000000,0.148
1722762003900000000,-0.036
1722762003910000000,-0.075
1722762003920000000,0.144
1722762003930000000,-0.123
1722762003940000000,0.055
1722762003950000000,-0.141
1722762003960000000,-0.142
1722762003970000000,-0.077
1722762003980000000,-0.016
1722762003990000000,0.144
1722762004000000000,-0.004
1722762004010000000,0.055
1722762004019999999,0.004
1722762004030000000,-0.008
1722762004040000000,0.048
1722762004050000000,-0.197
1722762004059999999,0.076
1722762004070000000,0.141
1722762004080000000,-0.043
1722762004090000000,0.081
1722762004099999999,0.032
1722762004110000000,0.113
1722762004120000000,0.133
1722762004130000000,-0.023
1722762004139999999,0.035
1722762004150000000,0.073
1722762004160000000,0.002
1722762004170000000,0.036
1722762004179999999,0.148
1722762004190000000,0.013
1722762004200000000,0.201
1722762004210000000,0.009
1722762004219999999,0.133
1722762004230000000,0.013
1722762004240000000,-0.023
1722762004250000000,0.099
1722762004260000000,-0.009
1722762004269999999,0.010
1722762004280000000,0.015
1722762004290000000,0.047
1722762004300000000,-0.049
1722762004310000000,0.002
1722762004320000000,0.024
1722762004330000000,0.100
1722762004340000000,0.032
1722762004350000000,0.177
1722762004360000000,-0.094
1722762004370000000,-0.247
1722762004380000000,0.069
1722762004390000000,0.024
1722762004400000000,-0.086
1722762004410000000,-0.130
1722762004420000000,0.050
1722762004430000000,0.064
1722762004440000000,0.007
1722762004450000000,-0.059
1722762004460000000,0.115
1722762004470000000,0.008
1722762004480000000,0.013
1722762004490000000,-0.134
1722762004500000000,0.024
1722762004510000000,-0.154
1722762004520000000,-0.086
1722762004530000000,-0.050
1722762004540000000,-0.148
1722762004550000000,-0.063
1722762004560000000,-0.076
1722762004570000000,-0.018
1722762004580000000,-0.026
1722762004590000000,-0.011
1722762004600000000,0.014
1722762004610000000,-0.098
1722762004620000000,0.016
1722762004630000000,-0.153
1722762004640000000,-0.131
1722762004650000000,-0.038
1722762004660000000,-0.019
1722762004670000000,-0.124
1722762004680000000,0.000
1722762004690000000,0.065
1722762004700000000,0.087
1722762004710000000,-0.036
1722762004720000000,0.073
1722762004730000000,-0.008
1722762004740000000,-0.161
1722762004750000000,0.006
1722762004760000000,-0.056
1722762004770000000,-0.082
1722762004780000000,0.064
1722762004790000000,-0.030
1722762004800000000,0.016
1722762004810000000,-0.036
1722762004820000000,-0.056
1722762004830000000,0.088
1722762004840000000,0.021
1722762004850000000,-0.057
1722762004860000000,0.087
1722762004870000000,0.101
1722762004880000000,-0.005
1722762004890000000,-0.011
1722762004900000000,-0.066
1722762004910000000,-0.109
1722762004920000000,-0.052
1722762004930000000,-0.017
1722762004940000000,-0.005
1722762004950000000,-0.003
1722762004960000000,0.026
1722762004970000000,-0.129
1722762004980000000,0.026
1722762004990000000,0.027
1722762005000000000,-0.080
1722762005010000000,-0.139
1722762005020000000,0.121
1722762005030000000,-0.081
1722762005040000000,0.037
1722762005050000000,0.067
1722762005060000000,-0.119
1722762005070000000,-0.087
1722762005080000000,-0.037
1722762005090000000,0.095
1722762005100000000,-0.022
1722762005110000000,-0.003
1722762005120000000,0.068
1722762005130000000,-0.049
1722762005140000000,-0.016
1722762005150000000,0.026
1722762005160000000,-0.058
1722762005170000000,-0.088
1722762005180000000,-0.092
1722762005190000000,-0.074
1722762005200000000,0.056
1722762005210000000,-0.129
1722762005220000000,0.040
1722762005230000000,0.033
1722762005240000000,-0.021
1722762005250000000,-0.040
1722762005260000000,0.060
1722762005270000000,-0.056
1722762005280000000,-0.025
1722762005290000000,-0.007
1722762005300000000,0.054
1722762005310000000,-0.095
1722762005320000000,-0.188
1722762005330000000,-0.072
1722762005340000000,-0.043
1722762005350000000,0.051
1722762005360000000,-0.044
1722762005370000000,-0.027
1722762005380000000,-0.026
1722762005390000000,0.003
1722762005400000000,-0.011
1722762005410000000,0.026
1722762005420000000,-0.017
1722762005430000000,-0.003
1722762005440000000,-0.073
1722762005450000000,-0.001
1722762005460000000,0.175
1722762005470000000,0.075
1722762005480000000,0.018
1722762005490000000,-0.086
1722762005500000000,0.020
1722762005510000000,-0.043
1722762005520000000,0.003
1722762005530000000,-0.028
1722762005540000000,-0.074
1722762005550000000,-0.166
1722762005560000000,0.149
1722762005570000000,-0.017
1722762005580000000,0.087
1722762005590000000,-0.113
1722762005600000000,0.060
1722762005610000000,-0.011
1722762005620000000,0.091
1722762005630000000,0.044
1722762005640000000,0.037
1722762005650000000,0.089
1722762005660000000,0.063
1722762005670000000,-0.037
1722762005680000000,-0.054
1722762005690000000,0.011
1722762005700000000,-0.055
1722762005710000000,-0.127
1722762005720000000,-0.054
1722762005730000000,-0.067
1722762005740000000,0.119
1722762005750000000,-0.011
1722762005760000000,-0.067
1722762005770000000,-0.009
1722762005780000000,0.009
1722762005790000000,0.009
1722762005800000000,0.018
1722762005810000000,0.261
1722762005820000000,-0.056
1722762005830000000,-0.183
1722762005840000000,-0.072
1722762005850000000,0.003
1722762005860000000,-0.061
1722762005870000000,-0.144
1722762005880000000,-0.099
1722762005890000000,-0.068
1722762005900000000,-0.069
1722762005910000000,0.065
1722762005920000000,-0.143
1722762005930000000,0.007
1722762005940000000,-0.142
1722762005950000000,0.023
1722762005960000000,0.177
1722762005970000000,0.085
1722762005980000000,-0.015
1722762005990000000,-0.056
1722762006000000000,-0.046
1722762006010000000,0.057
1722762006020000000,0.088
1722762006030000000,0.087
1722762006040000000,0.014
1722762006050000000,-0.081
1722762006060000000,0.085
1722762006070000000,-0.081
1722762006080000000,-0.120
1722762006090000000,0.034
1722762006100000000,0.006
1722762006110000000,-0.121
1722762006120000000,-0.037
1722762006130000000,0.052
1722762006140000000,-0.069
1722762006150000000,0.058
1722762006160000000,0.078
1722762006170000000,0.094
1722762006180000000,0.057
1722762006190000000,0.103
1722762006200000000,-0.095
1722762006210000000,-0.043
1722762006220000000,-0.053
1722762006230000000,-0.005
1722762006240000000,-0.106
1722762006250000000,0.052
1722762006260000000,0.011
1722762006270000000,-0.042
1722762006280000000,0.018
1722762006290000000,0.164
1722762006300000000,-0.067
1722762006310000000,0.015
1722762006320000000,-0.044
1722762006330000000,-0.086
1722762006340000000,0.041
1722762006350000000,-0.021
1722762006360000000,-0.002
1722762006370000000,-0.044
1722762006380000000,0.062
1722762006390000000,-0.054
1722762006400000000,-0.010
1722762006410000000,-0.048
1722762006420000000,-0.033
1722762006430000000,0.030
1722762006440000000,0.027
1722762006450000000,-0.042
1722762006460000000,0.080
1722762006470000000,0.043
1722762006480000000,0.002
1722762006490000000,-0.057
1722762006500000000,0.051
1722762006510000000,0.171
1722762006520000000,0.067
1722762006530000000,0.016
1722762006540000000,-0.046
1722762006550000000,-0.032
1722762006560000000,0.066
1722762006570000000,0.065
1722762006580000000,0.152
1722762006590000000,-0.006
1722762006600000000,0.186
1722762006610000000,-0.064
1722762006620000000,-0.100
1722762006630000000,-0.037
1722762006640000000,0.039
1722762006650000000,-0.012
1722762006660000000,-0.129
1722762006670000000,0.005
1722762006680000000,-0.055
1722762006690000000,0.082
1722762006700000000,-0.032
1722762006710000000,0.036
1722762006720000000,0.156
1722762006730000000,0.046
1722762006740000000,-0.011
1722762006750000000,0.072
1722762006760000000,-0.049
1722762006770000000,-0.005
1722762006780000000,-0.021
1722762006790000000,0.045
1722762006800000000,0.086
1722762006810000000,-0.052
1722762006820000000,-0.112
1722762006830000000,-0.092
1722762006840000000,-0.026
1722762006850000000,0.064
1722762006860000000,-0.166
1722762006870000000,0.048
1722762006880000000,0.048
1722762006890000000,-0.016
1722762006900000000,-0.029
1722762006910000000,0.115
1722762006920000000,0.075
1722762006930000000,0.109
1722762006940000000,-0.039
1722762006950000000,-0.078
1722762006960000000,0.080
1722762006970000000,0.088
1722762006980000000,0.047
1722762006990000000,0.066
1722762007000000000,-0.064
1722762007010000000,0.076
1722762007020000000,-0.109
1722762007030000000,0.059
1722762007040000000,0.111
1722762007050000000,0.135
1722762007060000000,0.157
1722762007070000000,0.036
1722762007080000000,-0.170
1722762007090000000,0.085
1722762007100000000,-0.091
1722762007110000000,0.020
1722762007120000000,0.050
1722762007130000000,-0.045
1722762007140000000,0.130
1722762007150000000,0.014
1722762007160000000,-0.001
1722762007170000000,0.028
1722762007180000000,0.050
1722762007190000000,-0.097
1722762007200000000,-0.081
1722762007210000000,0.003
1722762007220000000,-0.173
1722762007230000000,-0.106
1722762007240000000,-0.076
1722762007250000000,0.005
1722762007260000000,0.104
1722762007270000000,-0.186
1722762007280000000,-0.072
1722762007290000000,-0.057
1722762007300000000,0.084
1722762007310000000,-0.111
1722762007320000000,-0.023
1722762007330000000,0.135
1722762007340000000,-0.064
1722762007350000000,0.012
1722762007360000000,0.206
1722762007370000000,0.014
1722762007380000000,-0.152
1722762007390000000,0.054
1722762007400000000,0.092
1722762007410000000,-0.079
1722762007420000000,0.025
1722762007430000000,-0.025
1722762007440000000,-0.002
1722762007450000000,0.012
1722762007460000000,-0.047
1722762007470000000,0.102
1722762007480000000,0.066
1722762007490000000,0.230
1722762007500000000,-0.062
1722762007510000000,-0.001
1722762007520000000,0.150
1722762007530000000,0.021
1722762007540000000,0.057
1722762007550000000,-0.077
1722762007560000000,0.120
1722762007570000000,-0.087
1722762007580000000,-0.063
1722762007590000000,0.030
1722762007600000000,0.044
1722762007610000000,0.018
1722762007620000000,0.004
1722762007630000000,-0.013
1722762007640000000,-0.027
1722762007650000000,-0.042
1722762007660000000,0.143
1722762007670000000,-0.076
1722762007680000000,-0.020
1722762007690000000,-0.012
1722762007700000000,0.223
1722762007710000000,0.017
1722762007720000000,-0.028
1722762007730000000,-0.037
1722762007740000000,-0.004
1722762007750000000,-0.112
1722762007760000000,0.023
1722762007770000000,0.095
1722762007780000000,-0.061
1722762007790000000,-0.090
1722762007800000000,-0.018
1722762007810000000,-0.037
1722762007820000000,0.094
1722762007830000000,-0.040
1722762007840000000,0.085
1722762007850000000,0.074
1722762007860000000,0.191
1722762007870000000,-0.033
1722762007880000000,0.040
1722762007890000000,-0.058
1722762007900000000,0.032
1722762007910000000,-0.027
1722762007920000000,0.140
1722762007930000000,-0.055
1722762007940000000,0.054
1722762007950000000,-0.090
1722762007960000000,0.152
1722762007970000000,0.152
1722762007980000000,0.040
1722762007990000000,0.167
1722762008000000000,0.119
1722762008010000000,-0.176
1722762008020000000,0.022
1722762008029999999,-0.120
1722762008039999999,-0.034
1722762008050000000,-0.118
1722762008060000000,0.105
1722762008070000000,-0.063
1722762008080000000,0.040
1722762008090000000,-0.031
1722762008100000000,0.002
1722762008109999999,-0.159
1722762008119999999,0.021
1722762008130000000,-0.019
1722762008140000000,0.013
1722762008150000000,0.152
1722762008160000000,0.095
1722762008170000000,0.157
1722762008180000000,-0.053
1722762008189999999,0.061
1722762008199999999,0.045
1722762008210000000,0.096
1722762008220000000,0.153
1722762008230000000,-0.068
1722762008240000000,0.045
1722762008250000000,-0.018
1722762008260000000,-0.119
1722762008270000000,-0.109
1722762008279999999,0.002
1722762008289999999,0.081
1722762008300000000,0.140
1722762008310000000,-0.002
1722762008320000000,0.093
1722762008330000000,0.035
1722762008340000000,-0.044
1722762008350000000,0.046
1722762008359999999,0.050
1722762008369999999,-0.034
1722762008380000000,-0.001
1722762008390000000,-0.068
1722762008400000000,0.064
1722762008410000000,-0.050
1722762008420000000,-0.022
1722762008430000000,-0.082
1722762008439999999,0.051
1722762008449999999,0.066
1722762008460000000,0.009
1722762008470000000,-0.032
1722762008480000000,-0.073
1722762008490000000,0.027
1722762008500000000,0.111
1722762008510000000,0.082
1722762008520000000,-0.016
1722762008529999999,-0.033
1722762008539999999,-0.006
1722762008550000000,-0.031
1722762008560000000,0.089
1722762008570000000,-0.037
1722762008580000000,-0.171
1722762008590000000,0.060
1722762008600000000,-0.088
1722762008610000000,-0.035
1722762008620000000,0.056
1722762008630000000,0.022
1722762008640000000,0.040
1722762008650000000,-0.065
1722762008660000000,-0.058
1722762008670000000,-0.097
1722762008680000000,0.161
1722762008690000000,-0.118
1722762008700000000,0.054
1722762008710000000,-0.203
1722762008720000000,0.004
1722762008730000000,0.066
1722762008740000000,-0.002
1722762008750000000,0.036
1722762008760000000,0.024
1722762008770000000,0.020
1722762008780000000,0.105
1722762008790000000,0.045
1722762008800000000,0.088
1722762008810000000,-0.106
1722762008820000000,0.034
1722762008830000000,-0.040
1722762008840000000,-0.066
1722762008850000000,-0.062
1722762008860000000,0.041
1722762008870000000,0.077
1722762008880000000,-0.052
1722762008890000000,0.046
1722762008900000000,-0.079
1722762008910000000,-0.078
1722762008920000000,-0.005
1722762008930000000,0.081
1722762008940000000,0.051
1722762008950000000,0.077
1722762008960000000,0.136
1722762008970000000,0.132
1722762008980000000,-0.003
1722762008990000000,0.050
1722762009000000000,0.044
1722762009010000000,0.141
1722762009020000000,-0.030
1722762009030000000,-0.029
1722762009040000000,-0.131
1722762009050000000,-0.084
1722762009060000000,-0.063
1722762009070000000,0.106
1722762009080000000,-0.009
1722762009090000000,0.058
1722762009100000000,0.100
1722762009110000000,-0.036
1722762009120000000,0.076
1722762009130000000,0.158
1722762009140000000,0.177
1722762009150000000,0.167
1722762009160000000,0.033
1722762009170000000,0.148
1722762009180000000,0.013
1722762009190000000,0.001
1722762009200000000,0.041
1722762009210000000,-0.082
1722762009220000000,-0.060
1722762009230000000,-0.051
1722762009240000000,-0.062
1722762009250000000,-0.036
1722762009260000000,0.061
1722762009270000000,0.072
1722762009280000000,-0.086
1722762009290000000,0.084
1722762009300000000,-0.112
1722762009310000000,0.091
1722762009320000000,0.002
1722762009330000000,-0.062
1722762009340000000,-0.042
1722762009350000000,-0.042
1722762009360000000,-0.155
1722762009370000000,0.159
1722762009380000000,0.040
1722762009390000000,-0.089
1722762009400000000,0.002
1722762009410000000,-0.049
1722762009420000000,0.023
1722762009430000000,0.005
1722762009440000000,-0.090
1722762009450000000,-0.034
1722762009460000000,0.007
1722762009470000000,-0.023
1722762009480000000,-0.148
1722762009490000000,-0.090
1722762009500000000,-0.103
1722762009510000000,-0.009
1722762009520000000,-0.149
1722762009530000000,-0.122
1722762009540000000,-0.038
1722762009550000000,0.000
1722762009560000000,-0.106
1722762009570000000,-0.000
1722762009580000000,-0.092
1722762009590000000,0.064
1722762009600000000,0.020
1722762009610000000,0.073
1722762009620000000,-0.040
1722762009630000000,0.042
1722762009640000000,-0.120
1722762009650000000,0.049
1722762009660000000,0.117
1722762009670000000,0.014
1722762009680000000,-0.067
1722762009690000000,0.113
1722762009700000000,-0.113
1722762009710000000,0.075
1722762009720000000,-0.098
1722762009730000000,-0.151
1722762009740000000,0.028
1722762009750000000,-0.033
1722762009760000000,-0.206
1722762009770000000,0.032
1722762009780000000,0.041
1722762009790000000,0.035
1722762009800000000,-0.011
1722762009810000000,0.049
1722762009820000000,-0.140
1722762009830000000,0.023
1722762009840000000,-0.118
1722762009850000000,-0.047
1722762009860000000,-0.073
1722762009870000000,0.097
1722762009880000000,-0.022
1722762009890000000,-0.135
1722762009900000000,0.012
1722762009910000000,0.104
1722762009920000000,0.092
1722762009930000000,-0.002
1722762009940000000,0.139
1722762009950000000,-0.147
1722762009960000000,-0.034
1722762009970000000,0.015
1722762009980000000,0.016
1722762009990000000,0.144
1722762010000000000,-0.031
1722762010010000000,-0.077
1722762010020000000,-0.042
1722762010030000000,0.096
1722762010040000000,0.065
1722762010050000000,0.128
1722762010060000000,-0.048
1722762010070000000,-0.005
1722762010080000000,0.062
1722762010090000000,-0.034
1722762010100000000,-0.085
1722762010110000000,-0.019
1722762010120000000,-0.014
1722762010130000000,-0.058
1722762010140000000,-0.183
1722762010150000000,0.028
1722762010160000000,0.016
1722762010170000000,0.005
1722762010180000000,-0.035
1722762010190000000,-0.117
1722762010200000000,0.058
1722762010210000000,0.034
1722762010220000000,-0.029
1722762010230000000,-0.028
1722762010240000000,0.110
1722762010250000000,0.036
1722762010260000000,-0.012
1722762010270000000,-0.042
1722762010280000000,-0.089
1722762010290000000,0.112
1722762010300000000,0.101
1722762010310000000,0.038
1722762010320000000,0.064
1722762010330000000,-0.017
1722762010340000000,0.087
1722762010350000000,0.063
1722762010360000000,0.034
1722762010370000000,0.070
1722762010380000000,0.075
1722762010390000000,0.153
1722762010400000000,-0.126
1722762010410000000,0.012
1722762010420000000,-0.034
1722762010430000000,0.045
1722762010440000000,-0.072
1722762010450000000,0.104
1722762010460000000,-0.042
1722762010470000000,-0.005
1722762010480000000,-0.054
1722762010490000000,0.072
1722762010500000000,0.066
1722762010510000000,-0.033
1722762010520000000,-0.154
1722762010530000000,0.016
1722762010540000000,-0.097
1722762010550000000,-0.091
1722762010560000000,0.001
1722762010570000000,-0.053
1722762010580000000,-0.075
1722762010590000000,0.010
1722762010600000000,-0.101
1722762010610000000,0.182
1722762010620000000,-0.004
1722762010630000000,-0.130
1722762010640000000,-0.207
1722762010650000000,-0.127
1722762010660000000,0.027
1722762010670000000,-0.013
1722762010680000000,0.040
1722762010690000000,-0.078
1722762010700000000,0.114
1722762010710000000,-0.101
1722762010720000000,-0.012
1722762010730000000,0.037
1722762010740000000,-0.020
1722762010750000000,-0.060
1722762010760000000,0.003
1722762010770000000,0.076
1722762010780000000,0.086
1722762010790000000,-0.054
1722762010800000000,-0.095
1722762010810000000,-0.140
1722762010820000000,-0.093
1722762010830000000,0.064
1722762010840000000,0.126
1722762010850000000,-0.041
1722762010860000000,-0.206
1722762010870000000,-0.058
1722762010880000000,-0.002
1722762010890000000,-0.096
1722762010900000000,-0.153
1722762010910000000,0.207
1722762010920000000,0.109
1722762010930000000,0.112
1722762010940000000,-0.122
1722762010950000000,-0.032
1722762010960000000,-0.217
1722762010970000000,-0.114
1722762010980000000,-0.002
1722762010990000000,-0.146
1722762011000000000,-0.066
1722762011010000000,-0.020
1722762011020000000,-0.008
1722762011030000000,0.169
1722762011040000000,0.018
1722762011050000000,-0.191
1722762011060000000,0.035
1722762011070000000,-0.168
1722762011080000000,-0.129
1722762011090000000,-0.083
1722762011100000000,0.099
1722762011110000000,-0.151
1722762011120000000,-0.113
1722762011130000000,0.096
1722762011140000000,-0.078
1722762011150000000,-0.035
1722762011160000000,-0.008
1722762011170000000,0.076
1722762011180000000,0.002
1722762011190000000,-0.023
1722762011200000000,-0.126
1722762011210000000,-0.007
1722762011220000000,-0.122
1722762011230000000,-0.061
1722762011240000000,-0.153
1722762011250000000,0.073
1722762011260000000,0.071
1722762011270000000,-0.038
1722762011280000000,-0.031
1722762011290000000,0.043
1722762011300000000,0.033
1722762011310000000,0.070
1722762011320000000,0.044
1722762011330000000,-0.075
1722762011340000000,0.100
1722762011350000000,-0.095
1722762011360000000,0.068
1722762011370000000,0.089
1722762011380000000,-0.005
1722762011390000000,0.022
1722762011400000000,0.068
1722762011410000000,-0.031
1722762011420000000,-0.064
1722762011430000000,0.044
1722762011440000000,0.027
1722762011450000000,-0.014
1722762011460000000,-0.131
1722762011470000000,-0.007
1722762011480000000,-0.137
1722762011490000000,0.135
1722762011500000000,-0.100
1722762011510000000,0.087
1722762011520000000,0.095
1722762011530000000,0.031
1722762011540000000,-0.102
1722762011550000000,-0.034
1722762011560000000,-0.088
1722762011570000000,-0.007
1722762011580000000,0.037
1722762011590000000,-0.037
1722762011600000000,0.071
1722762011610000000,0.088
1722762011620000000,-0.081
1722762011630000000,-0.077
1722762011640000000,-0.003
1722762011650000000,0.027
1722762011660000000,-0.207
1722762011670000000,0.094
1722762011680000000,0.152
1722762011690000000,-0.150
1722762011700000000,0.062
1722762011710000000,0.015
1722762011720000000,-0.008
1722762011730000000,0.095
1722762011740000000,-0.026
1722762011750000000,0.071
1722762011760000000,0.119
1722762011770000000,0.012
1722762011780000000,0.129
1722762011790000000,0.065
1722762011800000000,0.044
1722762011810000000,-0.047
1722762011820000000,-0.126
1722762011830000000,-0.070
1722762011840000000,-0.202
1722762011850000000,0.108
1722762011860000000,0.008
1722762011870000000,-0.123
1722762011880000000,0.086
1722762011890000000,-0.044
1722762011900000000,-0.035
1722762011910000000,-0.036
1722762011920000000,0.004
1722762011930000000,0.087
1722762011940000000,0.085
1722762011950000000,-0.021
1722762011960000000,0.021
1722762011970000000,0.029
1722762011980000000,0.030
1722762011990000000,0.015
1722762012000000000,0.104
1722762012010000000,-0.109
1722762012020000000,-0.127
1722762012030000000,-0.059
1722762012040000000,0.041
1722762012050000000,0.130
1722762012060000000,-0.008
1722762012070000000,0.049
1722762012080000000,-0.034
1722762012090000000,-0.002
1722762012100000000,-0.139
1722762012110000000,-0.062
1722762012120000000,0.039
1722762012130000000,-0.030
1722762012140000000,0.011
1722762012150000000,-0.043
1722762012160000000,-0.006
1722762012170000000,0.065
1722762012180000000,-0.118
1722762012190000000,0.008
1722762012200000000,0.051
1722762012210000000,-0.091
1722762012220000000,-0.082
1722762012230000000,-0.022
1722762012240000000,-0.004
1722762012250000000,-0.048
1722762012260000000,0.044
1722762012270000000,-0.043
1722762012280000000,0.029
1722762012290000000,0.031
1722762012300000000,-0.084
1722762012310000000,-0.109
1722762012320000000,0.038
1722762012330000000,0.099
1722762012340000000,-0.042
1722762012350000000,0.008
1722762012360000000,-0.018
1722762012370000000,-0.062
1722762012380000000,-0.027
1722762012390000000,-0.016
1722762012400000000,0.074
1722762012410000000,0.005
1722762012420000000,-0.014
1722762012430000000,-0.039
1722762012440000000,-0.014
1722762012450000000,0.100
1722762012460000000,0.021
1722762012470000000,-0.156
1722762012480000000,0.002
1722762012490000000,-0.110
1722762012500000000,-0.009
1722762012510000000,-0.135
1722762012520000000,0.053
1722762012530000000,-0.021
1722762012540000000,0.162
1722762012550000000,-0.024
1722762012560000000,-0.018
1722762012570000000,0.122
1722762012580000000,0.078
1722762012590000000,0.072
1722762012600000000,0.097
1722762012610000000,-0.044
1722762012620000000,0.021
1722762012630000000,0.027
1722762012640000000,0.055
1722762012650000000,0.135
1722762012660000000,0.084
1722762012670000000,0.054
1722762012680000000,0.050
1722762012690000000,0.074
1722762012700000000,0.013
1722762012710000000,0.019
1722762012720000000,0.018
1722762012730000000,-0.127
1722762012740000000,0.006
1722762012750000000,-0.074
1722762012760000000,0.108
1722762012770000000,0.011
1722762012780000000,0.020
1722762012790000000,0.146
1722762012800000000,0.016
1722762012810000000,0.020
1722762012820000000,-0.047
1722762012830000000,-0.060
1722762012840000000,0.037
1722762012850000000,0.023
1722762012860000000,-0.070
1722762012870000000,0.010
1722762012880000000,-0.087
1722762012890000000,-0.024
1722762012900000000,0.040
1722762012910000000,0.168
1722762012920000000,0.151
1722762012930000000,-0.011
1722762012940000000,0.160
1722762012950000000,-0.117
1722762012960000000,-0.152
1722762012970000000,-0.002
1722762012980000000,0.032
1722762012990000000,0.053
1722762013000000000,-0.042
1722762013010000000,-0.017
1722762013020000000,0.061
1722762013030000000,-0.103
1722762013040000000,0.005
1722762013050000000,0.006
1722762013060000000,-0.051
1722762013070000000,0.068
1722762013080000000,0.147
1722762013090000000,0.074
1722762013100000000,0.016
1722762013110000000,-0.035
1722762013120000000,-0.074
1722762013130000000,-0.049
1722762013140000000,0.031
1722762013150000000,-0.013
1722762013160000000,0.064
1722762013170000000,0.042
1722762013180000000,0.120
1722762013190000000,0.001
1722762013200000000,-0.030
1722762013210000000,-0.110
1722762013220000000,-0.163
1722762013230000000,-0.043
1722762013240000000,0.017
1722762013250000000,0.066
1722762013260000000,-0.005
1722762013270000000,-0.065
1722762013280000000,-0.109
1722762013290000000,0.021
1722762013300000000,0.102
1722762013310000000,-0.094
1722762013320000000,0.135
1722762013330000000,0.136
1722762013340000000,-0.131
1722762013350000000,-0.111
1722762013360000000,-0.112
1722762013370000000,0.056
1722762013380000000,0.134
1722762013390000000,-0.058
1722762013400000000,0.115
1722762013410000000,-0.068
1722762013420000000,-0.074
1722762013430000000,0.026
1722762013440000000,0.044
1722762013450000000,-0.073
1722762013460000000,-0.034
1722762013470000000,-0.006
1722762013480000000,0.022
1722762013490000000,0.033
1722762013500000000,-0.047
1722762013510000000,-0.025
1722762013520000000,-0.097
1722762013530000000,-0.012
1722762013540000000,0.016
1722762013550000000,0.018
1722762013560000000,0.048
1722762013570000000,-0.047
1722762013580000000,-0.035
1722762013590000000,-0.072
1722762013600000000,-0.035
1722762013610000000,0.018
1722762013620000000,0.040
1722762013630000000,-0.009
1722762013640000000,-0.083
1722762013650000000,-0.047
1722762013660000000,-0.067
1722762013670000000,0.100
1722762013680000000,0.044
1722762013690000000,-0.155
1722762013700000000,0.030
1722762013710000000,0.065
1722762013720000000,0.055
1722762013730000000,-0.061
1722762013740000000,0.103
1722762013750000000,-0.042
1722762013760000000,-0.031
1722762013770000000,-0.178
1722762013780000000,-0.046
1722762013790000000,0.062
1722762013800000000,0.048
1722762013810000000,0.005
1722762013820000000,0.055
1722762013830000000,0.032
1722762013840000000,0.036
1722762013850000000,-0.112
1722762013860000000,-0.056
1722762013870000000,0.084
1722762013880000000,0.184
1722762013890000000,0.000
1722762013900000000,-0.105
1722762013910000000,0.049
1722762013920000000,0.076
1722762013930000000,0.058
1722762013940000000,0.045
1722762013950000000,0.052
1722762013960000000,-0.015
1722762013970000000,-0.028
1722762013980000000,-0.029
1722762013990000000,0.049
1722762014000000000,0.075
1722762014010000000,-0.041
1722762014020000000,-0.046
1722762014030000000,0.119
1722762014040000000,-0.053
1722762014050000000,-0.032
1722762014060000000,0.006
1722762014070000000,-0.222
1722762014080000000,0.023
1722762014090000000,-0.020
1722762014100000000,0.133
1722762014110000000,0.055
1722762014120000000,0.013
1722762014130000000,-0.096
1722762014140000000,-0.045
1722762014150000000,-0.162
1722762014160000000,0.002
1722762014170000000,-0.143
1722762014180000000,0.075
1722762014190000000,0.022
1722762014200000000,-0.073
1722762014210000000,0.017
1722762014220000000,0.013
1722762014230000000,-0.144
1722762014240000000,-0.057
1722762014250000000,0.078
1722762014260000000,-0.120
1722762014270000000,0.220
1722762014280000000,-0.061
1722762014290000000,-0.042
1722762014300000000,0.051
1722762014310000000,-0.041
1722762014320000000,0.073
1722762014330000000,-0.043
1722762014340000000,-0.096
1722762014350000000,0.079
1722762014360000000,0.065
1722762014370000000,-0.086
1722762014380000000,0.048
1722762014390000000,-0.027
1722762014400000000,0.047
1722762014410000000,0.120
1722762014420000000,0.013
1722762014430000000,-0.095
1722762014440000000,-0.021
1722762014450000000,-0.094
1722762014460000000,-0.192
1722762014470000000,-0.009
1722762014480000000,0.152
1722762014490000000,-0.076
1722762014500000000,-0.068
1722762014510000000,-0.232
1722762014520000000,-0.090
1722762014530000000,-0.081
1722762014540000000,-0.076
1722762014550000000,-0.060
1722762014560000000,0.007
1722762014570000000,0.049
1722762014580000000,-0.022
1722762014590000000,0.098
1722762014600000000,0.049
1722762014610000000,-0.035
1722762014620000000,0.002
1722762014630000000,-0.053
1722762014640000000,-0.069
1722762014650000000,0.096
1722762014660000000,-0.114
1722762014670000000,0.073
1722762014680000000,-0.098
1722762014690000000,0.042
1722762014700000000,-0.068
1722762014710000000,-0.021
1722762014720000000,0.084
1722762014730000000,-0.078
1722762014740000000,-0.041
1722762014750000000,-0.011
1722762014760000000,-0.033
1722762014770000000,0.119
1722762014780000000,-0.045
1722762014790000000,-0.015
1722762014800000000,-0.083
1722762014810000000,-0.047
1722762014820000000,-0.069
1722762014830000000,0.002
1722762014840000000,-0.070
1722762014850000000,-0.033
1722762014860000000,-0.032
1722762014870000000,-0.041
1722762014880000000,0.047
1722762014890000000,-0.118
1722762014900000000,0.089
1722762014910000000,0.036
1722762014920000000,0.077
1722762014930000000,-0.036
1722762014940000000,-0.213
1722762014950000000,0.042
1722762014960000000,0.106
1722762014970000000,0.014
1722762014980000000,-0.040
1722762014990000000,-0.105
1722762015000000000,-0.030
1722762015010000000,0.015
1722762015020000000,0.129
1722762015030000000,-0.048
1722762015040000000,0.102
1722762015050000000,0.167
1722762015060000000,0.208
1722762015070000000,0.002
1722762015080000000,-0.027
1722762015090000000,-0.031
1722762015100000000,-0.070
1722762015110000000,0.013
1722762015120000000,0.070
1722762015130000000,-0.037
1722762015140000000,-0.048
1722762015150000000,-0.056
1722762015160000000,-0.027
1722762015170000000,-0.081
1722762015180000000,0.014
1722762015190000000,-0.018
1722762015200000000,-0.028
1722762015210000000,0.041
1722762015220000000,0.017
1722762015230000000,0.093
1722762015240000000,-0.017
1722762015250000000,0.021
1722762015260000000,0.030
1722762015270000000,-0.064
1722762015280000000,0.046
1722762015290000000,0.089
1722762015300000000,-0.053
1722762015310000000,-0.006
1722762015320000000,0.045
1722762015330000000,0.096
1722762015340000000,0.094
1722762015350000000,-0.046
1722762015360000000,0.000
1722762015370000000,0.144
1722762015380000000,-0.010
1722762015390000000,0.079
1722762015400000000,0.023
1722762015410000000,0.004
1722762015420000000,0.052
1722762015430000000,0.039
1722762015440000000,-0.061
1722762015450000000,-0.123
1722762015460000000,-0.081
1722762015470000000,-0.123
1722762015480000000,-0.160
1722762015490000000,0.050
1722762015500000000,0.076
1722762015510000000,-0.032
1722762015520000000,0.006
1722762015530000000,-0.044
1722762015540000000,-0.047
1722762015550000000,-0.056
1722762015560000000,-0.022
1722762015570000000,0.005
1722762015580000000,0.078
1722762015590000000,-0.064
1722762015600000000,-0.141
1722762015610000000,0.048
1722762015620000000,0.095
1722762015630000000,-0.048
1722762015640000000,-0.012
1722762015650000000,-0.088
1722762015660000000,-0.069
1722762015670000000,0.031
1722762015680000000,0.179
1722762015690000000,0.010
1722762015700000000,0.112
1722762015710000000,-0.017
1722762015720000000,0.027
1722762015730000000,-0.017
1722762015740000000,-0.033
1722762015750000000,0.007
1722762015760000000,-0.044
1722762015770000000,-0.060
1722762015780000000,0.196
1722762015790000000,0.093
1722762015800000000,-0.090
1722762015810000000,-0.200
1722762015820000000,0.020
1722762015830000000,-0.104
1722762015840000000,-0.107
1722762015850000000,-0.045
1722762015860000000,-0.032
1722762015870000000,0.082
1722762015880000000,0.002
1722762015890000000,-0.021
1722762015900000000,0.046
1722762015910000000,-0.006
1722762015920000000,-0.106
1722762015930000000,0.075
1722762015940000000,-0.039
1722762015950000000,0.093
1722762015960000000,-0.036
1722762015970000000,-0.038
1722762015980000000,0.038
1722762015990000000,-0.058
1722762016000000000,0.091
1722762016010000000,-0.005
1722762016020000000,-0.032
1722762016030000000,-0.066
1722762016040000000,0.043
1722762016050000000,0.052
1722762016059999999,-0.033
1722762016070000000,0.018
1722762016079999999,0.042
1722762016090000000,-0.130
1722762016100000000,0.010
1722762016110000000,0.028
1722762016120000000,-0.024
1722762016129999999,0.004
1722762016140000000,-0.094
1722762016149999999,0.122
1722762016160000000,-0.009
1722762016170000000,-0.062
1722762016180000000,-0.152
1722762016190000000,0.068
1722762016200000000,0.060
1722762016210000000,-0.021
1722762016219999999,-0.123
1722762016230000000,0.087
1722762016239999999,-0.062
1722762016250000000,-0.056
1722762016260000000,0.090
1722762016270000000,-0.080
1722762016280000000,0.055
1722762016290000000,0.040
1722762016300000000,0.032
1722762016309999999,0.061
1722762016320000000,0.006
1722762016329999999,-0.022
1722762016340000000,0.094
1722762016350000000,-0.034
1722762016360000000,0.055
1722762016370000000,-0.056
1722762016379999999,0.048
1722762016390000000,-0.000
1722762016399999999,-0.008
1722762016410000000,-0.031
1722762016420000000,-0.155
1722762016430000000,-0.074
1722762016440000000,-0.068
1722762016450000000,-0.062
1722762016460000000,0.139
1722762016469999999,0.092
1722762016480000000,-0.026
1722762016489999999,0.010
1722762016500000000,0.008
1722762016510000000,-0.019
1722762016520000000,0.028
1722762016530000000,0.018
1722762016540000000,0.039
1722762016550000000,-0.011
1722762016559999999,-0.094
1722762016570000000,-0.075
1722762016579999999,-0.033
1722762016590000000,0.096
1722762016600000000,-0.063
1722762016610000000,0.011
1722762016620000000,0.024
1722762016629999999,-0.065
1722762016640000000,0.006
1722762016649999999,0.062
1722762016660000000,0.017
1722762016670000000,0.141
1722762016680000000,-0.049
1722762016690000000,0.032
1722762016700000000,0.018
1722762016710000000,0.100
1722762016719999999,-0.100
1722762016730000000,0.024
1722762016739999999,0.112
1722762016750000000,-0.132
1722762016760000000,0.116
1722762016770000000,-0.040
1722762016780000000,0.150
1722762016790000000,0.112
1722762016800000000,0.060
1722762016809999999,-0.019
1722762016820000000,0.058
1722762016829999999,-0.016
1722762016840000000,0.010
1722762016850000000,0.079
1722762016860000000,0.080
1722762016870000000,-0.007
1722762016879999999,-0.094
1722762016890000000,0.087
1722762016899999999,0.064
1722762016910000000,0.039
1722762016920000000,-0.107
1722762016930000000,-0.015
1722762016940000000,0.095
1722762016950000000,0.007
1722762016960000000,0.002
1722762016969999999,0.027
1722762016980000000,-0.035
1722762016989999999,0.038
1722762017000000000,-0.133
1722762017010000000,0.101
1722762017020000000,-0.023
1722762017030000000,0.102
1722762017040000000,0.047
1722762017050000000,0.004
1722762017059999999,-0.045
1722762017070000000,-0.217
1722762017079999999,-0.034
1722762017090000000,0.034
1722762017100000000,0.037
1722762017110000000,-0.060
1722762017120000000,0.104
1722762017129999999,-0.135
1722762017140000000,-0.079
1722762017149999999,0.014
1722762017160000000,-0.105
1722762017170000000,0.047
1722762017180000000,-0.023
1722762017190000000,-0.065
1722762017200000000,0.180
1722762017210000000,-0.064
1722762017220000000,-0.103
1722762017230000000,-0.018
1722762017240000000,-0.039
1722762017250000000,0.121
1722762017260000000,-0.059
1722762017270000000,-0.062
1722762017280000000,-0.018
1722762017290000000,-0.170
1722762017300000000,-0.012
1722762017310000000,0.115
1722762017320000000,0.105
1722762017330000000,-0.111
1722762017340000000,-0.045
1722762017350000000,-0.047
1722762017360000000,-0.062
1722762017370000000,-0.052
1722762017380000000,-0.096
1722762017390000000,0.044
1722762017400000000,0.014
1722762017410000000,-0.059
1722762017420000000,0.022
1722762017430000000,0.056
1722762017440000000,0.088
1722762017450000000,-0.130
1722762017460000000,0.008
1722762017470000000,-0.121
1722762017480000000,-0.011
1722762017490000000,0.069
1722762017500000000,0.045
1722762017510000000,-0.022
1722762017520000000,0.086
1722762017530000000,-0.000
1722762017540000000,0.053
1722762017550000000,0.057
1722762017560000000,-0.061
1722762017570000000,-0.052
1722762017580000000,0.009
1722762017590000000,-0.026
1722762017600000000,-0.029
1722762017610000000,0.061
1722762017620000000,0.035
1722762017630000000,-0.087
1722762017640000000,-0.049
1722762017650000000,-0.123
1722762017660000000,-0.064
1722762017670000000,-0.026
1722762017680000000,0.052
1722762017690000000,0.073
1722762017700000000,0.080
1722762017710000000,0.056
1722762017720000000,0.024
1722762017730000000,-0.008
1722762017740000000,-0.030
1722762017750000000,-0.171
1722762017760000000,0.106
1722762017770000000,-0.049
1722762017780000000,-0.027
1722762017790000000,0.033
1722762017800000000,0.140
1722762017810000000,0.071
1722762017820000000,-0.056
1722762017830000000,0.087
1722762017840000000,-0.018
1722762017850000000,-0.030
1722762017860000000,-0.114
1722762017870000000,0.040
1722762017880000000,0.070
1722762017890000000,-0.018
1722762017900000000,0.058
1722762017910000000,-0.044
1722762017920000000,-0.108
1722762017930000000,-0.025
1722762017940000000,0.124
1722762017950000000,0.051
1722762017960000000,-0.073
1722762017970000000,-0.146
1722762017980000000,0.119
1722762017990000000,-0.013
1722762018000000000,-0.163
1722762018010000000,-0.076
1722762018020000000,0.150
1722762018030000000,-0.043
1722762018040000000,0.018
1722762018050000000,0.086
1722762018060000000,-0.089
1722762018070000000,0.187
1722762018080000000,-0.013
1722762018090000000,0.128
1722762018100000000,0.069
1722762018110000000,0.099
1722762018120000000,-0.035
1722762018130000000,-0.005
1722762018140000000,0.036
1722762018150000000,-0.093
1722762018160000000,-0.142
1722762018170000000,-0.077
1722762018180000000,-0.109
1722762018190000000,-0.123
1722762018200000000,0.126
1722762018210000000,-0.056
1722762018220000000,-0.065
1722762018230000000,-0.006
1722762018240000000,-0.060
1722762018250000000,0.096
1722762018260000000,0.008
1722762018270000000,0.119
1722762018280000000,0.000
1722762018290000000,0.039
1722762018300000000,0.004
1722762018310000000,0.018
1722762018320000000,0.018
1722762018330000000,-0.179
1722762018340000000,0.025
1722762018350000000,-0.064
1722762018360000000,-0.091
1722762018370000000,-0.083
1722762018380000000,-0.075
1722762018390000000,-0.101
1722762018400000000,-0.067
1722762018410000000,-0.080
1722762018420000000,-0.006
1722762018430000000,0.040
1722762018440000000,0.054
1722762018450000000,-0.023
1722762018460000000,-0.044
1722762018470000000,-0.144
1722762018480000000,-0.031
1722762018490000000,-0.064
1722762018500000000,-0.056
1722762018510000000,0.059
1722762018520000000,-0.078
1722762018530000000,0.122
1722762018540000000,-0.025
1722762018550000000,-0.055
1722762018560000000,0.091
1722762018570000000,-0.136
1722762018580000000,-0.196
1722762018590000000,-0.087
1722762018600000000,-0.165
1722762018610000000,0.080
1722762018620000000,0.099
1722762018630000000,-0.147
1722762018640000000,-0.134
1722762018650000000,0.041
1722762018660000000,-0.110
1722762018670000000,-0.181
1722762018680000000,-0.045
1722762018690000000,-0.051
1722762018700000000,-0.061
1722762018710000000,0.020
1722762018720000000,0.022
1722762018730000000,0.074
1722762018740000000,0.055
1722762018750000000,-0.067
1722762018760000000,0.029
1722762018770000000,0.152
1722762018780000000,-0.004
1722762018790000000,0.034
1722762018800000000,0.038
1722762018810000000,-0.091
1722762018820000000,0.071
1722762018830000000,0.064
1722762018840000000,-0.061
1722762018850000000,0.016
1722762018860000000,0.139
1722762018870000000,0.197
1722762018880000000,0.041
1722762018890000000,-0.060
1722762018900000000,-0.062
1722762018910000000,-0.053
1722762018920000000,-0.009
1722762018930000000,0.041
1722762018940000000,0.021
1722762018950000000,0.039
1722762018960000000,0.036
1722762018970000000,-0.042
1722762018980000000,-0.050
1722762018990000000,0.006
1722762019000000000,0.088
1722762019010000000,0.057
1722762019020000000,0.128
1722762019030000000,-0.016
1722762019040000000,0.043
1722762019050000000,-0.073
1722762019060000000,-0.156
1722762019070000000,-0.027
1722762019080000000,0.043
1722762019090000000,0.108
1722762019100000000,0.112
1722762019110000000,0.094
1722762019120000000,-0.071
1722762019130000000,0.065
1722762019140000000,-0.114
1722762019150000000,0.033
1722762019160000000,0.009
1722762019170000000,0.050
1722762019180000000,-0.191
1722762019190000000,0.155
1722762019200000000,-0.028
1722762019210000000,0.017
1722762019220000000,0.093
1722762019230000000,-0.004
1722762019240000000,-0.005
1722762019250000000,0.101
1722762019260000000,0.001
1722762019270000000,0.042
1722762019280000000,0.012
1722762019290000000,-0.002
1722762019300000000,0.048
1722762019310000000,0.099
1722762019320000000,0.039
1722762019330000000,0.024
1722762019340000000,-0.075
1722762019350000000,0.059
1722762019360000000,0.082
1722762019370000000,-0.091
1722762019380000000,-0.027
1722762019390000000,0.151
1722762019400000000,-0.058
1722762019410000000,-0.024
1722762019420000000,-0.103
1722762019430000000,0.001
1722762019440000000,0.123
1722762019450000000,-0.116
1722762019460000000,0.082
1722762019470000000,-0.006
1722762019480000000,0.036
1722762019490000000,0.044
1722762019500000000,0.017
1722762019510000000,-0.045
1722762019520000000,0.074
1722762019530000000,0.002
1722762019540000000,0.027
1722762019550000000,-0.097
1722762019560000000,0.094
1722762019570000000,-0.128
1722762019580000000,0.007
1722762019590000000,0.104
1722762019600000000,-0.005
1722762019610000000,-0.081
1722762019620000000,-0.036
1722762019630000000,0.001
1722762019640000000,-0.093
1722762019650000000,0.053
1722762019660000000,-0.134
1722762019670000000,-0.007
1722762019680000000,-0.027
1722762019690000000,0.002
1722762019700000000,-0.000
1722762019710000000,-0.006
1722762019720000000,-0.076
1722762019730000000,0.021
1722762019740000000,-0.048
1722762019750000000,-0.021
1722762019760000000,-0.021
1722762019770000000,0.033
1722762019780000000,-0.017
1722762019790000000,0.009
1722762019800000000,-0.059
1722762019810000000,0.098
1722762019820000000,0.189
1722762019830000000,-0.075
1722762019840000000,-0.027
1722762019850000000,0.085
1722762019860000000,0.015
1722762019870000000,0.034
1722762019880000000,0.035
1722762019890000000,-0.043
1722762019900000000,-0.047
1722762019910000000,0.121
1722762019920000000,0.024
1722762019930000000,0.033
1722762019940000000,0.012
1722762019950000000,0.118
1722762019960000000,0.001
1722762019970000000,0.103
1722762019980000000,-0.008
1722762019990000000,-0.011
1722762020000000000,0.080
1722762020010000000,0.074
1722762020020000000,0.130
1722762020030000000,0.003
1722762020040000000,0.011
1722762020050000000,0.042
1722762020060000000,-0.124
1722762020070000000,0.040
1722762020080000000,-0.085
1722762020090000000,0.126
1722762020100000000,-0.017
1722762020110000000,-0.021
1722762020120000000,-0.067
1722762020130000000,0.085
1722762020140000000,0.108
1722762020150000000,-0.059
1722762020160000000,-0.112
1722762020170000000,0.053
1722762020180000000,-0.099
1722762020190000000,-0.001
1722762020200000000,0.059
1722762020210000000,0.034
1722762020220000000,0.144
1722762020230000000,0.031
1722762020240000000,0.175
1722762020250000000,0.056
1722762020260000000,-0.028
1722762020270000000,-0.021
1722762020280000000,0.074
1722762020290000000,-0.112
1722762020300000000,0.033
1722762020310000000,0.055
1722762020320000000,0.037
1722762020330000000,0.036
1722762020340000000,0.140
1722762020350000000,-0.058
1722762020360000000,0.065
1722762020370000000,-0.048
1722762020380000000,0.007
1722762020390000000,0.078
1722762020400000000,0.086
1722762020410000000,0.038
1722762020420000000,0.007
1722762020430000000,0.086
1722762020440000000,0.107
1722762020450000000,0.048
1722762020460000000,-0.020
1722762020470000000,-0.056
1722762020480000000,-0.006
1722762020490000000,-0.043
1722762020500000000,0.046
1722762020510000000,-0.005
1722762020520000000,-0.045
1722762020530000000,0.177
1722762020540000000,-0.088
1722762020550000000,0.094
1722762020560000000,0.022
1722762020570000000,-0.062
1722762020580000000,-0.080
1722762020590000000,-0.028
1722762020600000000,-0.176
1722762020610000000,-0.045
1722762020620000000,0.063
1722762020630000000,0.017
1722762020640000000,-0.004
1722762020650000000,0.009
1722762020660000000,-0.114
1722762020670000000,0.036
1722762020680000000,0.036
1722762020690000000,0.036
1722762020700000000,0.057
1722762020710000000,0.119
1722762020720000000,0.041
1722762020730000000,0.134
1722762020740000000,-0.001
1722762020750000000,-0.113
1722762020760000000,-0.096
1722762020770000000,-0.050
1722762020780000000,0.082
1722762020790000000,-0.075
1722762020800000000,-0.144
1722762020810000000,-0.042
1722762020820000000,-0.013
1722762020830000000,0.113
1722762020840000000,0.054
1722762020850000000,0.000
1722762020860000000,-0.079
1722762020870000000,0.019
1722762020880000000,0.098
1722762020890000000,-0.038
1722762020900000000,-0.062
1722762020910000000,0.052
1722762020920000000,-0.013
1722762020930000000,-0.072
1722762020940000000,0.043
1722762020950000000,-0.092
1722762020960000000,-0.108
1722762020970000000,-0.215
1722762020980000000,-0.108
1722762020990000000,-0.070
1722762021000000000,-0.007
1722762021010000000,-0.000
1722762021020000000,-0.039
1722762021030000000,-0.001
1722762021040000000,0.054
1722762021050000000,0.127
1722762021060000000,0.015
1722762021070000000,0.083
1722762021080000000,-0.079
1722762021090000000,-0.160
1722762021100000000,0.028
1722762021110000000,-0.008
1722762021120000000,-0.036
1722762021130000000,-0.072
1722762021140000000,0.034
1722762021150000000,-0.022
1722762021160000000,-0.046
1722762021170000000,0.049
1722762021180000000,-0.003
1722762021190000000,-0.098
1722762021200000000,0.079
1722762021210000000,0.069
1722762021220000000,0.007
1722762021230000000,0.008
1722762021240000000,-0.138
1722762021250000000,-0.134
1722762021260000000,0.146
1722762021270000000,0.088
1722762021280000000,-0.072
1722762021290000000,-0.027
1722762021300000000,0.102
1722762021310000000,-0.040
1722762021320000000,0.090
1722762021330000000,-0.028
1722762021340000000,0.007
1722762021350000000,0.075
1722762021360000000,-0.071
1722762021370000000,-0.015
1722762021380000000,0.003
1722762021390000000,-0.013
1722762021400000000,0.010
1722762021410000000,-0.054
1722762021420000000,0.140
1722762021430000000,0.032
1722762021440000000,0.169
1722762021450000000,-0.079
1722762021460000000,0.301
1722762021470000000,0.109
1722762021480000000,-0.063
1722762021490000000,0.177
1722762021500000000,0.050
1722762021510000000,-0.011
1722762021520000000,0.025
1722762021530000000,0.062
1722762021540000000,-0.061
1722762021550000000,-0.070
1722762021560000000,0.041
1722762021570000000,0.039
1722762021580000000,0.036
1722762021590000000,0.102
1722762021600000000,-0.003
1722762021610000000,0.063
1722762021620000000,0.012
1722762021630000000,0.007
1722762021640000000,-0.023
1722762021650000000,0.063
1722762021660000000,0.009
1722762021670000000,-0.060
1722762021680000000,-0.064
1722762021690000000,-0.039
1722762021700000000,0.102
1722762021710000000,0.071
1722762021720000000,-0.096
1722762021730000000,-0.062
1722762021740000000,0.033
1722762021750000000,-0.045
1722762021760000000,0.003
1722762021770000000,-0.044
1722762021780000000,-0.012
1722762021790000000,0.011
1722762021800000000,-0.147
1722762021810000000,-0.001
1722762021820000000,-0.082
1722762021830000000,-0.049
1722762021840000000,-0.042
1722762021850000000,0.186
1722762021860000000,-0.164
1722762021870000000,-0.084
1722762021880000000,0.048
1722762021890000000,0.095
1722762021900000000,0.063
1722762021910000000,0.075
1722762021920000000,-0.025
1722762021930000000,0.043
1722762021940000000,-0.150
1722762021950000000,-0.059
1722762021960000000,-0.053
1722762021970000000,-0.117
1722762021980000000,0.016
1722762021990000000,0.007
1722762022000000000,-0.019
1722762022010000000,-0.122
1722762022020000000,-0.072
1722762022030000000,0.080
1722762022040000000,-0.087
1722762022050000000,-0.053
1722762022060000000,-0.007
1722762022070000000,0.040
1722762022080000000,-0.012
1722762022090000000,-0.026
1722762022100000000,0.023
1722762022110000000,-0.061
1722762022120000000,-0.122
1722762022130000000,0.044
1722762022140000000,-0.013
1722762022150000000,0.121
1722762022160000000,-0.046
1722762022170000000,-0.062
1722762022180000000,-0.025
1722762022190000000,0.126
1722762022200000000,0.031
1722762022210000000,0.090
1722762022220000000,0.001
1722762022230000000,0.032
1722762022240000000,0.003
1722762022250000000,-0.046
1722762022260000000,0.004
1722762022270000000,-0.068
1722762022280000000,-0.056
1722762022290000000,-0.184
1722762022300000000,-0.041
1722762022310000000,0.019
1722762022320000000,0.050
1722762022330000000,-0.087
1722762022340000000,-0.022
1722762022350000000,-0.001
1722762022360000000,0.115
1722762022370000000,-0.072
1722762022380000000,-0.006
1722762022390000000,-0.157
1722762022400000000,-0.022
1722762022410000000,0.127
1722762022420000000,0.057
1722762022430000000,0.162
1722762022440000000,-0.006
1722762022450000000,0.042
1722762022460000000,-0.054
1722762022470000000,0.055
1722762022480000000,0.099
1722762022490000000,-0.064
1722762022500000000,0.000
1722762022510000000,0.066
1722762022520000000,-0.034
1722762022530000000,-0.133
1722762022540000000,0.074
1722762022550000000,-0.023
1722762022560000000,0.024
1722762022570000000,-0.028
1722762022580000000,0.054
1722762022590000000,0.048
1722762022600000000,-0.004
1722762022610000000,0.135
1722762022620000000,-0.133
1722762022630000000,-0.103
1722762022640000000,-0.054
1722762022650000000,0.077
1722762022660000000,0.087
1722762022670000000,-0.112
1722762022680000000,-0.009
1722762022690000000,0.048
1722762022700000000,0.092
1722762022710000000,0.022
1722762022720000000,0.086
1722762022730000000,-0.099
1722762022740000000,-0.019
1722762022750000000,0.054
1722762022760000000,-0.016
1722762022770000000,0.036
1722762022780000000,-0.024
1722762022790000000,0.030
1722762022800000000,-0.048
1722762022810000000,0.094
1722762022820000000,0.046
1722762022830000000,-0.034
1722762022840000000,0.058
1722762022850000000,-0.041
1722762022860000000,0.041
1722762022870000000,0.109
1722762022880000000,-0.093
1722762022890000000,0.038
1722762022900000000,0.028
1722762022910000000,-0.025
1722762022920000000,-0.107
1722762022930000000,0.282
1722762022940000000,-0.125
1722762022950000000,-0.066
1722762022960000000,-0.044
1722762022970000000,-0.023
1722762022980000000,-0.026
1722762022990000000,0.079
1722762023000000000,-0.010
1722762023010000000,-0.053
1722762023020000000,-0.100
1722762023030000000,0.110
1722762023040000000,0.152
1722762023050000000,0.004
1722762023060000000,0.168
1722762023070000000,0.049
1722762023080000000,-0.103
1722762023090000000,0.039
1722762023100000000,0.037
1722762023110000000,0.111
1722762023120000000,-0.017
1722762023130000000,0.006
1722762023140000000,0.059
1722762023150000000,-0.027
1722762023160000000,-0.042
1722762023170000000,0.085
1722762023180000000,0.072
1722762023190000000,0.081
1722762023200000000,0.072
1722762023210000000,0.011
1722762023220000000,0.020
1722762023230000000,0.104
1722762023240000000,-0.069
1722762023250000000,0.004
1722762023260000000,-0.032
1722762023270000000,0.032
1722762023280000000,0.026
1722762023290000000,0.013
1722762023300000000,0.135
1722762023310000000,-0.047
1722762023320000000,0.056
1722762023330000000,-0.084
1722762023340000000,0.002
1722762023350000000,-0.100
1722762023360000000,0.015
1722762023370000000,0.094
1722762023380000000,0.064
1722762023390000000,-0.009
1722762023400000000,0.164
1722762023410000000,0.101
1722762023420000000,0.116
1722762023430000000,0.100
1722762023440000000,0.015
1722762023450000000,-0.108
1722762023460000000,0.051
1722762023470000000,-0.051
1722762023480000000,0.034
1722762023490000000,-0.044
1722762023500000000,-0.080
1722762023510000000,0.042
1722762023520000000,0.024
1722762023530000000,0.095
1722762023540000000,0.100
1722762023550000000,-0.076
1722762023560000000,-0.006
1722762023570000000,-0.158
1722762023580000000,-0.025
1722762023590000000,-0.032
1722762023600000000,0.126
1722762023610000000,-0.079
1722762023620000000,-0.054
1722762023630000000,-0.036
1722762023640000000,0.007
1722762023650000000,0.111
1722762023660000000,0.003
1722762023670000000,-0.082
1722762023680000000,-0.144
1722762023690000000,-0.053
1722762023700000000,0.111
1722762023710000000,-0.073
1722762023720000000,0.028
1722762023730000000,0.001
1722762023740000000,-0.029
1722762023750000000,-0.173
1722762023760000000,-0.035
1722762023770000000,0.036
1722762023780000000,-0.012
1722762023790000000,-0.013
1722762023800000000,-0.087
1722762023810000000,0.060
1722762023820000000,0.016
1722762023830000000,0.007
1722762023840000000,-0.102
1722762023850000000,0.053
1722762023860000000,-0.133
1722762023870000000,-0.183
1722762023880000000,-0.005
1722762023890000000,0.079
1722762023900000000,0.116
1722762023910000000,0.025
1722762023920000000,-0.078
1722762023930000000,0.095
1722762023940000000,0.078
1722762023950000000,0.055
1722762023960000000,-0.055
1722762023970000000,-0.075
1722762023980000000,0.079
1722762023990000000,0.080
1722762024000000000,-0.041
1722762024010000000,-0.076
1722762024020000000,-0.092
1722762024030000000,-0.055
1722762024040000000,-0.023
1722762024050000000,-0.094
1722762024060000000,0.079
1722762024070000000,-0.158
1722762024080000000,-0.044
1722762024090000000,-0.029
1722762024100000000,0.054
1722762024110000000,-0.009
1722762024120000000,0.104
1722762024130000000,0.103
1722762024140000000,-0.077
1722762024150000000,0.007
1722762024160000000,0.089
1722762024170000000,-0.059
1722762024180000000,-0.097
1722762024190000000,0.002
1722762024200000000,-0.006
1722762024210000000,0.004
1722762024220000000,-0.067
1722762024230000000,0.039
1722762024240000000,-0.021
1722762024250000000,0.116
1722762024260000000,0.060
1722762024270000000,0.018
1722762024280000000,-0.132
1722762024290000000,0.084
1722762024300000000,-0.060
1722762024310000000,0.068
1722762024320000000,0.022
1722762024330000000,-0.049
1722762024340000000,-0.011
1722762024350000000,-0.028
1722762024360000000,0.098
1722762024370000000,-0.116
1722762024380000000,-0.032
1722762024390000000,0.019
1722762024400000000,0.013
1722762024410000000,0.104
1722762024420000000,0.031
1722762024430000000,-0.040
1722762024440000000,-0.098
1722762024450000000,-0.158
1722762024460000000,-0.058
1722762024470000000,0.058
1722762024480000000,-0.139
1722762024490000000,-0.120
1722762024500000000,-0.125
1722762024510000000,-0.101
1722762024520000000,-0.007
1722762024530000000,0.122
1722762024540000000,-0.024
1722762024550000000,-0.053
1722762024560000000,-0.041
1722762024570000000,0.111
1722762024580000000,0.037
1722762024590000000,-0.084
1722762024600000000,-0.145
1722762024610000000,-0.010
1722762024620000000,0.120
1722762024630000000,0.006
1722762024640000000,0.093
1722762024650000000,0.048
1722762024660000000,-0.012
1722762024670000000,-0.002
1722762024680000000,0.070
1722762024690000000,0.016
1722762024700000000,0.092
1722762024710000000,-0.133
1722762024720000000,0.027
1722762024730000000,0.068
1722762024740000000,-0.058
1722762024750000000,0.125
1722762024760000000,-0.110
1722762024770000000,0.049
1722762024780000000,-0.149
1722762024790000000,-0.122
1722762024800000000,-0.157
1722762024810000000,0.095
1722762024820000000,0.050
1722762024830000000,-0.032
1722762024840000000,0.024
1722762024850000000,-0.010
1722762024860000000,-0.016
1722762024870000000,0.063
1722762024880000000,-0.116
1722762024890000000,-0.030
1722762024900000000,0.049
1722762024910000000,0.058
1722762024920000000,0.021
1722762024930000000,0.088
1722762024940000000,-0.041
1722762024950000000,-0.193
1722762024960000000,-0.062
1722762024970000000,-0.029
1722762024980000000,-0.007
1722762024990000000,0.121
1722762025000000000,-0.081
1722762025010000000,-0.068
1722762025020000000,0.028
1722762025030000000,0.019
1722762025040000000,-0.093
1722762025050000000,0.064
1722762025060000000,-0.060
1722762025070000000,-0.037
1722762025080000000,-0.071
1722762025090000000,-0.088
1722762025100000000,0.023
1722762025110000000,0.031
1722762025120000000,-0.014
1722762025130000000,0.071
1722762025140000000,0.073
1722762025150000000,-0.022
1722762025160000000,-0.068
1722762025170000000,-0.072
1722762025180000000,-0.109
1722762025190000000,0.078
1722762025200000000,0.008
1722762025210000000,-0.016
1722762025220000000,0.092
1722762025230000000,0.009
1722762025240000000,-0.037
1722762025250000000,0.032
1722762025260000000,-0.027
1722762025270000000,0.023
1722762025280000000,-0.011
1722762025290000000,-0.009
1722762025300000000,-0.101
1722762025310000000,-0.040
1722762025320000000,0.123
1722762025330000000,0.113
1722762025340000000,0.119
1722762025350000000,-0.061
1722762025360000000,0.042
1722762025370000000,0.087
1722762025380000000,-0.077
1722762025390000000,-0.026
1722762025400000000,-0.171
1722762025410000000,0.045
1722762025420000000,-0.046
1722762025430000000,0.037
1722762025440000000,0.136
1722762025450000000,0.236
1722762025460000000,-0.004
1722762025470000000,0.036
1722762025480000000,-0.052
1722762025490000000,-0.037
1722762025500000000,-0.118
1722762025510000000,0.125
1722762025520000000,0.065
1722762025530000000,0.110
1722762025540000000,0.040
1722762025550000000,-0.017
1722762025560000000,-0.124
1722762025570000000,-0.192
1722762025580000000,-0.056
1722762025590000000,0.016
1722762025600000000,0.010
1722762025610000000,-0.008
1722762025620000000,-0.109
1722762025630000000,-0.041
1722762025640000000,-0.175
1722762025650000000,0.071
1722762025660000000,-0.070
1722762025670000000,0.087
1722762025680000000,-0.064
1722762025690000000,0.052
1722762025700000000,-0.020
1722762025710000000,-0.078
1722762025720000000,-0.076
1722762025730000000,-0.035
1722762025740000000,-0.038
1722762025750000000,0.067
1722762025760000000,-0.007
1722762025770000000,0.114
1722762025780000000,0.011
1722762025790000000,-0.008
1722762025800000000,-0.025
1722762025810000000,0.193
1722762025820000000,-0.133
1722762025830000000,-0.050
1722762025840000000,0.077
1722762025850000000,-0.026
1722762025860000000,-0.072
1722762025870000000,-0.075
1722762025880000000,-0.068
1722762025890000000,-0.079
1722762025900000000,-0.027
1722762025910000000,0.136
1722762025920000000,0.021
1722762025930000000,-0.040
1722762025940000000,0.111
1722762025950000000,0.020
1722762025960000000,-0.098
1722762025970000000,-0.062
1722762025980000000,0.126
1722762025990000000,0.005
1722762026000000000,-0.033
1722762026010000000,0.060
1722762026020000000,0.032
1722762026030000000,0.101
1722762026040000000,-0.031
1722762026050000000,0.055
1722762026060000000,0.062
1722762026070000000,-0.122
1722762026080000000,0.064
1722762026090000000,-0.007
1722762026100000000,0.177
1722762026110000000,0.040
1722762026120000000,-0.058
1722762026130000000,0.055
1722762026140000000,-0.166
1722762026150000000,0.156
1722762026160000000,-0.023
1722762026170000000,-0.044
1722762026180000000,0.143
1722762026190000000,0.031
1722762026200000000,0.206
1722762026210000000,-0.026
1722762026220000000,0.011
1722762026230000000,-0.057
1722762026240000000,-0.128
1722762026250000000,-0.041
1722762026260000000,0.086
1722762026270000000,-0.038
1722762026280000000,0.021
1722762026290000000,-0.081
1722762026300000000,0.057
1722762026310000000,-0.062
1722762026320000000,-0.012
1722762026330000000,0.022
1722762026340000000,-0.018
1722762026350000000,0.130
1722762026360000000,-0.096
1722762026370000000,0.157
1722762026380000000,0.072
1722762026390000000,0.034
1722762026400000000,0.077
1722762026410000000,0.095
1722762026420000000,-0.021
1722762026430000000,0.025
1722762026440000000,0.037
1722762026450000000,0.020
1722762026460000000,-0.158
1722762026470000000,-0.002
1722762026480000000,-0.026
1722762026490000000,0.034
1722762026500000000,-0.018
1722762026510000000,-0.054
1722762026520000000,-0.018
1722762026530000000,-0.065
1722762026540000000,0.039
1722762026550000000,-0.111
1722762026560000000,-0.049
1722762026570000000,-0.057
1722762026580000000,-0.000
1722762026590000000,0.074
1722762026600000000,-0.066
1722762026610000000,-0.017
1722762026620000000,-0.094
1722762026630000000,0.056
1722762026640000000,0.028
1722762026650000000,0.002
1722762026660000000,0.059
1722762026670000000,0.048
1722762026680000000,-0.034
1722762026690000000,-0.026
1722762026700000000,0.098
1722762026710000000,0.075
1722762026720000000,-0.148
1722762026730000000,0.025
1722762026740000000,0.069
1722762026750000000,-0.024
1722762026760000000,0.021
1722762026770000000,0.013
1722762026780000000,0.025
1722762026790000000,-0.131
1722762026800000000,0.052
1722762026810000000,-0.068
1722762026820000000,0.027
1722762026830000000,0.033
1722762026840000000,0.009
1722762026850000000,0.078
1722762026860000000,0.066
1722762026870000000,0.056
1722762026880000000,-0.082
1722762026890000000,-0.029
1722762026900000000,-0.141
1722762026910000000,0.024
1722762026920000000,0.162
1722762026930000000,0.055
1722762026940000000,-0.062
1722762026950000000,0.082
1722762026960000000,-0.101
1722762026970000000,0.049
1722762026980000000,-0.095
1722762026990000000,-0.069
1722762027000000000,-0.106
1722762027010000000,-0.032
1722762027020000000,0.008
1722762027030000000,-0.024
1722762027040000000,-0.041
1722762027050000000,-0.020
1722762027060000000,-0.108
1722762027070000000,0.137
1722762027080000000,0.053
1722762027090000000,-0.146
1722762027100000000,-0.017
1722762027110000000,-0.114
1722762027120000000,-0.097
1722762027130000000,-0.136
1722762027140000000,-0.108
1722762027150000000,-0.186
1722762027160000000,0.097
1722762027170000000,-0.156
1722762027180000000,-0.063
1722762027190000000,-0.045
1722762027200000000,0.028
1722762027210000000,-0.069
1722762027220000000,-0.020
1722762027230000000,0.010
1722762027240000000,-0.022
1722762027250000000,0.072
1722762027260000000,0.003
1722762027270000000,0.010
1722762027280000000,0.169
1722762027290000000,-0.019
1722762027300000000,-0.010
1722762027310000000,0.018
1722762027320000000,0.021
1722762027330000000,0.022
1722762027340000000,-0.041
1722762027350000000,-0.015
1722762027360000000,-0.006
1722762027370000000,0.012
1722762027380000000,0.050
1722762027390000000,0.018
1722762027400000000,-0.032
1722762027410000000,-0.033
1722762027420000000,0.135
1722762027430000000,0.016
1722762027440000000,0.049
1722762027450000000,0.060
1722762027460000000,-0.024
1722762027470000000,-0.021
1722762027480000000,0.059
1722762027490000000,-0.021
1722762027500000000,-0.020
1722762027510000000,0.061
1722762027520000000,0.025
1722762027530000000,-0.001
1722762027540000000,0.006
1722762027550000000,0.054
1722762027560000000,0.078
1722762027570000000,-0.035
1722762027580000000,-0.164
1722762027590000000,-0.160
1722762027600000000,0.026
1722762027610000000,0.045
1722762027620000000,0.035
1722762027630000000,0.108
1722762027640000000,0.009
1722762027650000000,0.005
1722762027660000000,-0.032
1722762027670000000,0.070
1722762027680000000,0.100
1722762027690000000,-0.159
1722762027700000000,-0.019
1722762027710000000,-0.125
1722762027720000000,0.038
1722762027730000000,0.015
1722762027740000000,-0.030
1722762027750000000,0.113
1722762027760000000,0.107
1722762027770000000,0.026
1722762027780000000,0.009
1722762027790000000,0.042
1722762027800000000,0.123
1722762027810000000,-0.030
1722762027820000000,-0.066
1722762027830000000,-0.029
1722762027840000000,0.067
1722762027850000000,0.039
1722762027860000000,0.126
1722762027870000000,0.087
1722762027880000000,0.038
1722762027890000000,-0.064
1722762027900000000,0.038
1722762027910000000,-0.074
1722762027920000000,0.078
1722762027930000000,-0.085
1722762027940000000,-0.002
1722762027950000000,0.022
1722762027960000000,-0.036
1722762027970000000,0.084
1722762027980000000,-0.093
1722762027990000000,0.064
1722762028000000000,-0.015
1722762028010000000,-0.032
1722762028020000000,0.039
1722762028030000000,-0.024
1722762028040000000,-0.019
1722762028050000000,0.022
1722762028060000000,0.001
1722762028070000000,-0.027
1722762028080000000,0.003
1722762028090000000,0.092
1722762028100000000,0.020
1722762028110000000,-0.033
1722762028120000000,-0.013
1722762028130000000,0.035
1722762028140000000,0.017
1722762028150000000,-0.070
1722762028160000000,-0.022
1722762028170000000,0.038
1722762028180000000,-0.012
1722762028190000000,-0.049
1722762028200000000,0.044
1722762028210000000,0.016
1722762028220000000,0.048
1722762028230000000,0.005
1722762028240000000,0.002
1722762028250000000,-0.066
1722762028260000000,0.002
1722762028270000000,0.001
1722762028280000000,0.003
1722762028290000000,-0.068
1722762028300000000,-0.048
1722762028310000000,0.040
1722762028320000000,-0.010
1722762028330000000,-0.023
1722762028340000000,-0.057
1722762028350000000,-0.003
1722762028360000000,0.000
1722762028370000000,0.003
1722762028380000000,-0.048
1722762028390000000,0.014
1722762028400000000,-0.088
1722762028410000000,0.031
1722762028420000000,-0.047
1722762028430000000,0.057
1722762028440000000,-0.019
1722762028450000000,0.056
1722762028460000000,-0.001
1722762028470000000,0.008
1722762028480000000,-0.011
1722762028490000000,0.011
1722762028500000000,0.099
1722762028510000000,-0.011
1722762028520000000,0.048
1722762028530000000,-0.016
1722762028540000000,0.050
1722762028550000000,0.012
1722762028560000000,-0.013
1722762028570000000,-0.008
1722762028580000000,0.023
1722762028590000000,0.010
1722762028600000000,0.036
1722762028610000000,0.034
1722762028620000000,0.024
1722762028630000000,0.030
1722762028640000000,-0.016
1722762028650000000,0.063
1722762028660000000,-0.013
1722762028670000000,-0.003
1722762028680000000,0.036
1722762028690000000,0.030
1722762028700000000,-0.029
1722762028710000000,0.002
1722762028720000000,-0.068
1722762028730000000,-0.028
1722762028740000000,-0.007
1722762028750000000,-0.003
1722762028760000000,-0.049
1722762028770000000,-0.010
1722762028780000000,0.002
1722762028790000000,0.007
1722762028800000000,0.002
1722762028810000000,-0.032
1722762028820000000,0.030
1722762028830000000,0.000
1722762028840000000,0.018
1722762028850000000,-0.029
1722762028860000000,-0.038
1722762028870000000,0.044
1722762028880000000,-0.020
1722762028890000000,0.019
1722762028900000000,0.004
1722762028910000000,-0.050
1722762028920000000,0.039
1722762028930000000,0.005
1722762028940000000,0.022
1722762028950000000,0.065
1722762028960000000,-0.040
1722762028970000000,-0.010
1722762028980000000,0.015
1722762028990000000,0.039
1722762029000000000,0.026
1722762029010000000,-0.037
1722762029020000000,0.002
1722762029030000000,0.052
1722762029040000000,-0.039
1722762029050000000,-0.007
1722762029060000000,0.045
1722762029070000000,-0.022
1722762029080000000,-0.042
1722762029090000000,0.037
1722762029100000000,-0.017
1722762029110000000,0.030
1722762029120000000,0.008
1722762029130000000,-0.014
1722762029140000000,0.006
1722762029150000000,0.028
1722762029160000000,-0.007
1722762029170000000,0.007
1722762029180000000,0.013
1722762029190000000,0.035
1722762029200000000,-0.001
1722762029210000000,-0.005
1722762029220000000,-0.030
1722762029230000000,0.013
1722762029240000000,0.035
1722762029250000000,-0.067
1722762029260000000,0.006
1722762029270000000,-0.019
1722762029280000000,0.018
1722762029290000000,0.009
1722762029300000000,-0.020
1722762029310000000,0.051
1722762029320000000,0.031
1722762029330000000,0.031
1722762029340000000,0.095
1722762029350000000,-0.006
1722762029360000000,-0.025
1722762029370000000,-0.003
1722762029380000000,-0.015
1722762029390000000,-0.054
1722762029400000000,-0.007
1722762029410000000,-0.020
1722762029420000000,0.005
1722762029430000000,0.015
1722762029440000000,-0.019
1722762029450000000,-0.007
1722762029460000000,0.018
1722762029470000000,-0.023
1722762029480000000,-0.061
1722762029490000000,-0.001
1722762029500000000,-0.023
1722762029510000000,0.030
1722762029520000000,-0.083
1722762029530000000,0.004
1722762029540000000,-0.038
1722762029550000000,0.022
1722762029560000000,-0.024
1722762029570000000,-0.030
1722762029580000000,0.042
1722762029590000000,0.016
1722762029600000000,-0.089
1722762029610000000,-0.026
1722762029620000000,0.010
1722762029630000000,-0.011
1722762029640000000,0.013
1722762029650000000,-0.010
1722762029660000000,0.005
1722762029670000000,0.006
1722762029680000000,-0.000
1722762029690000000,-0.017
1722762029700000000,0.008
1722762029710000000,-0.028
1722762029720000000,-0.028
1722762029730000000,0.000
1722762029740000000,-0.024
1722762029750000000,0.019
1722762029760000000,0.035
1722762029770000000,-0.002
1722762029780000000,-0.089
1722762029790000000,-0.039
1722762029800000000,0.063
1722762029810000000,0.011
1722762029820000000,0.002
1722762029830000000,-0.079
1722762029840000000,-0.017
1722762029850000000,-0.044
1722762029860000000,-0.048
1722762029870000000,0.014
1722762029880000000,-0.031
1722762029890000000,-0.018
1722762029900000000,0.027
1722762029910000000,-0.010
1722762029920000000,-0.022
1722762029930000000,-0.032
1722762029940000000,-0.020
1722762029950000000,0.025
1722762029960000000,-0.027
1722762029970000000,-0.026
1722762029980000000,0.071
1722762029990000000,0.045
