timestamp_ns,value_K
1720688400000000000,300.00
1720688400010000000,299.61
1720688400020000000,300.09
1720688400030000000,299.56
1720688400040000000,299.29
1720688400050000000,300.86
1720688400060000000,299.93
1720688400070000000,300.29
1720688400080000000,299.99
1720688400090000000,299.95
1720688400100000000,299.83
1720688400110000000,299.79
1720688400120000000,300.95
1720688400130000000,299.31
1720688400140000000,299.45
1720688400150000000,299.81
1720688400160000000,299.83
1720688400170000000,300.92
1720688400180000000,299.85
1720688400190000000,299.56
1720688400200000000,300.12
1720688400210000000,299.81
1720688400220000000,299.79
1720688400230000000,299.94
1720688400240000000,299.51
1720688400250000000,300.39
1720688400260000000,300.17
1720688400270000000,300.48
1720688400280000000,298.72
1720688400290000000,299.64
1720688400300000000,300.75
1720688400310000000,299.29
1720688400320000000,300.58
1720688400330000000,299.79
1720688400340000000,299.72
1720688400350000000,300.20
1720688400360000000,300.39
1720688400370000000,300.32
1720688400380000000,300.41
1720688400390000000,301.17
1720688400400000000,298.55
1720688400410000000,299.93
1720688400420000000,298.88
1720688400430000000,300.95
1720688400440000000,301.16
1720688400450000000,300.09
1720688400460000000,300.10
1720688400470000000,300.17
1720688400480000000,299.79
1720688400490000000,300.58
1720688400500000000,299.62
1720688400510000000,299.30
1720688400520000000,300.11
1720688400530000000,299.77
1720688400540000000,299.83
1720688400550000000,299.91
1720688400560000000,300.72
1720688400570000000,300.39
1720688400580000000,299.12
1720688400590000000,300.00
1720688400600000000,300.04
1720688400610000000,299.48
1720688400620000000,299.20
1720688400630000000,300.26
1720688400640000000,299.76
1720688400650000000,300.22
1720688400660000000,300.01
1720688400670000000,299.70
1720688400680000000,300.56
1720688400690000000,299.83
1720688400700000000,300.00
1720688400710000000,299.17
1720688400720000000,300.03
1720688400730000000,300.02
1720688400740000000,300.06
1720688400750000000,300.24
1720688400760000000,300.31
1720688400770000000,299.92
1720688400780000000,301.25
1720688400790000000,299.58
1720688400800000000,300.20
1720688400810000000,300.53
1720688400820000000,299.70
1720688400830000000,300.04
1720688400840000000,300.40
1720688400850000000,299.45
1720688400860000000,300.44
1720688400870000000,299.54
1720688400880000000,299.76
1720688400890000000,300.04
1720688400900000000,299.18
1720688400910000000,299.12
1720688400920000000,299.76
1720688400930000000,300.20
1720688400940000000,299.65
1720688400950000000,300.97
1720688400960000000,300.58
1720688400970000000,299.33
1720688400980000000,300.30
1720688400990000000,299.90
1720688401000000000,300.35
1720688401010000000,300.23
1720688401020000000,300.13
1720688401030000000,300.86
1720688401040000000,300.13
1720688401050000000,299.62
1720688401060000000,300.62
1720688401070000000,301.00
1720688401080000000,299.16
1720688401090000000,299.49
1720688401100000000,300.00
1720688401110000000,301.22
1720688401120000000,300.47
1720688401130000000,300.04
1720688401140000000,299.22
1720688401150000000,299.93
1720688401160000000,300.01
1720688401170000000,300.53
1720688401180000000,299.58
1720688401190000000,300.00
1720688401200000000,299.60
1720688401210000000,299.40
1720688401220000000,300.65
1720688401230000000,299.75
1720688401240000000,300.12
1720688401250000000,299.87
1720688401260000000,300.03
1720688401270000000,300.09
1720688401280000000,299.31
1720688401290000000,300.21
1720688401300000000,299.04
1720688401310000000,300.84
1720688401320000000,299.11
1720688401330000000,301.26
1720688401340000000,299.94
1720688401350000000,300.39
1720688401360000000,300.86
1720688401370000000,299.56
1720688401380000000,299.90
1720688401390000000,301.12
1720688401400000000,300.19
1720688401410000000,299.97
1720688401420000000,300.40
1720688401430000000,299.54
1720688401440000000,299.62
1720688401450000000,300.52
1720688401460000000,300.38
1720688401470000000,300.46
1720688401480000000,299.93
1720688401490000000,299.89
1720688401500000000,300.39
1720688401510000000,300.81
1720688401520000000,299.50
1720688401530000000,300.01
1720688401540000000,299.74
1720688401550000000,299.61
1720688401560000000,299.41
1720688401570000000,300.30
1720688401580000000,299.72
1720688401590000000,300.00
1720688401600000000,299.66
1720688401610000000,300.43
1720688401620000000,300.29
1720688401630000000,299.58
1720688401640000000,299.85
1720688401650000000,299.54
1720688401660000000,299.91
1720688401670000000,300.66
1720688401680000000,300.30
1720688401690000000,300.86
1720688401700000000,299.58
1720688401710000000,298.78
1720688401720000000,300.24
1720688401730000000,299.59
1720688401740000000,300.51
1720688401750000000,300.05
1720688401760000000,300.38
1720688401770000000,300.44
1720688401780000000,300.11
1720688401790000000,301.17
1720688401800000000,299.56
1720688401810000000,299.91
1720688401820000000,299.84
1720688401830000000,299.74
1720688401840000000,300.64
1720688401850000000,300.12
1720688401860000000,300.10
1720688401870000000,300.05
1720688401880000000,300.09
1720688401890000000,299.88
1720688401900000000,301.33
1720688401910000000,299.45
1720688401920000000,299.01
1720688401930000000,300.23
1720688401940000000,300.50
1720688401950000000,299.45
1720688401960000000,299.76
1720688401970000000,300.00
1720688401980000000,301.14
1720688401990000000,300.13
1720688402000000000,298.78
1720688402009999999,299.64
1720688402020000000,298.61
1720688402029999999,298.14
1720688402040000000,298.01
1720688402049999999,295.36
1720688402060000000,295.08
1720688402069999999,294.91
1720688402080000000,296.13
1720688402089999999,296.10
1720688402100000000,294.41
1720688402109999999,295.29
1720688402120000000,292.04
1720688402130000000,291.43
1720688402140000000,293.14
1720688402150000000,288.15
1720688402160000000,291.57
1720688402170000000,290.05
1720688402180000000,290.45
1720688402190000000,288.27
1720688402200000000,288.83
1720688402210000000,286.97
1720688402220000000,287.27
1720688402230000000,287.33
1720688402240000000,288.23
1720688402250000000,286.56
1720688402260000000,286.27
1720688402270000000,284.99
1720688402280000000,285.41
1720688402290000000,282.82
1720688402300000000,282.96
1720688402310000000,282.85
1720688402320000000,283.57
1720688402330000000,282.83
1720688402340000000,283.79
1720688402350000000,279.47
1720688402360000000,280.96
1720688402370000000,278.84
1720688402380000000,279.08
1720688402390000000,280.09
1720688402400000000,278.76
1720688402410000000,276.40
1720688402420000000,276.95
1720688402430000000,276.08
1720688402440000000,276.96
1720688402450000000,274.59
1720688402460000000,275.27
1720688402470000000,273.16
1720688402480000000,275.24
1720688402490000000,272.37
1720688402500000000,272.17
1720688402510000000,272.64
1720688402520000000,272.20
1720688402530000000,271.24
1720688402540000000,271.39
1720688402550000000,268.93
1720688402560000000,270.17
1720688402570000000,269.78
1720688402580000000,267.67
1720688402590000000,266.00
1720688402600000000,266.96
1720688402610000000,266.76
1720688402620000000,265.93
1720688402630000000,262.34
1720688402640000000,262.99
1720688402650000000,264.68
1720688402660000000,262.84
1720688402670000000,263.18
1720688402680000000,263.13
1720688402690000000,260.89
1720688402700000000,262.29
1720688402710000000,261.51
1720688402720000000,259.73
1720688402730000000,263.05
1720688402740000000,259.45
1720688402750000000,258.88
1720688402760000000,258.34
1720688402770000000,255.80
1720688402780000000,256.87
1720688402790000000,255.28
1720688402800000000,255.54
1720688402810000000,255.95
1720688402820000000,252.77
1720688402830000000,252.52
1720688402840000000,253.67
1720688402850000000,253.65
1720688402860000000,252.90
1720688402870000000,253.00
1720688402880000000,251.11
1720688402890000000,249.62
1720688402900000000,253.67
1720688402910000000,248.12
1720688402920000000,246.85
1720688402930000000,248.20
1720688402940000000,248.66
1720688402950000000,244.00
1720688402960000000,246.55
1720688402970000000,244.23
1720688402980000000,247.34
1720688402990000000,245.88
1720688403000000000,238.07
1720688403010000000,240.08
1720688403020000000,241.09
1720688403030000000,239.33
1720688403040000000,238.73
1720688403050000000,238.73
1720688403060000000,239.79
1720688403070000000,238.86
1720688403080000000,239.93
1720688403090000000,238.01
1720688403100000000,236.15
1720688403110000000,239.19
1720688403120000000,238.95
1720688403130000000,236.93
1720688403140000000,235.83
1720688403150000000,236.98
1720688403160000000,236.62
1720688403170000000,238.53
1720688403180000000,238.32
1720688403190000000,241.07
1720688403200000000,236.56
1720688403210000000,237.81
1720688403220000000,239.55
1720688403230000000,235.94
1720688403240000000,237.32
1720688403250000000,237.47
1720688403260000000,237.56
1720688403270000000,237.21
1720688403280000000,239.63
1720688403290000000,236.11
1720688403300000000,238.40
1720688403310000000,236.23
1720688403320000000,237.49
1720688403330000000,237.52
1720688403340000000,234.57
1720688403350000000,236.77
1720688403360000000,234.55
1720688403370000000,238.61
1720688403380000000,236.00
1720688403390000000,233.72
1720688403400000000,235.75
1720688403410000000,236.45
1720688403420000000,236.69
1720688403430000000,235.17
1720688403440000000,236.30
1720688403450000000,237.25
1720688403460000000,234.73
1720688403470000000,235.48
1720688403480000000,236.05
1720688403490000000,236.14
1720688403500000000,235.71
1720688403510000000,235.64
1720688403520000000,236.88
1720688403530000000,235.13
1720688403540000000,233.29
1720688403550000000,232.93
1720688403560000000,234.86
1720688403570000000,234.24
1720688403580000000,234.51
1720688403590000000,233.13
1720688403600000000,234.67
1720688403610000000,234.79
1720688403620000000,233.61
1720688403630000000,233.82
1720688403640000000,231.89
1720688403650000000,234.84
1720688403660000000,233.47
1720688403670000000,232.34
1720688403680000000,231.27
1720688403690000000,231.93
1720688403700000000,231.85
1720688403710000000,233.22
1720688403720000000,232.46
1720688403730000000,233.90
1720688403740000000,234.29
1720688403750000000,231.52
1720688403760000000,232.38
1720688403770000000,233.00
1720688403780000000,230.77
1720688403790000000,230.26
1720688403800000000,230.48
1720688403810000000,231.12
1720688403820000000,231.25
1720688403830000000,229.74
1720688403840000000,229.91
1720688403850000000,229.31
1720688403860000000,230.48
1720688403870000000,227.95
1720688403880000000,229.66
1720688403890000000,227.27
1720688403900000000,228.20
1720688403910000000,229.24
1720688403920000000,227.69
1720688403930000000,229.05
1720688403940000000,227.67
1720688403950000000,229.13
1720688403960000000,231.00
1720688403970000000,228.91
1720688403980000000,227.74
1720688403990000000,226.31
1720688404000000000,227.00
1720688404010000000,226.80
1720688404019999999,226.58
1720688404030000000,227.26
1720688404040000000,226.82
1720688404050000000,227.09
1720688404059999999,225.39
1720688404070000000,225.37
1720688404080000000,225.63
1720688404090000000,223.09
1720688404099999999,224.70
1720688404110000000,225.57
1720688404120000000,224.41
1720688404130000000,223.59
1720688404139999999,225.07
1720688404150000000,222.84
1720688404160000000,223.50
1720688404170000000,225.23
1720688404179999999,225.23
1720688404190000000,224.29
1720688404200000000,221.87
1720688404210000000,223.85
1720688404219999999,222.05
1720688404230000000,222.07
1720688404240000000,222.09
1720688404250000000,220.96
1720688404260000000,222.52
1720688404269999999,219.91
1720688404280000000,218.67
1720688404290000000,221.82
1720688404300000000,220.08
1720688404310000000,221.36
1720688404320000000,221.36
1720688404330000000,220.39
1720688404340000000,219.60
1720688404350000000,222.09
1720688404360000000,218.91
1720688404370000000,218.96
1720688404380000000,218.76
1720688404390000000,218.02
1720688404400000000,218.20
1720688404410000000,216.53
1720688404420000000,215.20
1720688404430000000,217.79
1720688404440000000,217.12
1720688404450000000,216.72
1720688404460000000,214.89
1720688404470000000,215.60
1720688404480000000,217.52
1720688404490000000,213.36
1720688404500000000,212.65
1720688404510000000,212.44
1720688404520000000,215.21
1720688404530000000,214.72
1720688404540000000,214.04
1720688404550000000,210.98
1720688404560000000,212.07
1720688404570000000,210.86
1720688404580000000,212.39
1720688404590000000,210.60
1720688404600000000,213.24
1720688404610000000,209.07
1720688404620000000,208.73
1720688404630000000,211.72
1720688404640000000,207.81
1720688404650000000,210.46
1720688404660000000,209.79
1720688404670000000,208.60
1720688404680000000,208.74
1720688404690000000,207.81
1720688404700000000,208.52
1720688404710000000,207.68
1720688404720000000,206.39
1720688404730000000,207.18
1720688404740000000,209.25
1720688404750000000,203.98
1720688404760000000,205.06
1720688404770000000,204.46
1720688404780000000,206.56
1720688404790000000,205.42
1720688404800000000,203.76
1720688404810000000,203.00
1720688404820000000,202.85
1720688404830000000,202.19
1720688404840000000,204.94
1720688404850000000,202.69
1720688404860000000,203.94
1720688404870000000,203.18
1720688404880000000,199.52
1720688404890000000,202.86
1720688404900000000,200.66
1720688404910000000,200.07
1720688404920000000,199.82
1720688404930000000,200.89
1720688404940000000,198.44
1720688404950000000,197.18
1720688404960000000,197.15
1720688404970000000,197.54
1720688404980000000,197.36
1720688404990000000,198.39
1720688405000000000,196.54
1720688405010000000,195.64
1720688405020000000,196.32
1720688405030000000,197.67
1720688405040000000,196.66
1720688405050000000,196.00
1720688405060000000,193.02
1720688405070000000,192.38
1720688405080000000,192.05
1720688405090000000,192.34
1720688405100000000,192.10
1720688405110000000,192.13
1720688405120000000,190.85
1720688405130000000,192.54
1720688405140000000,189.02
1720688405150000000,188.52
1720688405160000000,189.68
1720688405170000000,188.59
1720688405180000000,188.86
1720688405190000000,188.03
1720688405200000000,187.49
1720688405210000000,187.32
1720688405220000000,186.06
1720688405230000000,186.71
1720688405240000000,187.11
1720688405250000000,185.58
1720688405260000000,187.27
1720688405270000000,184.53
1720688405280000000,185.61
1720688405290000000,184.54
1720688405300000000,184.15
1720688405310000000,183.16
1720688405320000000,183.86
1720688405330000000,182.32
1720688405340000000,181.81
1720688405350000000,180.26
1720688405360000000,180.82
1720688405370000000,181.52
1720688405380000000,182.16
1720688405390000000,180.25
1720688405400000000,181.75
1720688405410000000,178.79
1720688405420000000,178.50
1720688405430000000,179.12
1720688405440000000,176.17
1720688405450000000,177.97
1720688405460000000,177.60
1720688405470000000,176.61
1720688405480000000,176.96
1720688405490000000,175.47
1720688405500000000,175.67
1720688405510000000,176.19
1720688405520000000,173.11
1720688405530000000,174.13
1720688405540000000,172.46
1720688405550000000,171.76
1720688405560000000,173.50
1720688405570000000,174.51
1720688405580000000,170.33
1720688405590000000,171.12
1720688405600000000,171.97
1720688405610000000,169.38
1720688405620000000,170.82
1720688405630000000,169.23
1720688405640000000,170.25
1720688405650000000,166.87
1720688405660000000,170.31
1720688405670000000,168.57
1720688405680000000,167.56
1720688405690000000,169.67
1720688405700000000,168.54
1720688405710000000,164.52
1720688405720000000,165.32
1720688405730000000,167.86
1720688405740000000,165.59
1720688405750000000,165.78
1720688405760000000,161.72
1720688405770000000,164.43
1720688405780000000,163.09
1720688405790000000,162.77
1720688405800000000,161.89
1720688405810000000,160.38
1720688405820000000,160.63
1720688405830000000,160.81
1720688405840000000,161.78
1720688405850000000,160.37
1720688405860000000,161.49
1720688405870000000,157.05
1720688405880000000,160.32
1720688405890000000,158.20
1720688405900000000,156.36
1720688405910000000,157.63
1720688405920000000,154.28
1720688405930000000,158.16
1720688405940000000,158.70
1720688405950000000,159.33
1720688405960000000,155.86
1720688405970000000,157.04
1720688405980000000,155.11
1720688405990000000,155.82
1720688406000000000,155.64
1720688406010000000,153.57
1720688406020000000,151.49
1720688406030000000,154.21
1720688406040000000,153.09
1720688406050000000,152.98
1720688406060000000,153.63
1720688406070000000,152.67
1720688406080000000,152.33
1720688406090000000,152.64
1720688406100000000,149.96
1720688406110000000,151.14
1720688406120000000,149.16
1720688406130000000,150.14
1720688406140000000,151.14
1720688406150000000,148.81
1720688406160000000,148.99
1720688406170000000,149.54
1720688406180000000,150.36
1720688406190000000,151.11
1720688406200000000,148.22
1720688406210000000,147.90
1720688406220000000,145.77
1720688406230000000,148.53
1720688406240000000,147.83
1720688406250000000,147.09
1720688406260000000,145.88
1720688406270000000,144.80
1720688406280000000,148.21
1720688406290000000,145.01
1720688406300000000,143.32
1720688406310000000,144.54
1720688406320000000,144.97
1720688406330000000,143.72
1720688406340000000,145.50
1720688406350000000,143.01
1720688406360000000,142.57
1720688406370000000,141.40
1720688406380000000,143.68
1720688406390000000,143.75
1720688406400000000,141.69
1720688406410000000,142.33
1720688406420000000,141.94
1720688406430000000,139.32
1720688406440000000,141.01
1720688406450000000,139.87
1720688406460000000,138.82
1720688406470000000,141.28
1720688406480000000,141.24
1720688406490000000,140.28
1720688406500000000,140.47
1720688406510000000,139.39
1720688406520000000,139.29
1720688406530000000,137.48
1720688406540000000,135.67
1720688406550000000,138.28
1720688406560000000,138.50
1720688406570000000,135.79
1720688406580000000,134.99
1720688406590000000,137.09
1720688406600000000,136.53
1720688406610000000,135.16
1720688406620000000,136.06
1720688406630000000,137.00
1720688406640000000,133.97
1720688406650000000,133.36
1720688406660000000,134.30
1720688406670000000,134.93
1720688406680000000,134.46
1720688406690000000,134.53
1720688406700000000,138.12
1720688406710000000,136.69
1720688406720000000,133.29
1720688406730000000,133.73
1720688406740000000,131.77
1720688406750000000,131.32
1720688406760000000,132.89
1720688406770000000,133.61
1720688406780000000,130.48
1720688406790000000,132.48
1720688406800000000,130.71
1720688406810000000,133.98
1720688406820000000,131.78
1720688406830000000,131.78
1720688406840000000,130.73
1720688406850000000,131.53
1720688406860000000,131.37
1720688406870000000,129.51
1720688406880000000,130.72
1720688406890000000,132.08
1720688406900000000,130.00
1720688406910000000,128.93
1720688406920000000,130.43
1720688406930000000,130.04
1720688406940000000,130.68
1720688406950000000,128.95
1720688406960000000,128.32
1720688406970000000,127.11
1720688406980000000,128.94
1720688406990000000,129.59
1720688407000000000,129.83
1720688407010000000,129.31
1720688407020000000,127.27
1720688407030000000,127.09
1720688407040000000,127.95
1720688407050000000,130.41
1720688407060000000,127.38
1720688407070000000,128.21
1720688407080000000,125.61
1720688407090000000,127.40
1720688407100000000,126.22
1720688407110000000,126.00
1720688407120000000,128.30
1720688407130000000,127.69
1720688407140000000,124.27
1720688407150000000,124.70
1720688407160000000,126.72
1720688407170000000,125.02
1720688407180000000,127.11
1720688407190000000,124.92
1720688407200000000,125.72
1720688407210000000,123.98
1720688407220000000,125.13
1720688407230000000,127.05
1720688407240000000,125.88
1720688407250000000,125.52
1720688407260000000,127.70
1720688407270000000,125.23
1720688407280000000,125.69
1720688407290000000,123.87
1720688407300000000,123.94
1720688407310000000,125.60
1720688407320000000,122.60
1720688407330000000,125.73
1720688407340000000,124.02
1720688407350000000,124.28
1720688407360000000,125.28
1720688407370000000,124.77
1720688407380000000,122.91
1720688407390000000,121.96
1720688407400000000,123.79
1720688407410000000,122.37
1720688407420000000,124.71
1720688407430000000,123.35
1720688407440000000,121.87
1720688407450000000,123.92
1720688407460000000,122.46
1720688407470000000,121.72
1720688407480000000,120.45
1720688407490000000,122.73
1720688407500000000,122.29
1720688407510000000,121.61
1720688407520000000,122.31
1720688407530000000,121.77
1720688407540000000,119.22
1720688407550000000,121.43
1720688407560000000,124.68
1720688407570000000,123.43
1720688407580000000,121.49
1720688407590000000,123.78
1720688407600000000,122.08
1720688407610000000,120.61
1720688407620000000,120.45
1720688407630000000,120.68
1720688407640000000,121.74
1720688407650000000,122.90
1720688407660000000,120.14
1720688407670000000,120.25
1720688407680000000,121.26
1720688407690000000,120.88
1720688407700000000,121.07
1720688407710000000,121.83
1720688407720000000,123.55
1720688407730000000,122.28
1720688407740000000,121.55
1720688407750000000,120.50
1720688407760000000,119.95
1720688407770000000,119.74
1720688407780000000,121.16
1720688407790000000,120.66
1720688407800000000,119.61
1720688407810000000,120.35
1720688407820000000,119.33
1720688407830000000,120.54
1720688407840000000,119.24
1720688407850000000,121.57
1720688407860000000,120.13
1720688407870000000,119.45
1720688407880000000,120.05
1720688407890000000,120.34
1720688407900000000,118.47
1720688407910000000,118.81
1720688407920000000,120.04
1720688407930000000,122.27
1720688407940000000,119.99
1720688407950000000,117.58
1720688407960000000,120.47
1720688407970000000,119.49
1720688407980000000,116.85
1720688407990000000,118.30
1720688408000000000,118.05
1720688408010000000,122.12
1720688408020000000,118.77
1720688408029999999,120.46
1720688408039999999,118.27
1720688408050000000,119.46
1720688408060000000,118.79
1720688408070000000,118.59
1720688408080000000,118.12
1720688408090000000,118.76
1720688408100000000,116.82
1720688408109999999,119.52
1720688408119999999,119.84
1720688408130000000,117.80
1720688408140000000,118.46
1720688408150000000,117.60
1720688408160000000,120.19
1720688408170000000,117.72
1720688408180000000,118.20
1720688408189999999,119.45
1720688408199999999,118.42
1720688408210000000,118.82
1720688408220000000,118.06
1720688408230000000,116.95
1720688408240000000,116.66
1720688408250000000,116.97
1720688408260000000,117.46
1720688408270000000,118.36
1720688408279999999,116.21
1720688408289999999,119.69
1720688408300000000,117.38
1720688408310000000,117.47
1720688408320000000,115.71
1720688408330000000,118.18
1720688408340000000,117.44
1720688408350000000,115.80
1720688408359999999,117.28
1720688408369999999,117.79
1720688408380000000,116.90
1720688408390000000,117.15
1720688408400000000,117.43
1720688408410000000,115.43
1720688408420000000,114.94
1720688408430000000,117.97
1720688408439999999,116.94
1720688408449999999,116.69
1720688408460000000,118.96
1720688408470000000,115.69
1720688408480000000,118.25
1720688408490000000,117.18
1720688408500000000,116.96
1720688408510000000,117.60
1720688408520000000,115.83
1720688408529999999,115.67
1720688408539999999,115.74
1720688408550000000,116.71
1720688408560000000,117.81
1720688408570000000,115.01
1720688408580000000,115.24
1720688408590000000,116.56
1720688408600000000,115.42
1720688408610000000,115.82
1720688408620000000,116.36
1720688408630000000,117.46
1720688408640000000,116.66
1720688408650000000,116.01
1720688408660000000,116.91
1720688408670000000,114.51
1720688408680000000,115.92
1720688408690000000,115.08
1720688408700000000,118.76
1720688408710000000,115.36
1720688408720000000,117.52
1720688408730000000,114.41
1720688408740000000,118.58
1720688408750000000,117.21
1720688408760000000,115.39
1720688408770000000,115.82
1720688408780000000,117.73
1720688408790000000,114.83
1720688408800000000,117.27
1720688408810000000,115.96
1720688408820000000,117.12
1720688408830000000,116.67
1720688408840000000,116.71
1720688408850000000,114.77
1720688408860000000,116.61
1720688408870000000,117.38
1720688408880000000,116.34
1720688408890000000,117.64
1720688408900000000,118.06
1720688408910000000,115.19
1720688408920000000,116.83
1720688408930000000,115.91
1720688408940000000,117.99
1720688408950000000,117.02
1720688408960000000,119.35
1720688408970000000,116.32
1720688408980000000,117.84
1720688408990000000,116.85
1720688409000000000,114.51
1720688409010000000,115.66
1720688409020000000,114.21
1720688409030000000,112.91
1720688409040000000,113.85
1720688409050000000,115.88
1720688409060000000,115.75
1720688409070000000,112.56
1720688409080000000,114.84
1720688409090000000,114.90
1720688409100000000,114.75
1720688409110000000,114.42
1720688409120000000,114.64
1720688409130000000,113.73
1720688409140000000,116.41
1720688409150000000,116.46
1720688409160000000,116.18
1720688409170000000,115.49
1720688409180000000,115.85
1720688409190000000,114.87
1720688409200000000,116.11
1720688409210000000,114.46
1720688409220000000,117.63
1720688409230000000,115.75
1720688409240000000,113.09
1720688409250000000,115.29
1720688409260000000,116.25
1720688409270000000,113.82
1720688409280000000,113.30
1720688409290000000,115.28
1720688409300000000,114.59
1720688409310000000,115.07
1720688409320000000,117.32
1720688409330000000,114.42
1720688409340000000,117.14
1720688409350000000,115.37
1720688409360000000,116.10
1720688409370000000,113.44
1720688409380000000,115.11
1720688409390000000,115.93
1720688409400000000,116.28
1720688409410000000,114.27
1720688409420000000,116.11
1720688409430000000,116.18
1720688409440000000,114.76
1720688409450000000,114.88
1720688409460000000,113.72
1720688409470000000,115.88
1720688409480000000,114.85
1720688409490000000,115.71
1720688409500000000,116.83
1720688409510000000,113.80
1720688409520000000,115.74
1720688409530000000,112.22
1720688409540000000,115.43
1720688409550000000,115.87
1720688409560000000,116.72
1720688409570000000,114.90
1720688409580000000,115.40
1720688409590000000,112.89
1720688409600000000,114.45
1720688409610000000,114.01
1720688409620000000,117.40
1720688409630000000,112.88
1720688409640000000,115.26
1720688409650000000,114.40
1720688409660000000,115.05
1720688409670000000,113.89
1720688409680000000,114.77
1720688409690000000,115.28
1720688409700000000,116.49
1720688409710000000,115.04
1720688409720000000,116.47
1720688409730000000,114.25
1720688409740000000,114.31
1720688409750000000,113.46
1720688409760000000,114.28
1720688409770000000,114.74
1720688409780000000,115.99
1720688409790000000,112.87
1720688409800000000,114.43
1720688409810000000,115.47
1720688409820000000,114.45
1720688409830000000,114.46
1720688409840000000,115.05
1720688409850000000,112.60
1720688409860000000,115.60
1720688409870000000,112.93
1720688409880000000,116.96
1720688409890000000,114.46
1720688409900000000,114.54
1720688409910000000,114.41
1720688409920000000,113.75
1720688409930000000,114.53
1720688409940000000,115.22
1720688409950000000,114.62
1720688409960000000,117.17
1720688409970000000,113.14
1720688409980000000,114.31
1720688409990000000,112.80
1720688410000000000,115.23
1720688410010000000,113.86
1720688410020000000,113.95
1720688410030000000,114.44
1720688410040000000,114.35
1720688410050000000,114.51
1720688410060000000,115.47
1720688410070000000,115.12
1720688410080000000,114.53
1720688410090000000,116.33
1720688410100000000,115.37
1720688410110000000,115.71
1720688410120000000,114.92
1720688410130000000,113.69
1720688410140000000,113.53
1720688410150000000,117.46
1720688410160000000,114.61
1720688410170000000,114.76
1720688410180000000,115.75
1720688410190000000,115.04
1720688410200000000,115.03
1720688410210000000,115.65
1720688410220000000,114.71
1720688410230000000,114.92
1720688410240000000,112.73
1720688410250000000,113.71
1720688410260000000,115.54
1720688410270000000,112.77
1720688410280000000,115.24
1720688410290000000,115.96
1720688410300000000,113.74
1720688410310000000,115.08
1720688410320000000,114.49
1720688410330000000,114.55
1720688410340000000,113.38
1720688410350000000,116.26
1720688410360000000,113.49
1720688410370000000,117.24
1720688410380000000,115.86
1720688410390000000,113.81
1720688410400000000,115.86
1720688410410000000,115.21
1720688410420000000,115.69
1720688410430000000,113.14
1720688410440000000,112.82
1720688410450000000,115.62
1720688410460000000,114.66
1720688410470000000,114.26
1720688410480000000,114.34
1720688410490000000,114.82
1720688410500000000,115.75
1720688410510000000,116.72
1720688410520000000,116.84
1720688410530000000,115.76
1720688410540000000,114.90
1720688410550000000,114.34
1720688410560000000,113.23
1720688410570000000,114.27
1720688410580000000,117.11
1720688410590000000,116.34
1720688410600000000,117.02
1720688410610000000,116.18
1720688410620000000,113.89
1720688410630000000,113.43
1720688410640000000,113.82
1720688410650000000,115.98
1720688410660000000,116.78
1720688410670000000,116.25
1720688410680000000,115.78
1720688410690000000,114.75
1720688410700000000,116.70
1720688410710000000,117.53
1720688410720000000,115.18
1720688410730000000,113.80
1720688410740000000,115.03
1720688410750000000,116.54
1720688410760000000,114.22
1720688410770000000,113.75
1720688410780000000,116.72
1720688410790000000,116.02
1720688410800000000,113.32
1720688410810000000,115.43
1720688410820000000,118.37
1720688410830000000,116.68
1720688410840000000,116.43
1720688410850000000,113.73
1720688410860000000,115.56
1720688410870000000,114.19
1720688410880000000,115.89
1720688410890000000,113.17
1720688410900000000,116.16
1720688410910000000,114.13
1720688410920000000,115.05
1720688410930000000,117.70
1720688410940000000,113.37
1720688410950000000,115.82
1720688410960000000,117.22
1720688410970000000,116.21
1720688410980000000,114.09
1720688410990000000,114.91
1720688411000000000,117.05
1720688411010000000,114.26
1720688411020000000,112.16
1720688411030000000,115.39
1720688411040000000,114.49
1720688411050000000,113.87
1720688411060000000,115.29
1720688411070000000,115.69
1720688411080000000,114.92
1720688411090000000,115.14
1720688411100000000,112.29
1720688411110000000,114.68
1720688411120000000,113.99
1720688411130000000,116.23
1720688411140000000,113.12
1720688411150000000,113.98
1720688411160000000,114.79
1720688411170000000,113.84
1720688411180000000,115.02
1720688411190000000,115.06
1720688411200000000,115.35
1720688411210000000,115.89
1720688411220000000,116.67
1720688411230000000,115.01
1720688411240000000,114.05
1720688411250000000,113.93
1720688411260000000,115.02
1720688411270000000,113.40
1720688411280000000,116.66
1720688411290000000,115.06
1720688411300000000,113.86
1720688411310000000,113.34
1720688411320000000,113.63
1720688411330000000,115.17
1720688411340000000,115.37
1720688411350000000,115.45
1720688411360000000,114.65
1720688411370000000,113.97
1720688411380000000,115.27
1720688411390000000,114.26
1720688411400000000,115.11
1720688411410000000,115.64
1720688411420000000,115.00
1720688411430000000,113.84
1720688411440000000,116.33
1720688411450000000,113.35
1720688411460000000,115.96
1720688411470000000,115.72
1720688411480000000,116.77
1720688411490000000,115.96
1720688411500000000,114.98
1720688411510000000,117.59
1720688411520000000,113.67
1720688411530000000,115.06
1720688411540000000,117.90
1720688411550000000,115.30
1720688411560000000,115.22
1720688411570000000,113.78
1720688411580000000,114.81
1720688411590000000,114.35
1720688411600000000,116.03
1720688411610000000,114.78
1720688411620000000,113.84
1720688411630000000,114.17
1720688411640000000,116.77
1720688411650000000,115.81
1720688411660000000,111.95
1720688411670000000,112.39
1720688411680000000,115.93
1720688411690000000,115.19
1720688411700000000,116.02
1720688411710000000,113.02
1720688411720000000,115.82
1720688411730000000,115.79
1720688411740000000,113.75
1720688411750000000,115.09
1720688411760000000,116.65
1720688411770000000,114.16
1720688411780000000,115.71
1720688411790000000,114.07
1720688411800000000,115.25
1720688411810000000,115.38
1720688411820000000,116.62
1720688411830000000,114.27
1720688411840000000,115.14
1720688411850000000,114.34
1720688411860000000,116.25
1720688411870000000,115.34
1720688411880000000,115.56
1720688411890000000,116.49
1720688411900000000,115.04
1720688411910000000,115.32
1720688411920000000,117.43
1720688411930000000,117.61
1720688411940000000,114.24
1720688411950000000,114.09
1720688411960000000,114.97
1720688411970000000,115.67
1720688411980000000,115.38
1720688411990000000,114.73
1720688412000000000,114.48
1720688412010000000,114.38
1720688412020000000,114.89
1720688412030000000,114.28
1720688412040000000,116.88
1720688412050000000,113.98
1720688412060000000,115.07
1720688412070000000,116.58
1720688412080000000,116.62
1720688412090000000,114.97
1720688412100000000,115.50
1720688412110000000,112.56
1720688412120000000,117.37
1720688412130000000,114.66
1720688412140000000,116.69
1720688412150000000,114.01
1720688412160000000,114.26
1720688412170000000,116.69
1720688412180000000,115.03
1720688412190000000,115.15
1720688412200000000,114.37
1720688412210000000,114.55
1720688412220000000,114.19
1720688412230000000,116.23
1720688412240000000,114.72
1720688412250000000,113.11
1720688412260000000,115.44
1720688412270000000,114.30
1720688412280000000,115.14
1720688412290000000,116.16
1720688412300000000,115.40
1720688412310000000,115.74
1720688412320000000,114.35
1720688412330000000,113.26
1720688412340000000,113.76
1720688412350000000,116.19
1720688412360000000,115.57
1720688412370000000,116.31
1720688412380000000,114.37
1720688412390000000,114.65
1720688412400000000,115.42
1720688412410000000,113.56
1720688412420000000,115.53
1720688412430000000,114.12
1720688412440000000,116.39
1720688412450000000,114.79
1720688412460000000,116.70
1720688412470000000,114.13
1720688412480000000,115.57
1720688412490000000,114.70
1720688412500000000,114.10
1720688412510000000,112.44
1720688412520000000,116.19
1720688412530000000,116.13
1720688412540000000,115.76
1720688412550000000,116.08
1720688412560000000,115.96
1720688412570000000,115.65
1720688412580000000,116.95
1720688412590000000,113.77
1720688412600000000,115.80
1720688412610000000,114.80
1720688412620000000,113.97
1720688412630000000,116.09
1720688412640000000,114.68
1720688412650000000,112.63
1720688412660000000,114.83
1720688412670000000,115.36
1720688412680000000,116.92
1720688412690000000,114.69
1720688412700000000,115.59
1720688412710000000,116.49
1720688412720000000,114.73
1720688412730000000,114.40
1720688412740000000,116.98
1720688412750000000,113.97
1720688412760000000,113.27
1720688412770000000,112.18
1720688412780000000,115.97
1720688412790000000,115.26
1720688412800000000,114.69
1720688412810000000,113.69
1720688412820000000,115.25
1720688412830000000,114.23
1720688412840000000,115.20
1720688412850000000,114.96
1720688412860000000,115.19
1720688412870000000,115.36
1720688412880000000,117.03
1720688412890000000,117.53
1720688412900000000,115.69
1720688412910000000,117.40
1720688412920000000,115.69
1720688412930000000,116.74
1720688412940000000,113.45
1720688412950000000,115.67
1720688412960000000,113.39
1720688412970000000,114.58
1720688412980000000,115.64
1720688412990000000,114.80
1720688413000000000,116.11
1720688413010000000,117.51
1720688413020000000,112.97
1720688413030000000,116.34
1720688413040000000,113.11
1720688413050000000,116.72
1720688413060000000,115.03
1720688413070000000,115.28
1720688413080000000,115.82
1720688413090000000,115.40
1720688413100000000,113.97
1720688413110000000,114.14
1720688413120000000,116.00
1720688413130000000,114.08
1720688413140000000,114.91
1720688413150000000,115.41
1720688413160000000,114.06
1720688413170000000,114.82
1720688413180000000,117.39
1720688413190000000,116.20
1720688413200000000,114.96
1720688413210000000,117.40
1720688413220000000,113.66
1720688413230000000,114.50
1720688413240000000,114.67
1720688413250000000,114.07
1720688413260000000,116.33
1720688413270000000,117.50
1720688413280000000,115.30
1720688413290000000,114.81
1720688413300000000,114.73
1720688413310000000,116.89
1720688413320000000,113.99
1720688413330000000,115.64
1720688413340000000,114.99
1720688413350000000,115.76
1720688413360000000,114.74
1720688413370000000,114.90
1720688413380000000,115.84
1720688413390000000,116.65
1720688413400000000,116.76
1720688413410000000,115.84
1720688413420000000,113.86
1720688413430000000,111.84
1720688413440000000,116.25
1720688413450000000,114.26
1720688413460000000,113.27
1720688413470000000,115.36
1720688413480000000,114.19
1720688413490000000,115.94
1720688413500000000,113.58
1720688413510000000,113.44
1720688413520000000,115.04
1720688413530000000,112.94
1720688413540000000,114.83
1720688413550000000,117.52
1720688413560000000,115.76
1720688413570000000,115.52
1720688413580000000,115.89
1720688413590000000,115.54
1720688413600000000,112.25
1720688413610000000,114.97
1720688413620000000,114.05
1720688413630000000,115.80
1720688413640000000,115.84
1720688413650000000,114.26
1720688413660000000,114.56
1720688413670000000,113.75
1720688413680000000,114.99
1720688413690000000,117.13
1720688413700000000,112.99
1720688413710000000,114.79
1720688413720000000,114.86
1720688413730000000,114.10
1720688413740000000,115.10
1720688413750000000,115.01
1720688413760000000,114.79
1720688413770000000,116.77
1720688413780000000,117.06
1720688413790000000,114.99
1720688413800000000,116.52
1720688413810000000,118.20
1720688413820000000,114.58
1720688413830000000,112.70
1720688413840000000,112.95
1720688413850000000,114.73
1720688413860000000,115.84
1720688413870000000,117.20
1720688413880000000,116.77
1720688413890000000,114.61
1720688413900000000,115.63
1720688413910000000,113.66
1720688413920000000,116.12
1720688413930000000,113.14
1720688413940000000,115.01
1720688413950000000,116.60
1720688413960000000,115.68
1720688413970000000,115.32
1720688413980000000,114.84
1720688413990000000,116.22
1720688414000000000,117.64
1720688414010000000,115.94
1720688414020000000,113.09
1720688414030000000,115.26
1720688414040000000,116.98
1720688414050000000,117.06
1720688414060000000,115.03
1720688414070000000,113.03
1720688414080000000,113.57
1720688414090000000,115.51
1720688414100000000,118.40
1720688414110000000,114.18
1720688414120000000,112.42
1720688414130000000,117.05
1720688414140000000,115.28
1720688414150000000,114.18
1720688414160000000,115.36
1720688414170000000,112.61
1720688414180000000,115.42
1720688414190000000,112.79
1720688414200000000,114.10
1720688414210000000,114.65
1720688414220000000,115.61
1720688414230000000,114.94
1720688414240000000,116.12
1720688414250000000,113.65
1720688414260000000,115.42
1720688414270000000,116.77
1720688414280000000,113.76
1720688414290000000,114.28
1720688414300000000,115.09
1720688414310000000,114.09
1720688414320000000,115.31
1720688414330000000,114.79
1720688414340000000,115.50
1720688414350000000,114.83
1720688414360000000,114.92
1720688414370000000,115.64
1720688414380000000,114.55
1720688414390000000,115.37
1720688414400000000,113.03
1720688414410000000,115.29
1720688414420000000,114.25
1720688414430000000,115.27
1720688414440000000,114.88
1720688414450000000,115.89
1720688414460000000,114.38
1720688414470000000,115.06
1720688414480000000,115.73
1720688414490000000,115.79
1720688414500000000,114.27
1720688414510000000,115.04
1720688414520000000,116.94
1720688414530000000,114.51
1720688414540000000,114.98
1720688414550000000,113.06
1720688414560000000,114.96
1720688414570000000,114.67
1720688414580000000,115.28
1720688414590000000,114.83
1720688414600000000,114.63
1720688414610000000,115.13
1720688414620000000,115.55
1720688414630000000,114.70
1720688414640000000,114.76
1720688414650000000,114.24
1720688414660000000,116.24
1720688414670000000,113.06
1720688414680000000,114.28
1720688414690000000,116.58
1720688414700000000,116.61
1720688414710000000,115.92
1720688414720000000,116.86
1720688414730000000,114.46
1720688414740000000,112.88
1720688414750000000,115.72
1720688414760000000,115.00
1720688414770000000,116.19
1720688414780000000,115.05
1720688414790000000,114.04
1720688414800000000,115.01
1720688414810000000,113.22
1720688414820000000,113.50
1720688414830000000,114.68
1720688414840000000,114.32
1720688414850000000,116.12
1720688414860000000,114.67
1720688414870000000,117.41
1720688414880000000,114.21
1720688414890000000,113.99
1720688414900000000,114.31
1720688414910000000,115.27
1720688414920000000,115.51
1720688414930000000,115.44
1720688414940000000,115.31
1720688414950000000,115.08
1720688414960000000,112.37
1720688414970000000,115.50
1720688414980000000,116.23
1720688414990000000,115.69
1720688415000000000,114.52
1720688415010000000,114.22
1720688415020000000,114.96
1720688415030000000,112.63
1720688415040000000,115.58
1720688415050000000,113.84
1720688415060000000,113.90
1720688415070000000,115.28
1720688415080000000,114.56
1720688415090000000,115.72
1720688415100000000,114.38
1720688415110000000,114.82
1720688415120000000,113.96
1720688415130000000,117.11
1720688415140000000,116.15
1720688415150000000,115.34
1720688415160000000,117.57
1720688415170000000,114.48
1720688415180000000,115.35
1720688415190000000,113.20
1720688415200000000,114.95
1720688415210000000,116.28
1720688415220000000,112.65
1720688415230000000,115.96
1720688415240000000,114.34
1720688415250000000,114.84
1720688415260000000,116.64
1720688415270000000,113.70
1720688415280000000,115.06
1720688415290000000,115.82
1720688415300000000,114.22
1720688415310000000,116.48
1720688415320000000,114.63
1720688415330000000,115.49
1720688415340000000,112.25
1720688415350000000,114.39
1720688415360000000,116.23
1720688415370000000,114.85
1720688415380000000,115.11
1720688415390000000,114.94
1720688415400000000,113.80
1720688415410000000,114.49
1720688415420000000,115.81
1720688415430000000,115.87
1720688415440000000,117.23
1720688415450000000,114.64
1720688415460000000,113.56
1720688415470000000,113.60
1720688415480000000,115.19
1720688415490000000,114.13
1720688415500000000,111.98
1720688415510000000,113.84
1720688415520000000,114.67
1720688415530000000,116.59
1720688415540000000,114.50
1720688415550000000,114.60
1720688415560000000,113.88
1720688415570000000,112.72
1720688415580000000,114.15
1720688415590000000,113.48
1720688415600000000,113.08
1720688415610000000,115.85
1720688415620000000,115.98
1720688415630000000,114.80
1720688415640000000,117.46
1720688415650000000,112.54
1720688415660000000,116.67
1720688415670000000,114.27
1720688415680000000,115.18
1720688415690000000,114.13
1720688415700000000,115.62
1720688415710000000,113.66
1720688415720000000,113.91
1720688415730000000,114.89
1720688415740000000,116.40
1720688415750000000,115.20
1720688415760000000,116.07
1720688415770000000,115.84
1720688415780000000,114.89
1720688415790000000,113.38
1720688415800000000,114.39
1720688415810000000,115.16
1720688415820000000,114.81
1720688415830000000,117.03
1720688415840000000,112.95
1720688415850000000,116.95
1720688415860000000,117.40
1720688415870000000,114.46
1720688415880000000,116.56
1720688415890000000,114.20
1720688415900000000,113.89
1720688415910000000,114.53
1720688415920000000,116.30
1720688415930000000,115.55
1720688415940000000,115.12
1720688415950000000,116.01
1720688415960000000,116.30
1720688415970000000,114.62
1720688415980000000,113.84
1720688415990000000,115.81
1720688416000000000,115.99
1720688416010000000,112.56
1720688416020000000,115.82
1720688416030000000,114.20
1720688416040000000,115.51
1720688416050000000,115.78
1720688416059999999,115.22
1720688416070000000,116.05
1720688416079999999,114.06
1720688416090000000,115.34
1720688416100000000,117.23
1720688416110000000,114.08
1720688416120000000,116.08
1720688416129999999,114.89
1720688416140000000,113.05
1720688416149999999,113.18
1720688416160000000,113.97
1720688416170000000,114.73
1720688416180000000,114.88
1720688416190000000,115.59
1720688416200000000,114.59
1720688416210000000,113.81
1720688416219999999,114.80
1720688416230000000,115.92
1720688416239999999,116.04
1720688416250000000,116.06
1720688416260000000,115.48
1720688416270000000,116.21
1720688416280000000,116.55
1720688416290000000,116.50
1720688416300000000,115.30
1720688416309999999,115.95
1720688416320000000,116.06
1720688416329999999,115.97
1720688416340000000,113.61
1720688416350000000,113.34
1720688416360000000,116.55
1720688416370000000,114.52
1720688416379999999,114.11
1720688416390000000,115.21
1720688416399999999,115.46
1720688416410000000,116.00
1720688416420000000,112.07
1720688416430000000,112.72
1720688416440000000,114.09
1720688416450000000,117.10
1720688416460000000,114.52
1720688416469999999,114.95
1720688416480000000,116.56
1720688416489999999,115.65
1720688416500000000,114.93
1720688416510000000,116.00
1720688416520000000,115.10
1720688416530000000,115.13
1720688416540000000,114.58
1720688416550000000,114.20
1720688416559999999,112.80
1720688416570000000,112.58
1720688416579999999,114.77
1720688416590000000,115.36
1720688416600000000,115.65
1720688416610000000,113.47
1720688416620000000,112.58
1720688416629999999,115.85
1720688416640000000,115.20
1720688416649999999,116.62
1720688416660000000,115.88
1720688416670000000,113.86
1720688416680000000,114.39
1720688416690000000,111.80
1720688416700000000,113.00
1720688416710000000,114.79
1720688416719999999,114.53
1720688416730000000,116.36
1720688416739999999,113.94
1720688416750000000,115.66
1720688416760000000,116.01
1720688416770000000,115.57
1720688416780000000,116.36
1720688416790000000,115.79
1720688416800000000,116.86
1720688416809999999,115.86
1720688416820000000,115.64
1720688416829999999,114.70
1720688416840000000,116.45
1720688416850000000,115.04
1720688416860000000,115.47
1720688416870000000,115.76
1720688416879999999,114.18
1720688416890000000,113.15
1720688416899999999,116.77
1720688416910000000,113.79
1720688416920000000,115.08
1720688416930000000,113.30
1720688416940000000,113.18
1720688416950000000,116.09
1720688416960000000,114.56
1720688416969999999,113.85
1720688416980000000,114.28
1720688416989999999,114.84
1720688417000000000,115.75
1720688417010000000,115.40
1720688417020000000,115.45
1720688417030000000,114.51
1720688417040000000,112.83
1720688417050000000,114.70
1720688417059999999,113.48
1720688417070000000,115.13
1720688417079999999,113.93
1720688417090000000,116.44
1720688417100000000,113.58
1720688417110000000,113.83
1720688417120000000,115.94
1720688417129999999,115.71
1720688417140000000,115.68
1720688417149999999,113.51
1720688417160000000,114.58
1720688417170000000,116.94
1720688417180000000,113.38
1720688417190000000,115.34
1720688417200000000,113.71
1720688417210000000,112.40
1720688417220000000,115.62
1720688417230000000,113.34
1720688417240000000,114.08
1720688417250000000,112.42
1720688417260000000,113.42
1720688417270000000,114.63
1720688417280000000,115.37
1720688417290000000,115.42
1720688417300000000,113.53
1720688417310000000,116.67
1720688417320000000,114.83
1720688417330000000,114.34
1720688417340000000,112.22
1720688417350000000,111.72
1720688417360000000,113.38
1720688417370000000,115.52
1720688417380000000,114.26
1720688417390000000,113.08
1720688417400000000,115.77
1720688417410000000,114.41
1720688417420000000,115.36
1720688417430000000,111.47
1720688417440000000,116.15
1720688417450000000,113.96
1720688417460000000,114.48
1720688417470000000,115.16
1720688417480000000,113.83
1720688417490000000,116.62
1720688417500000000,115.44
1720688417510000000,113.91
1720688417520000000,112.83
1720688417530000000,114.50
1720688417540000000,115.37
1720688417550000000,115.70
1720688417560000000,115.83
1720688417570000000,115.11
1720688417580000000,113.81
1720688417590000000,115.21
1720688417600000000,115.34
1720688417610000000,115.59
1720688417620000000,117.38
1720688417630000000,116.12
1720688417640000000,115.02
1720688417650000000,114.67
1720688417660000000,114.47
1720688417670000000,117.15
1720688417680000000,113.34
1720688417690000000,113.35
1720688417700000000,115.38
1720688417710000000,114.57
1720688417720000000,115.74
1720688417730000000,113.98
1720688417740000000,115.69
1720688417750000000,114.77
1720688417760000000,117.13
1720688417770000000,114.00
1720688417780000000,113.82
1720688417790000000,115.86
1720688417800000000,112.47
1720688417810000000,114.82
1720688417820000000,116.41
1720688417830000000,113.34
1720688417840000000,114.93
1720688417850000000,114.66
1720688417860000000,113.70
1720688417870000000,116.29
1720688417880000000,116.38
1720688417890000000,114.52
1720688417900000000,116.35
1720688417910000000,115.02
1720688417920000000,114.95
1720688417930000000,114.09
1720688417940000000,114.96
1720688417950000000,116.97
1720688417960000000,116.46
1720688417970000000,112.02
1720688417980000000,113.16
1720688417990000000,116.44
1720688418000000000,116.49
1720688418010000000,114.35
1720688418020000000,115.21
1720688418030000000,112.95
1720688418040000000,113.38
1720688418050000000,114.55
1720688418060000000,116.79
1720688418070000000,116.17
1720688418080000000,111.89
1720688418090000000,114.34
1720688418100000000,115.22
1720688418110000000,114.22
1720688418120000000,115.09
1720688418130000000,114.73
1720688418140000000,115.67
1720688418150000000,113.60
1720688418160000000,112.72
1720688418170000000,114.68
1720688418180000000,115.60
1720688418190000000,115.50
1720688418200000000,115.03
1720688418210000000,113.72
1720688418220000000,113.69
1720688418230000000,116.23
1720688418240000000,116.19
1720688418250000000,116.03
1720688418260000000,114.64
1720688418270000000,118.01
1720688418280000000,115.52
1720688418290000000,115.62
1720688418300000000,116.71
1720688418310000000,115.22
1720688418320000000,113.80
1720688418330000000,114.73
1720688418340000000,114.94
1720688418350000000,114.97
1720688418360000000,117.62
1720688418370000000,111.74
1720688418380000000,113.09
1720688418390000000,115.99
1720688418400000000,114.34
1720688418410000000,116.11
1720688418420000000,115.11
1720688418430000000,114.36
1720688418440000000,117.02
1720688418450000000,115.84
1720688418460000000,113.96
1720688418470000000,114.86
1720688418480000000,115.92
1720688418490000000,116.49
1720688418500000000,113.36
1720688418510000000,114.68
1720688418520000000,116.14
1720688418530000000,113.70
1720688418540000000,114.61
1720688418550000000,115.89
1720688418560000000,116.70
1720688418570000000,115.59
1720688418580000000,113.52
1720688418590000000,116.83
1720688418600000000,114.65
1720688418610000000,114.55
1720688418620000000,112.95
1720688418630000000,113.88
1720688418640000000,113.42
1720688418650000000,115.70
1720688418660000000,114.18
1720688418670000000,116.25
1720688418680000000,116.75
1720688418690000000,115.80
1720688418700000000,114.65
1720688418710000000,113.87
1720688418720000000,113.42
1720688418730000000,114.88
1720688418740000000,114.57
1720688418750000000,115.90
1720688418760000000,115.01
1720688418770000000,114.56
1720688418780000000,115.02
1720688418790000000,115.33
1720688418800000000,115.01
1720688418810000000,116.62
1720688418820000000,115.49
1720688418830000000,116.69
1720688418840000000,114.38
1720688418850000000,114.39
1720688418860000000,115.46
1720688418870000000,116.29
1720688418880000000,115.21
1720688418890000000,112.84
1720688418900000000,114.59
1720688418910000000,115.69
1720688418920000000,116.09
1720688418930000000,114.89
1720688418940000000,116.16
1720688418950000000,114.30
1720688418960000000,113.80
1720688418970000000,115.57
1720688418980000000,115.98
1720688418990000000,113.33
1720688419000000000,114.15
1720688419010000000,116.69
1720688419020000000,113.54
1720688419030000000,115.26
1720688419040000000,115.62
1720688419050000000,116.93
1720688419060000000,113.77
1720688419070000000,113.66
1720688419080000000,114.73
1720688419090000000,116.37
1720688419100000000,115.08
1720688419110000000,113.95
1720688419120000000,114.14
1720688419130000000,115.34
1720688419140000000,113.40
1720688419150000000,113.96
1720688419160000000,115.45
1720688419170000000,113.62
1720688419180000000,116.33
1720688419190000000,116.41
1720688419200000000,115.74
1720688419210000000,116.84
1720688419220000000,114.86
1720688419230000000,114.53
1720688419240000000,115.56
1720688419250000000,114.69
1720688419260000000,115.46
1720688419270000000,115.51
1720688419280000000,114.05
1720688419290000000,115.13
1720688419300000000,113.84
1720688419310000000,115.76
1720688419320000000,113.29
1720688419330000000,116.60
1720688419340000000,117.50
1720688419350000000,115.20
1720688419360000000,116.04
1720688419370000000,116.34
1720688419380000000,114.30
1720688419390000000,116.37
1720688419400000000,114.46
1720688419410000000,115.30
1720688419420000000,117.85
1720688419430000000,113.45
1720688419440000000,115.33
1720688419450000000,116.92
1720688419460000000,113.45
1720688419470000000,115.84
1720688419480000000,113.44
1720688419490000000,114.36
1720688419500000000,116.34
1720688419510000000,114.08
1720688419520000000,115.58
1720688419530000000,114.85
1720688419540000000,115.66
1720688419550000000,114.53
1720688419560000000,116.13
1720688419570000000,116.92
1720688419580000000,114.68
1720688419590000000,113.86
1720688419600000000,115.37
1720688419610000000,115.73
1720688419620000000,114.57
1720688419630000000,116.53
1720688419640000000,114.87
1720688419650000000,115.98
1720688419660000000,115.96
1720688419670000000,111.75
1720688419680000000,115.12
1720688419690000000,115.64
1720688419700000000,115.36
1720688419710000000,115.38
1720688419720000000,116.76
1720688419730000000,116.18
1720688419740000000,114.52
1720688419750000000,117.01
1720688419760000000,116.02
1720688419770000000,114.25
1720688419780000000,115.51
1720688419790000000,115.89
1720688419800000000,116.60
1720688419810000000,114.03
1720688419820000000,116.12
1720688419830000000,114.31
1720688419840000000,112.45
1720688419850000000,114.69
1720688419860000000,115.82
1720688419870000000,115.41
1720688419880000000,116.28
1720688419890000000,117.37
1720688419900000000,114.39
1720688419910000000,114.78
1720688419920000000,113.96
1720688419930000000,117.50
1720688419940000000,116.30
1720688419950000000,116.47
1720688419960000000,116.45
1720688419970000000,114.42
1720688419980000000,115.92
1720688419990000000,115.03
1720688420000000000,116.36
1720688420010000000,114.02
1720688420020000000,114.12
1720688420030000000,115.06
1720688420040000000,114.46
1720688420050000000,113.33
1720688420060000000,117.40
1720688420070000000,116.13
1720688420080000000,116.90
1720688420090000000,115.73
1720688420100000000,115.69
1720688420110000000,114.18
1720688420120000000,116.03
1720688420130000000,113.13
1720688420140000000,114.84
1720688420150000000,114.39
1720688420160000000,115.84
1720688420170000000,116.73
1720688420180000000,116.59
1720688420190000000,113.51
1720688420200000000,116.33
1720688420210000000,115.29
1720688420220000000,115.14
1720688420230000000,116.02
1720688420240000000,114.22
1720688420250000000,114.98
1720688420260000000,114.42
1720688420270000000,115.81
1720688420280000000,115.33
1720688420290000000,116.68
1720688420300000000,114.62
1720688420310000000,115.34
1720688420320000000,116.31
1720688420330000000,115.17
1720688420340000000,115.27
1720688420350000000,113.07
1720688420360000000,115.98
1720688420370000000,115.33
1720688420380000000,116.30
1720688420390000000,113.30
1720688420400000000,116.67
1720688420410000000,115.33
1720688420420000000,114.85
1720688420430000000,116.70
1720688420440000000,113.73
1720688420450000000,115.57
1720688420460000000,115.72
1720688420470000000,113.73
1720688420480000000,116.10
1720688420490000000,113.69
1720688420500000000,112.70
1720688420510000000,114.39
1720688420520000000,111.18
1720688420530000000,117.99
1720688420540000000,115.27
1720688420550000000,114.14
1720688420560000000,115.28
1720688420570000000,114.03
1720688420580000000,115.02
1720688420590000000,113.97
1720688420600000000,112.60
1720688420610000000,113.53
1720688420620000000,115.89
1720688420630000000,113.85
1720688420640000000,112.57
1720688420650000000,114.43
1720688420660000000,115.41
1720688420670000000,115.77
1720688420680000000,114.72
1720688420690000000,111.95
1720688420700000000,115.67
1720688420710000000,113.73
1720688420720000000,112.92
1720688420730000000,113.52
1720688420740000000,114.23
1720688420750000000,114.62
1720688420760000000,115.06
1720688420770000000,115.94
1720688420780000000,113.85
1720688420790000000,113.72
1720688420800000000,113.77
1720688420810000000,115.69
1720688420820000000,111.93
1720688420830000000,113.62
1720688420840000000,115.92
1720688420850000000,115.21
1720688420860000000,115.73
1720688420870000000,116.04
1720688420880000000,114.58
1720688420890000000,113.51
1720688420900000000,114.12
1720688420910000000,114.30
1720688420920000000,113.46
1720688420930000000,114.86
1720688420940000000,118.10
1720688420950000000,116.35
1720688420960000000,114.89
1720688420970000000,115.60
1720688420980000000,114.23
1720688420990000000,116.92
1720688421000000000,114.42
1720688421010000000,113.92
1720688421020000000,115.68
1720688421030000000,116.33
1720688421040000000,115.79
1720688421050000000,115.70
1720688421060000000,114.09
1720688421070000000,116.78
1720688421080000000,116.54
1720688421090000000,113.94
1720688421100000000,114.77
1720688421110000000,114.43
1720688421120000000,116.29
1720688421130000000,115.55
1720688421140000000,114.28
1720688421150000000,114.91
1720688421160000000,115.91
1720688421170000000,113.11
1720688421180000000,115.71
1720688421190000000,113.38
1720688421200000000,115.57
1720688421210000000,114.77
1720688421220000000,115.88
1720688421230000000,114.09
1720688421240000000,115.42
1720688421250000000,117.10
1720688421260000000,112.74
1720688421270000000,113.89
1720688421280000000,114.45
1720688421290000000,116.28
1720688421300000000,116.46
1720688421310000000,113.93
1720688421320000000,115.97
1720688421330000000,114.67
1720688421340000000,113.69
1720688421350000000,114.77
1720688421360000000,116.80
1720688421370000000,114.74
1720688421380000000,111.52
1720688421390000000,115.91
1720688421400000000,116.02
1720688421410000000,114.55
1720688421420000000,116.04
1720688421430000000,114.72
1720688421440000000,114.01
1720688421450000000,114.31
1720688421460000000,114.06
1720688421470000000,114.63
1720688421480000000,115.67
1720688421490000000,113.95
1720688421500000000,115.46
1720688421510000000,115.10
1720688421520000000,114.43
1720688421530000000,118.94
1720688421540000000,114.46
1720688421550000000,114.91
1720688421560000000,113.69
1720688421570000000,113.15
1720688421580000000,114.03
1720688421590000000,114.12
1720688421600000000,115.07
1720688421610000000,113.55
1720688421620000000,113.78
1720688421630000000,115.61
1720688421640000000,115.95
1720688421650000000,113.79
1720688421660000000,113.62
1720688421670000000,114.33
1720688421680000000,114.53
1720688421690000000,114.52
1720688421700000000,115.09
1720688421710000000,113.96
1720688421720000000,115.28
1720688421730000000,115.87
1720688421740000000,113.15
1720688421750000000,114.52
1720688421760000000,113.06
1720688421770000000,114.34
1720688421780000000,116.74
1720688421790000000,113.44
1720688421800000000,116.19
1720688421810000000,113.83
1720688421820000000,115.11
1720688421830000000,114.17
1720688421840000000,116.63
1720688421850000000,113.39
1720688421860000000,114.40
1720688421870000000,115.69
1720688421880000000,115.19
1720688421890000000,113.88
1720688421900000000,115.88
1720688421910000000,114.03
1720688421920000000,112.79
1720688421930000000,113.96
1720688421940000000,114.12
1720688421950000000,112.93
1720688421960000000,115.45
1720688421970000000,110.84
1720688421980000000,117.98
1720688421990000000,113.94
1720688422000000000,117.04
1720688422010000000,117.76
1720688422020000000,117.96
1720688422030000000,117.20
1720688422040000000,119.92
1720688422050000000,119.89
1720688422060000000,121.26
1720688422070000000,120.55
1720688422080000000,118.96
1720688422090000000,117.60
1720688422100000000,117.77
1720688422110000000,119.90
1720688422120000000,119.30
1720688422130000000,119.81
1720688422140000000,117.65
1720688422150000000,120.45
1720688422160000000,119.54
1720688422170000000,119.03
1720688422180000000,118.85
1720688422190000000,120.21
1720688422200000000,119.03
1720688422210000000,118.06
1720688422220000000,119.79
1720688422230000000,118.58
1720688422240000000,119.09
1720688422250000000,116.64
1720688422260000000,120.53
1720688422270000000,120.57
1720688422280000000,117.24
1720688422290000000,119.03
1720688422300000000,121.44
1720688422310000000,118.34
1720688422320000000,119.69
1720688422330000000,119.00
1720688422340000000,117.78
1720688422350000000,117.75
1720688422360000000,119.72
1720688422370000000,116.00
1720688422380000000,120.97
1720688422390000000,118.68
1720688422400000000,118.11
1720688422410000000,119.63
1720688422420000000,118.60
1720688422430000000,119.11
1720688422440000000,118.88
1720688422450000000,116.27
1720688422460000000,118.90
1720688422470000000,118.97
1720688422480000000,119.50
1720688422490000000,117.92
1720688422500000000,119.16
1720688422510000000,119.36
1720688422520000000,118.52
1720688422530000000,120.03
1720688422540000000,119.77
1720688422550000000,120.64
1720688422560000000,116.60
1720688422570000000,116.60
1720688422580000000,118.77
1720688422590000000,118.73
1720688422600000000,118.78
1720688422610000000,119.33
1720688422620000000,118.29
1720688422630000000,117.15
1720688422640000000,116.97
1720688422650000000,119.14
1720688422660000000,117.59
1720688422670000000,117.73
1720688422680000000,118.11
1720688422690000000,119.91
1720688422700000000,118.07
1720688422710000000,119.31
1720688422720000000,117.61
1720688422730000000,120.02
1720688422740000000,119.90
1720688422750000000,116.38
1720688422760000000,117.43
1720688422770000000,117.84
1720688422780000000,118.81
1720688422790000000,117.70
1720688422800000000,119.66
1720688422810000000,120.10
1720688422820000000,118.27
1720688422830000000,116.96
1720688422840000000,117.72
1720688422850000000,119.78
1720688422860000000,120.19
1720688422870000000,118.11
1720688422880000000,117.21
1720688422890000000,118.79
1720688422900000000,119.39
1720688422910000000,118.73
1720688422920000000,119.36
1720688422930000000,119.54
1720688422940000000,117.48
1720688422950000000,117.36
1720688422960000000,118.76
1720688422970000000,117.25
1720688422980000000,118.91
1720688422990000000,119.00
1720688423000000000,118.52
1720688423010000000,119.80
1720688423020000000,116.19
1720688423030000000,118.06
1720688423040000000,117.05
1720688423050000000,118.54
1720688423060000000,118.81
1720688423070000000,118.50
1720688423080000000,118.68
1720688423090000000,118.44
1720688423100000000,120.09
1720688423110000000,119.95
1720688423120000000,118.20
1720688423130000000,118.13
1720688423140000000,118.75
1720688423150000000,116.43
1720688423160000000,119.85
1720688423170000000,118.35
1720688423180000000,117.58
1720688423190000000,117.41
1720688423200000000,117.75
1720688423210000000,117.17
1720688423220000000,119.06
1720688423230000000,119.21
1720688423240000000,117.35
1720688423250000000,119.82
1720688423260000000,118.26
1720688423270000000,117.93
1720688423280000000,119.04
1720688423290000000,119.69
1720688423300000000,118.07
1720688423310000000,118.77
1720688423320000000,119.56
1720688423330000000,118.02
1720688423340000000,118.98
1720688423350000000,118.65
1720688423360000000,118.34
1720688423370000000,117.51
1720688423380000000,119.94
1720688423390000000,117.65
1720688423400000000,117.46
1720688423410000000,118.46
1720688423420000000,116.87
1720688423430000000,116.89
1720688423440000000,117.88
1720688423450000000,118.03
1720688423460000000,119.86
1720688423470000000,117.38
1720688423480000000,119.22
1720688423490000000,119.66
1720688423500000000,118.29
1720688423510000000,120.39
1720688423520000000,119.95
1720688423530000000,119.03
1720688423540000000,119.59
1720688423550000000,117.50
1720688423560000000,117.51
1720688423570000000,117.22
1720688423580000000,118.10
1720688423590000000,118.05
1720688423600000000,118.22
1720688423610000000,119.74
1720688423620000000,118.61
1720688423630000000,119.23
1720688423640000000,118.20
1720688423650000000,118.76
1720688423660000000,117.65
1720688423670000000,118.65
1720688423680000000,117.89
1720688423690000000,118.82
1720688423700000000,118.32
1720688423710000000,116.19
1720688423720000000,119.78
1720688423730000000,119.21
1720688423740000000,119.84
1720688423750000000,117.27
1720688423760000000,119.53
1720688423770000000,120.01
1720688423780000000,118.91
1720688423790000000,116.93
1720688423800000000,119.29
1720688423810000000,118.86
1720688423820000000,119.61
1720688423830000000,117.31
1720688423840000000,117.19
1720688423850000000,118.91
1720688423860000000,116.51
1720688423870000000,118.65
1720688423880000000,118.17
1720688423890000000,121.61
1720688423900000000,118.25
1720688423910000000,116.25
1720688423920000000,116.80
1720688423930000000,119.73
1720688423940000000,118.70
1720688423950000000,120.69
1720688423960000000,120.28
1720688423970000000,118.08
1720688423980000000,119.83
1720688423990000000,116.01
1720688424000000000,119.69
1720688424010000000,118.45
1720688424020000000,120.40
1720688424030000000,118.91
1720688424040000000,116.31
1720688424050000000,115.93
1720688424060000000,119.48
1720688424070000000,117.82
1720688424080000000,118.61
1720688424090000000,119.09
1720688424100000000,119.26
1720688424110000000,119.33
1720688424120000000,120.54
1720688424130000000,117.59
1720688424140000000,117.44
1720688424150000000,118.87
1720688424160000000,119.81
1720688424170000000,118.72
1720688424180000000,117.44
1720688424190000000,119.26
1720688424200000000,118.96
1720688424210000000,119.34
1720688424220000000,118.30
1720688424230000000,118.63
1720688424240000000,119.11
1720688424250000000,118.67
1720688424260000000,118.47
1720688424270000000,118.59
1720688424280000000,119.05
1720688424290000000,119.49
1720688424300000000,117.68
1720688424310000000,118.95
1720688424320000000,118.65
1720688424330000000,119.19
1720688424340000000,119.54
1720688424350000000,116.84
1720688424360000000,118.30
1720688424370000000,116.76
1720688424380000000,118.79
1720688424390000000,118.02
1720688424400000000,115.59
1720688424410000000,118.96
1720688424420000000,118.79
1720688424430000000,119.90
1720688424440000000,119.73
1720688424450000000,120.04
1720688424460000000,119.02
1720688424470000000,118.99
1720688424480000000,118.61
1720688424490000000,120.66
1720688424500000000,118.85
1720688424510000000,118.72
1720688424520000000,119.28
1720688424530000000,119.23
1720688424540000000,116.76
1720688424550000000,116.85
1720688424560000000,119.07
1720688424570000000,120.37
1720688424580000000,117.70
1720688424590000000,118.76
1720688424600000000,116.79
1720688424610000000,118.04
1720688424620000000,119.43
1720688424630000000,119.27
1720688424640000000,119.56
1720688424650000000,119.80
1720688424660000000,119.47
1720688424670000000,119.60
1720688424680000000,118.84
1720688424690000000,119.02
1720688424700000000,118.81
1720688424710000000,119.24
1720688424720000000,118.74
1720688424730000000,115.83
1720688424740000000,118.49
1720688424750000000,118.02
1720688424760000000,119.87
1720688424770000000,119.54
1720688424780000000,120.48
1720688424790000000,120.41
1720688424800000000,119.38
1720688424810000000,118.58
1720688424820000000,119.39
1720688424830000000,119.96
1720688424840000000,117.78
1720688424850000000,117.34
1720688424860000000,118.14
1720688424870000000,119.96
1720688424880000000,118.86
1720688424890000000,119.21
1720688424900000000,118.92
1720688424910000000,119.03
1720688424920000000,119.17
1720688424930000000,116.82
1720688424940000000,117.83
1720688424950000000,120.27
1720688424960000000,118.08
1720688424970000000,116.63
1720688424980000000,118.36
1720688424990000000,118.33
1720688425000000000,118.34
1720688425010000000,118.59
1720688425020000000,117.09
1720688425030000000,117.31
1720688425040000000,119.66
1720688425050000000,119.60
1720688425060000000,117.87
1720688425070000000,119.14
1720688425080000000,118.89
1720688425090000000,119.35
1720688425100000000,118.85
1720688425110000000,120.02
1720688425120000000,117.80
1720688425130000000,118.24
1720688425140000000,117.10
1720688425150000000,115.35
1720688425160000000,119.67
1720688425170000000,119.06
1720688425180000000,119.46
1720688425190000000,118.98
1720688425200000000,118.81
1720688425210000000,116.92
1720688425220000000,117.83
1720688425230000000,119.28
1720688425240000000,117.53
1720688425250000000,120.35
1720688425260000000,117.42
1720688425270000000,118.06
1720688425280000000,121.61
1720688425290000000,118.27
1720688425300000000,119.25
1720688425310000000,118.44
1720688425320000000,118.40
1720688425330000000,118.48
1720688425340000000,116.34
1720688425350000000,117.97
1720688425360000000,119.72
1720688425370000000,118.33
1720688425380000000,117.96
1720688425390000000,120.25
1720688425400000000,120.89
1720688425410000000,119.04
1720688425420000000,118.91
1720688425430000000,117.95
1720688425440000000,119.22
1720688425450000000,117.71
1720688425460000000,118.51
1720688425470000000,117.33
1720688425480000000,119.76
1720688425490000000,119.70
1720688425500000000,117.94
1720688425510000000,117.95
1720688425520000000,118.13
1720688425530000000,117.89
1720688425540000000,118.17
1720688425550000000,118.90
1720688425560000000,119.08
1720688425570000000,119.51
1720688425580000000,120.72
1720688425590000000,120.41
1720688425600000000,118.36
1720688425610000000,118.06
1720688425620000000,115.68
1720688425630000000,119.93
1720688425640000000,117.99
1720688425650000000,117.52
1720688425660000000,117.17
1720688425670000000,118.28
1720688425680000000,117.84
1720688425690000000,119.34
1720688425700000000,117.95
1720688425710000000,117.37
1720688425720000000,117.90
1720688425730000000,118.03
1720688425740000000,117.22
1720688425750000000,119.56
1720688425760000000,119.49
1720688425770000000,117.43
1720688425780000000,118.98
1720688425790000000,119.65
1720688425800000000,118.90
1720688425810000000,121.93
1720688425820000000,119.50
1720688425830000000,119.19
1720688425840000000,119.22
1720688425850000000,117.83
1720688425860000000,119.00
1720688425870000000,119.53
1720688425880000000,119.46
1720688425890000000,120.18
1720688425900000000,121.07
1720688425910000000,117.15
1720688425920000000,118.29
1720688425930000000,118.60
1720688425940000000,119.11
1720688425950000000,119.59
1720688425960000000,118.69
1720688425970000000,119.04
1720688425980000000,120.30
1720688425990000000,120.14
1720688426000000000,119.17
1720688426010000000,121.94
1720688426020000000,119.28
1720688426030000000,120.67
1720688426040000000,122.62
1720688426050000000,122.67
1720688426060000000,124.78
1720688426070000000,127.81
1720688426080000000,127.09
1720688426090000000,126.64
1720688426100000000,126.30
1720688426110000000,129.32
1720688426120000000,130.40
1720688426130000000,129.69
1720688426140000000,132.29
1720688426150000000,132.39
1720688426160000000,131.85
1720688426170000000,133.10
1720688426180000000,135.64
1720688426190000000,135.56
1720688426200000000,136.33
1720688426210000000,138.34
1720688426220000000,137.10
1720688426230000000,139.32
1720688426240000000,141.33
1720688426250000000,141.46
1720688426260000000,140.42
1720688426270000000,142.28
1720688426280000000,145.31
1720688426290000000,142.38
1720688426300000000,146.60
1720688426310000000,145.10
1720688426320000000,148.79
1720688426330000000,150.48
1720688426340000000,151.52
1720688426350000000,150.95
1720688426360000000,152.44
1720688426370000000,151.61
1720688426380000000,155.18
1720688426390000000,153.68
1720688426400000000,156.62
1720688426410000000,154.16
1720688426420000000,156.60
1720688426430000000,155.39
1720688426440000000,158.24
1720688426450000000,160.06
1720688426460000000,159.45
1720688426470000000,162.06
1720688426480000000,163.52
1720688426490000000,162.99
1720688426500000000,165.31
1720688426510000000,164.38
1720688426520000000,165.02
1720688426530000000,167.01
1720688426540000000,165.98
1720688426550000000,169.29
1720688426560000000,170.86
1720688426570000000,170.33
1720688426580000000,168.86
1720688426590000000,170.32
1720688426600000000,172.16
1720688426610000000,175.41
1720688426620000000,175.83
1720688426630000000,175.29
1720688426640000000,175.18
1720688426650000000,177.13
1720688426660000000,178.32
1720688426670000000,179.88
1720688426680000000,179.68
1720688426690000000,182.60
1720688426700000000,181.33
1720688426710000000,181.04
1720688426720000000,185.30
1720688426730000000,184.16
1720688426740000000,187.11
1720688426750000000,187.34
1720688426760000000,185.71
1720688426770000000,188.15
1720688426780000000,191.75
1720688426790000000,188.61
1720688426800000000,191.07
1720688426810000000,191.02
1720688426820000000,192.35
1720688426830000000,193.02
1720688426840000000,194.93
1720688426850000000,196.83
1720688426860000000,197.25
1720688426870000000,198.05
1720688426880000000,201.02
1720688426890000000,199.44
1720688426900000000,200.66
1720688426910000000,201.76
1720688426920000000,203.34
1720688426930000000,200.33
1720688426940000000,204.52
1720688426950000000,206.32
1720688426960000000,205.26
1720688426970000000,206.32
1720688426980000000,208.25
1720688426990000000,208.13
1720688427000000000,209.27
1720688427010000000,207.81
1720688427020000000,212.02
1720688427030000000,212.30
1720688427040000000,211.83
1720688427050000000,211.79
1720688427060000000,213.62
1720688427070000000,216.91
1720688427080000000,217.40
1720688427090000000,218.18
1720688427100000000,217.17
1720688427110000000,218.56
1720688427120000000,222.46
1720688427130000000,221.16
1720688427140000000,222.63
1720688427150000000,223.11
1720688427160000000,226.52
1720688427170000000,222.37
1720688427180000000,226.30
1720688427190000000,226.00
1720688427200000000,227.87
1720688427210000000,227.30
1720688427220000000,229.08
1720688427230000000,228.43
1720688427240000000,231.11
1720688427250000000,234.82
1720688427260000000,232.91
1720688427270000000,233.00
1720688427280000000,236.80
1720688427290000000,236.05
1720688427300000000,237.47
1720688427310000000,237.18
1720688427320000000,238.28
1720688427330000000,240.02
1720688427340000000,242.09
1720688427350000000,240.54
1720688427360000000,240.89
1720688427370000000,242.06
1720688427380000000,244.64
1720688427390000000,243.42
1720688427400000000,245.03
1720688427410000000,248.47
1720688427420000000,245.92
1720688427430000000,249.44
1720688427440000000,249.77
1720688427450000000,248.97
1720688427460000000,251.64
1720688427470000000,252.08
1720688427480000000,252.17
1720688427490000000,253.97
1720688427500000000,254.07
1720688427510000000,256.47
1720688427520000000,257.97
1720688427530000000,257.86
1720688427540000000,256.83
1720688427550000000,258.08
1720688427560000000,261.57
1720688427570000000,261.19
1720688427580000000,264.47
1720688427590000000,264.03
1720688427600000000,264.72
1720688427610000000,263.76
1720688427620000000,265.98
1720688427630000000,265.50
1720688427640000000,265.93
1720688427650000000,269.45
1720688427660000000,270.82
1720688427670000000,271.23
1720688427680000000,272.84
1720688427690000000,272.82
1720688427700000000,274.61
1720688427710000000,274.48
1720688427720000000,273.86
1720688427730000000,275.27
1720688427740000000,275.05
1720688427750000000,277.22
1720688427760000000,280.73
1720688427770000000,279.17
1720688427780000000,280.78
1720688427790000000,279.39
1720688427800000000,281.01
1720688427810000000,281.13
1720688427820000000,280.53
1720688427830000000,285.57
1720688427840000000,286.15
1720688427850000000,285.68
1720688427860000000,288.09
1720688427870000000,289.65
1720688427880000000,289.63
1720688427890000000,290.76
1720688427900000000,290.93
1720688427910000000,291.10
1720688427920000000,290.47
1720688427930000000,293.09
1720688427940000000,295.22
1720688427950000000,295.60
1720688427960000000,294.95
1720688427970000000,296.38
1720688427980000000,300.02
1720688427990000000,301.15
1720688428000000000,290.26
1720688428010000000,290.45
1720688428020000000,290.79
1720688428030000000,290.46
1720688428040000000,291.56
1720688428050000000,291.47
1720688428060000000,291.76
1720688428070000000,291.38
1720688428080000000,291.17
1720688428090000000,291.66
1720688428100000000,292.71
1720688428110000000,292.81
1720688428120000000,291.86
1720688428130000000,291.53
1720688428140000000,293.47
1720688428150000000,292.25
1720688428160000000,292.28
1720688428170000000,292.57
1720688428180000000,293.33
1720688428190000000,293.26
1720688428200000000,293.17
1720688428210000000,293.01
1720688428220000000,294.21
1720688428230000000,293.49
1720688428240000000,293.94
1720688428250000000,293.21
1720688428260000000,293.27
1720688428270000000,292.76
1720688428280000000,293.36
1720688428290000000,293.45
1720688428300000000,293.66
1720688428310000000,294.34
1720688428320000000,294.68
1720688428330000000,294.74
1720688428340000000,294.96
1720688428350000000,294.04
1720688428360000000,294.87
1720688428370000000,294.90
1720688428380000000,293.94
1720688428390000000,294.63
1720688428400000000,294.50
1720688428410000000,295.07
1720688428420000000,294.79
1720688428430000000,294.55
1720688428440000000,295.66
1720688428450000000,296.18
1720688428460000000,295.78
1720688428470000000,295.40
1720688428480000000,295.71
1720688428490000000,295.67
1720688428500000000,295.82
1720688428510000000,295.47
1720688428520000000,295.72
1720688428530000000,295.19
1720688428540000000,295.17
1720688428550000000,295.54
1720688428560000000,296.10
1720688428570000000,295.49
1720688428580000000,297.15
1720688428590000000,296.97
1720688428600000000,296.16
1720688428610000000,296.43
1720688428620000000,296.22
1720688428630000000,296.30
1720688428640000000,296.05
1720688428650000000,297.10
1720688428660000000,297.19
1720688428670000000,296.11
1720688428680000000,296.34
1720688428690000000,296.88
1720688428700000000,297.03
1720688428710000000,296.62
1720688428720000000,297.21
1720688428730000000,296.19
1720688428740000000,297.37
1720688428750000000,297.01
1720688428760000000,297.41
1720688428770000000,297.74
1720688428780000000,297.21
1720688428790000000,296.61
1720688428800000000,297.32
1720688428810000000,297.37
1720688428820000000,297.09
1720688428830000000,296.71
1720688428840000000,297.76
1720688428850000000,297.10
1720688428860000000,298.05
1720688428870000000,297.35
1720688428880000000,297.48
1720688428890000000,298.16
1720688428900000000,296.86
1720688428910000000,297.56
1720688428920000000,297.74
1720688428930000000,298.31
1720688428940000000,298.03
1720688428950000000,298.10
1720688428960000000,296.79
1720688428970000000,298.12
1720688428980000000,298.16
1720688428990000000,296.79
1720688429000000000,297.62
1720688429010000000,297.62
1720688429020000000,298.18
1720688429030000000,297.77
1720688429040000000,297.91
1720688429050000000,297.59
1720688429060000000,298.44
1720688429070000000,298.02
1720688429080000000,298.63
1720688429090000000,297.41
1720688429100000000,298.57
1720688429110000000,298.05
1720688429120000000,298.05
1720688429130000000,298.08
1720688429140000000,298.82
1720688429150000000,298.09
1720688429160000000,298.20
1720688429170000000,298.01
1720688429180000000,297.82
1720688429190000000,297.61
1720688429200000000,297.24
1720688429210000000,297.51
1720688429220000000,298.25
1720688429230000000,298.66
1720688429240000000,298.79
1720688429250000000,299.01
1720688429260000000,298.59
1720688429270000000,298.44
1720688429280000000,299.74
1720688429290000000,298.57
1720688429300000000,298.06
1720688429310000000,297.86
1720688429320000000,297.92
1720688429330000000,298.83
1720688429340000000,298.37
1720688429350000000,298.52
1720688429360000000,299.16
1720688429370000000,298.88
1720688429380000000,299.24
1720688429390000000,298.25
1720688429400000000,298.88
1720688429410000000,298.96
1720688429420000000,299.44
1720688429430000000,299.73
1720688429440000000,298.87
1720688429450000000,298.76
1720688429460000000,298.55
1720688429470000000,299.12
1720688429480000000,299.48
1720688429490000000,299.45
1720688429500000000,298.77
1720688429510000000,299.49
1720688429520000000,299.87
1720688429530000000,299.99
1720688429540000000,298.29
1720688429550000000,299.82
1720688429560000000,298.12
1720688429570000000,300.23
1720688429580000000,299.31
1720688429590000000,298.87
1720688429600000000,299.81
1720688429610000000,300.25
1720688429620000000,299.04
1720688429630000000,298.70
1720688429640000000,299.46
1720688429650000000,299.10
1720688429660000000,299.32
1720688429670000000,299.68
1720688429680000000,299.96
1720688429690000000,299.41
1720688429700000000,299.74
1720688429710000000,299.11
1720688429720000000,299.05
1720688429730000000,299.85
1720688429740000000,299.24
1720688429750000000,298.26
1720688429760000000,299.86
1720688429770000000,299.56
1720688429780000000,299.08
1720688429790000000,299.49
1720688429800000000,299.61
1720688429810000000,298.82
1720688429820000000,299.57
1720688429830000000,299.28
1720688429840000000,298.61
1720688429850000000,299.32
1720688429860000000,299.86
1720688429870000000,299.87
1720688429880000000,299.56
1720688429890000000,299.57
1720688429900000000,299.68
1720688429910000000,298.70
1720688429920000000,299.15
1720688429930000000,300.16
1720688429940000000,299.26
1720688429950000000,299.64
1720688429960000000,299.08
1720688429970000000,299.66
1720688429980000000,299.77
1720688429990000000,299.35
