timestamp,value
1717852800000000000,-0.785398
1717852800010000000,-0.783753
1717852800020000000,-0.782110
1717852800030000000,-0.780471
1717852800040000000,-0.778836
1717852800050000000,-0.777207
1717852800060000000,-0.775587
1717852800070000000,-0.773976
1717852800080000000,-0.772377
1717852800090000000,-0.770790
1717852800100000000,-0.769218
1717852800110000000,-0.767662
1717852800120000000,-0.766123
1717852800130000000,-0.764604
1717852800140000000,-0.763104
1717852800150000000,-0.761627
1717852800160000000,-0.760174
1717852800170000000,-0.758745
1717852800180000000,-0.757342
1717852800190000000,-0.755968
1717852800200000000,-0.754622
1717852800210000000,-0.753306
1717852800220000000,-0.752023
1717852800230000000,-0.750772
1717852800240000000,-0.749555
1717852800250000000,-0.748374
1717852800260000000,-0.747229
1717852800270000000,-0.746122
1717852800280000000,-0.745054
1717852800290000000,-0.744026
1717852800300000000,-0.743038
1717852800310000000,-0.742092
1717852800320000000,-0.741189
1717852800330000000,-0.740330
1717852800340000000,-0.739515
1717852800350000000,-0.738745
1717852800360000000,-0.738022
1717852800370000000,-0.737345
1717852800380000000,-0.736715
1717852800390000000,-0.736134
1717852800400000000,-0.735601
1717852800410000000,-0.735117
1717852800420000000,-0.734683
1717852800430000000,-0.734299
1717852800440000000,-0.733966
1717852800450000000,-0.733683
1717852800460000000,-0.733451
1717852800470000000,-0.733271
1717852800480000000,-0.733142
1717852800490000000,-0.733064
1717852800500000000,-0.733038
1717852800510000000,-0.733064
1717852800520000000,-0.733142
1717852800530000000,-0.733271
1717852800540000000,-0.733451
1717852800550000000,-0.733683
1717852800560000000,-0.733966
1717852800570000000,-0.734299
1717852800580000000,-0.734683
1717852800590000000,-0.735117
1717852800600000000,-0.735601
1717852800610000000,-0.736134
1717852800620000000,-0.736715
1717852800630000000,-0.737345
1717852800640000000,-0.738022
1717852800650000000,-0.738745
1717852800660000000,-0.739515
1717852800670000000,-0.740330
1717852800680000000,-0.741189
1717852800690000000,-0.742092
1717852800700000000,-0.743038
1717852800710000000,-0.744026
1717852800720000000,-0.745054
1717852800730000000,-0.746122
1717852800740000000,-0.747229
1717852800750000000,-0.748374
1717852800760000000,-0.749555
1717852800770000000,-0.750772
1717852800780000000,-0.752023
1717852800790000000,-0.753306
1717852800800000000,-0.754622
1717852800810000000,-0.755968
1717852800820000000,-0.757342
1717852800830000000,-0.758745
1717852800840000000,-0.760174
1717852800850000000,-0.761627
1717852800860000000,-0.763104
1717852800870000000,-0.764604
1717852800880000000,-0.766123
1717852800890000000,-0.767662
1717852800900000000,-0.769218
1717852800910000000,-0.770790
1717852800920000000,-0.772377
1717852800930000000,-0.773976
1717852800940000000,-0.775587
1717852800950000000,-0.777207
1717852800960000000,-0.778836
1717852800970000000,-0.780471
1717852800980000000,-0.782110
1717852800990000000,-0.783753
1717852801000000000,-0.785398
1717852801010000000,-0.787043
1717852801020000000,-0.788686
1717852801030000000,-0.790326
1717852801040000000,-0.791961
1717852801050000000,-0.793589
1717852801060000000,-0.795209
1717852801070000000,-0.796820
1717852801080000000,-0.798420
1717852801090000000,-0.800006
1717852801100000000,-0.801578
1717852801110000000,-0.803134
1717852801120000000,-0.804673
1717852801130000000,-0.806193
1717852801140000000,-0.807692
1717852801150000000,-0.809169
1717852801160000000,-0.810623
1717852801170000000,-0.812052
1717852801180000000,-0.813454
1717852801190000000,-0.814829
1717852801200000000,-0.816175
1717852801210000000,-0.817490
1717852801220000000,-0.818774
1717852801230000000,-0.820024
1717852801240000000,-0.821241
1717852801250000000,-0.822422
1717852801260000000,-0.823567
1717852801270000000,-0.824674
1717852801280000000,-0.825742
1717852801290000000,-0.826771
1717852801300000000,-0.827758
1717852801310000000,-0.828704
1717852801320000000,-0.829607
1717852801330000000,-0.830467
1717852801340000000,-0.831281
1717852801350000000,-0.832051
1717852801360000000,-0.832775
1717852801370000000,-0.833452
1717852801380000000,-0.834081
1717852801390000000,-0.834663
1717852801400000000,-0.835195
1717852801410000000,-0.835679
1717852801420000000,-0.836113
1717852801430000000,-0.836497
1717852801440000000,-0.836831
1717852801450000000,-0.837113
1717852801460000000,-0.837345
1717852801470000000,-0.837526
1717852801480000000,-0.837655
1717852801490000000,-0.837732
1717852801500000000,-0.837758
1717852801510000000,-0.837732
1717852801520000000,-0.837655
1717852801530000000,-0.837526
1717852801540000000,-0.837345
1717852801550000000,-0.837113
1717852801560000000,-0.836831
1717852801570000000,-0.836497
1717852801580000000,-0.836113
1717852801590000000,-0.835679
1717852801600000000,-0.835195
1717852801610000000,-0.834663
1717852801620000000,-0.834081
1717852801630000000,-0.833452
1717852801640000000,-0.832775
1717852801650000000,-0.832051
1717852801660000000,-0.831281
1717852801670000000,-0.830467
1717852801680000000,-0.829607
1717852801690000000,-0.828704
1717852801700000000,-0.827758
1717852801710000000,-0.826771
1717852801720000000,-0.825742
1717852801730000000,-0.824674
1717852801740000000,-0.823567
1717852801750000000,-0.822422
1717852801760000000,-0.821241
1717852801770000000,-0.820024
1717852801780000000,-0.818774
1717852801790000000,-0.817490
1717852801800000000,-0.816175
1717852801810000000,-0.814829
1717852801820000000,-0.813454
1717852801830000000,-0.812052
1717852801840000000,-0.810623
1717852801850000000,-0.809169
1717852801860000000,-0.807692
1717852801870000000,-0.806193
1717852801880000000,-0.804673
1717852801890000000,-0.803134
1717852801900000000,-0.801578
1717852801910000000,-0.800006
1717852801920000000,-0.798420
1717852801930000000,-0.796820
1717852801940000000,-0.795209
1717852801950000000,-0.793589
1717852801960000000,-0.791961
1717852801970000000,-0.790326
1717852801980000000,-0.788686
1717852801990000000,-0.787043
1717852802000000000,-0.785398
1717852802010000000,-0.783753
1717852802020000000,-0.782110
1717852802030000000,-0.780471
1717852802040000000,-0.778836
1717852802050000000,-0.777207
1717852802060000000,-0.775587
1717852802070000000,-0.773976
1717852802080000000,-0.772377
1717852802090000000,-0.770790
1717852802100000000,-0.769218
1717852802110000000,-0.767662
1717852802120000000,-0.766123
1717852802130000000,-0.764604
1717852802140000000,-0.763104
1717852802150000000,-0.761627
1717852802160000000,-0.760174
1717852802170000000,-0.758745
1717852802180000000,-0.757342
1717852802190000000,-0.755968
1717852802200000000,-0.754622
1717852802210000000,-0.753306
1717852802220000000,-0.752023
1717852802230000000,-0.750772
1717852802240000000,-0.749555
1717852802250000000,-0.748374
1717852802260000000,-0.747229
1717852802270000000,-0.746122
1717852802280000000,-0.745054
1717852802290000000,-0.744026
1717852802300000000,-0.743038
1717852802310000000,-0.742092
1717852802320000000,-0.741189
1717852802330000000,-0.740330
1717852802340000000,-0.739515
1717852802350000000,-0.738745
1717852802360000000,-0.738022
1717852802370000000,-0.737345
1717852802380000000,-0.736715
1717852802390000000,-0.736134
1717852802400000000,-0.735601
1717852802410000000,-0.735117
1717852802420000000,-0.734683
1717852802430000000,-0.734299
1717852802440000000,-0.733966
1717852802450000000,-0.733683
1717852802460000000,-0.733451
1717852802470000000,-0.733271
1717852802480000000,-0.733142
1717852802490000000,-0.733064
1717852802500000000,-0.733038
1717852802510000000,-0.733064
1717852802520000000,-0.733142
1717852802530000000,-0.733271
1717852802540000000,-0.733451
1717852802550000000,-0.733683
1717852802560000000,-0.733966
1717852802570000000,-0.734299
1717852802580000000,-0.734683
1717852802590000000,-0.735117
1717852802600000000,-0.735601
1717852802610000000,-0.736134
1717852802620000000,-0.736715
1717852802630000000,-0.737345
1717852802640000000,-0.738022
1717852802650000000,-0.738745
1717852802660000000,-0.739515
1717852802670000000,-0.740330
1717852802680000000,-0.741189
1717852802690000000,-0.742092
1717852802700000000,-0.743038
1717852802710000000,-0.744026
1717852802720000000,-0.745054
1717852802730000000,-0.746122
1717852802740000000,-0.747229
1717852802750000000,-0.748374
1717852802760000000,-0.749555
1717852802770000000,-0.750772
1717852802780000000,-0.752023
1717852802790000000,-0.753306
1717852802800000000,-0.754622
1717852802810000000,-0.755968
1717852802820000000,-0.757342
1717852802830000000,-0.758745
1717852802840000000,-0.760174
1717852802850000000,-0.761627
1717852802860000000,-0.763104
1717852802870000000,-0.764604
1717852802880000000,-0.766123
1717852802890000000,-0.767662
1717852802900000000,-0.769218
1717852802910000000,-0.770790
1717852802920000000,-0.772377
1717852802930000000,-0.773976
1717852802940000000,-0.775587
1717852802950000000,-0.777207
1717852802960000000,-0.778836
1717852802970000000,-0.780471
1717852802980000000,-0.782110
1717852802990000000,-0.783753
1717852803000000000,-0.785398
1717852803010000000,-0.787043
1717852803020000000,-0.788686
1717852803030000000,-0.790326
1717852803040000000,-0.791961
1717852803050000000,-0.793589
1717852803060000000,-0.795209
1717852803070000000,-0.796820
1717852803080000000,-0.798420
1717852803090000000,-0.800006
1717852803100000000,-0.801578
1717852803110000000,-0.803134
1717852803120000000,-0.804673
1717852803130000000,-0.806193
1717852803140000000,-0.807692
1717852803150000000,-0.809169
1717852803160000000,-0.810623
1717852803170000000,-0.812052
1717852803180000000,-0.813454
1717852803190000000,-0.814829
1717852803200000000,-0.816175
1717852803210000000,-0.817490
1717852803220000000,-0.818774
1717852803230000000,-0.820024
1717852803240000000,-0.821241
1717852803250000000,-0.822422
1717852803260000000,-0.823567
1717852803270000000,-0.824674
1717852803280000000,-0.825742
1717852803290000000,-0.826771
1717852803300000000,-0.827758
1717852803310000000,-0.828704
1717852803320000000,-0.829607
1717852803330000000,-0.830467
1717852803340000000,-0.831281
1717852803350000000,-0.832051
1717852803360000000,-0.832775
1717852803370000000,-0.833452
1717852803380000000,-0.834081
1717852803390000000,-0.834663
1717852803400000000,-0.835195
1717852803410000000,-0.835679
1717852803420000000,-0.836113
1717852803430000000,-0.836497
1717852803440000000,-0.836831
1717852803450000000,-0.837113
1717852803460000000,-0.837345
1717852803470000000,-0.837526
1717852803480000000,-0.837655
1717852803490000000,-0.837732
1717852803500000000,-0.837758
1717852803510000000,-0.837732
1717852803520000000,-0.837655
1717852803530000000,-0.837526
1717852803540000000,-0.837345
1717852803550000000,-0.837113
1717852803560000000,-0.836831
1717852803570000000,-0.836497
1717852803580000000,-0.836113
1717852803590000000,-0.835679
1717852803600000000,-0.835195
1717852803610000000,-0.834663
1717852803620000000,-0.834081
1717852803630000000,-0.833452
1717852803640000000,-0.832775
1717852803650000000,-0.832051
1717852803660000000,-0.831281
1717852803670000000,-0.830467
1717852803680000000,-0.829607
1717852803690000000,-0.828704
1717852803700000000,-0.827758
1717852803710000000,-0.826771
1717852803720000000,-0.825742
1717852803730000000,-0.824674
1717852803740000000,-0.823567
1717852803750000000,-0.822422
1717852803760000000,-0.821241
1717852803770000000,-0.820024
1717852803780000000,-0.818774
1717852803790000000,-0.817490
1717852803800000000,-0.816175
1717852803810000000,-0.814829
1717852803820000000,-0.813454
1717852803830000000,-0.812052
1717852803840000000,-0.810623
1717852803850000000,-0.809169
1717852803860000000,-0.807692
1717852803870000000,-0.806193
1717852803880000000,-0.804673
1717852803890000000,-0.803134
1717852803900000000,-0.801578
1717852803910000000,-0.800006
1717852803920000000,-0.798420
1717852803930000000,-0.796820
1717852803940000000,-0.795209
1717852803950000000,-0.793589
1717852803960000000,-0.791961
1717852803970000000,-0.790326
1717852803980000000,-0.788686
1717852803990000000,-0.787043
1717852804000000000,-0.785398
1717852804010000000,-0.783753
1717852804020000000,-0.782110
1717852804030000000,-0.780471
1717852804040000000,-0.778836
1717852804050000000,-0.777207
1717852804060000000,-0.775587
1717852804070000000,-0.773976
1717852804080000000,-0.772377
1717852804090000000,-0.770790
1717852804100000000,-0.769218
1717852804110000000,-0.767662
1717852804120000000,-0.766123
1717852804130000000,-0.764604
1717852804140000000,-0.763104
1717852804150000000,-0.761627
1717852804160000000,-0.760174
1717852804170000000,-0.758745
1717852804180000000,-0.757342
1717852804190000000,-0.755968
1717852804200000000,-0.754622
1717852804210000000,-0.753306
1717852804220000000,-0.752023
1717852804230000000,-0.750772
1717852804240000000,-0.749555
1717852804250000000,-0.748374
1717852804260000000,-0.747229
1717852804270000000,-0.746122
1717852804280000000,-0.745054
1717852804290000000,-0.744026
1717852804300000000,-0.743038
1717852804310000000,-0.742092
1717852804320000000,-0.741189
1717852804330000000,-0.740330
1717852804340000000,-0.739515
1717852804350000000,-0.738745
1717852804360000000,-0.738022
1717852804370000000,-0.737345
1717852804380000000,-0.736715
1717852804390000000,-0.736134
1717852804400000000,-0.735601
1717852804410000000,-0.735117
1717852804420000000,-0.734683
1717852804430000000,-0.734299
1717852804440000000,-0.733966
1717852804450000000,-0.733683
1717852804460000000,-0.733451
1717852804470000000,-0.733271
1717852804480000000,-0.733142
1717852804490000000,-0.733064
1717852804500000000,-0.733038
1717852804510000000,-0.733064
1717852804520000000,-0.733142
1717852804530000000,-0.733271
1717852804540000000,-0.733451
1717852804550000000,-0.733683
1717852804560000000,-0.733966
1717852804570000000,-0.734299
1717852804580000000,-0.734683
1717852804590000000,-0.735117
1717852804600000000,-0.735601
1717852804610000000,-0.736134
1717852804620000000,-0.736715
1717852804630000000,-0.737345
1717852804640000000,-0.738022
1717852804650000000,-0.738745
1717852804660000000,-0.739515
1717852804670000000,-0.740330
1717852804680000000,-0.741189
1717852804690000000,-0.742092
1717852804700000000,-0.743038
1717852804710000000,-0.744026
1717852804720000000,-0.745054
1717852804730000000,-0.746122
1717852804740000000,-0.747229
1717852804750000000,-0.748374
1717852804760000000,-0.749555
1717852804770000000,-0.750772
1717852804780000000,-0.752023
1717852804790000000,-0.753306
1717852804800000000,-0.754622
1717852804810000000,-0.755968
1717852804820000000,-0.757342
1717852804830000000,-0.758745
1717852804840000000,-0.760174
1717852804850000000,-0.761627
1717852804860000000,-0.763104
1717852804870000000,-0.764604
1717852804880000000,-0.766123
1717852804890000000,-0.767662
1717852804900000000,-0.769218
1717852804910000000,-0.770790
1717852804920000000,-0.772377
1717852804930000000,-0.773976
1717852804940000000,-0.775587
1717852804950000000,-0.777207
1717852804960000000,-0.778836
1717852804970000000,-0.780471
1717852804980000000,-0.782110
1717852804990000000,-0.783753
1717852805000000000,-0.785398
1717852805010000000,-0.787043
1717852805020000000,-0.788686
1717852805030000000,-0.790326
1717852805040000000,-0.791961
1717852805050000000,-0.793589
1717852805060000000,-0.795209
1717852805070000000,-0.796820
1717852805080000000,-0.798420
1717852805090000000,-0.800006
1717852805100000000,-0.801578
1717852805110000000,-0.803134
1717852805120000000,-0.804673
1717852805130000000,-0.806193
1717852805140000000,-0.807692
1717852805150000000,-0.809169
1717852805160000000,-0.810623
1717852805170000000,-0.812052
1717852805180000000,-0.813454
1717852805190000000,-0.814829
1717852805200000000,-0.816175
1717852805210000000,-0.817490
1717852805220000000,-0.818774
1717852805230000000,-0.820024
1717852805240000000,-0.821241
1717852805250000000,-0.822422
1717852805260000000,-0.823567
1717852805270000000,-0.824674
1717852805280000000,-0.825742
1717852805290000000,-0.826771
1717852805300000000,-0.827758
1717852805310000000,-0.828704
1717852805320000000,-0.829607
1717852805330000000,-0.830467
1717852805340000000,-0.831281
1717852805350000000,-0.832051
1717852805360000000,-0.832775
1717852805370000000,-0.833452
1717852805380000000,-0.834081
1717852805390000000,-0.834663
1717852805400000000,-0.835195
1717852805410000000,-0.835679
1717852805420000000,-0.836113
1717852805430000000,-0.836497
1717852805440000000,-0.836831
1717852805450000000,-0.837113
1717852805460000000,-0.837345
1717852805470000000,-0.837526
1717852805480000000,-0.837655
1717852805490000000,-0.837732
1717852805500000000,-0.837758
1717852805510000000,-0.837732
1717852805520000000,-0.837655
1717852805530000000,-0.837526
1717852805540000000,-0.837345
1717852805550000000,-0.837113
1717852805560000000,-0.836831
1717852805570000000,-0.836497
1717852805580000000,-0.836113
1717852805590000000,-0.835679
1717852805600000000,-0.835195
1717852805610000000,-0.834663
1717852805620000000,-0.834081
1717852805630000000,-0.833452
1717852805640000000,-0.832775
1717852805650000000,-0.832051
1717852805660000000,-0.831281
1717852805670000000,-0.830467
1717852805680000000,-0.829607
1717852805690000000,-0.828704
1717852805700000000,-0.827758
1717852805710000000,-0.826771
1717852805720000000,-0.825742
1717852805730000000,-0.824674
1717852805740000000,-0.823567
1717852805750000000,-0.822422
1717852805760000000,-0.821241
1717852805770000000,-0.820024
1717852805780000000,-0.818774
1717852805790000000,-0.817490
1717852805800000000,-0.816175
1717852805810000000,-0.814829
1717852805820000000,-0.813454
1717852805830000000,-0.812052
1717852805840000000,-0.810623
1717852805850000000,-0.809169
1717852805860000000,-0.807692
1717852805870000000,-0.806193
1717852805880000000,-0.804673
1717852805890000000,-0.803134
1717852805900000000,-0.801578
1717852805910000000,-0.800006
1717852805920000000,-0.798420
1717852805930000000,-0.796820
1717852805940000000,-0.795209
1717852805950000000,-0.793589
1717852805960000000,-0.791961
1717852805970000000,-0.790326
1717852805980000000,-0.788686
1717852805990000000,-0.787043
1717852806000000000,-0.785398
1717852806010000000,-0.783753
1717852806020000000,-0.782110
1717852806030000000,-0.780471
1717852806040000000,-0.778836
1717852806050000000,-0.777207
1717852806060000000,-0.775587
1717852806070000000,-0.773976
1717852806080000000,-0.772377
1717852806090000000,-0.770790
1717852806100000000,-0.769218
1717852806110000000,-0.767662
1717852806120000000,-0.766123
1717852806130000000,-0.764604
1717852806140000000,-0.763104
1717852806150000000,-0.761627
1717852806160000000,-0.760174
1717852806170000000,-0.758745
1717852806180000000,-0.757342
1717852806190000000,-0.755968
1717852806200000000,-0.754622
1717852806210000000,-0.753306
1717852806220000000,-0.752023
1717852806230000000,-0.750772
1717852806240000000,-0.749555
1717852806250000000,-0.748374
1717852806260000000,-0.747229
1717852806270000000,-0.746122
1717852806280000000,-0.745054
1717852806290000000,-0.744026
1717852806300000000,-0.743038
1717852806310000000,-0.742092
1717852806320000000,-0.741189
1717852806330000000,-0.740330
1717852806340000000,-0.739515
1717852806350000000,-0.738745
1717852806360000000,-0.738022
1717852806370000000,-0.737345
1717852806380000000,-0.736715
1717852806390000000,-0.736134
1717852806400000000,-0.735601
1717852806410000000,-0.735117
1717852806420000000,-0.734683
1717852806430000000,-0.734299
1717852806440000000,-0.733966
1717852806450000000,-0.733683
1717852806460000000,-0.733451
1717852806470000000,-0.733271
1717852806480000000,-0.733142
1717852806490000000,-0.733064
1717852806500000000,-0.733038
1717852806510000000,-0.733064
1717852806520000000,-0.733142
1717852806530000000,-0.733271
1717852806540000000,-0.733451
1717852806550000000,-0.733683
1717852806560000000,-0.733966
1717852806570000000,-0.734299
1717852806580000000,-0.734683
1717852806590000000,-0.735117
1717852806600000000,-0.735601
1717852806610000000,-0.736134
1717852806620000000,-0.736715
1717852806630000000,-0.737345
1717852806640000000,-0.738022
1717852806650000000,-0.738745
1717852806660000000,-0.739515
1717852806670000000,-0.740330
1717852806680000000,-0.741189
1717852806690000000,-0.742092
1717852806700000000,-0.743038
1717852806710000000,-0.744026
1717852806720000000,-0.745054
1717852806730000000,-0.746122
1717852806740000000,-0.747229
1717852806750000000,-0.748374
1717852806760000000,-0.749555
1717852806770000000,-0.750772
1717852806780000000,-0.752023
1717852806790000000,-0.753306
1717852806800000000,-0.754622
1717852806810000000,-0.755968
1717852806820000000,-0.757342
1717852806830000000,-0.758745
1717852806840000000,-0.760174
1717852806850000000,-0.761627
1717852806860000000,-0.763104
1717852806870000000,-0.764604
1717852806880000000,-0.766123
1717852806890000000,-0.767662
1717852806900000000,-0.769218
1717852806910000000,-0.770790
1717852806920000000,-0.772377
1717852806930000000,-0.773976
1717852806940000000,-0.775587
1717852806950000000,-0.777207
1717852806960000000,-0.778836
1717852806970000000,-0.780471
1717852806980000000,-0.782110
1717852806990000000,-0.783753
1717852807000000000,-0.785398
1717852807010000000,-0.787043
1717852807020000000,-0.788686
1717852807030000000,-0.790326
1717852807040000000,-0.791961
1717852807050000000,-0.793589
1717852807060000000,-0.795209
1717852807070000000,-0.796820
1717852807080000000,-0.798420
1717852807090000000,-0.800006
1717852807100000000,-0.801578
1717852807110000000,-0.803134
1717852807120000000,-0.804673
1717852807130000000,-0.806193
1717852807140000000,-0.807692
1717852807150000000,-0.809169
1717852807160000000,-0.810623
1717852807170000000,-0.812052
1717852807180000000,-0.813454
1717852807190000000,-0.814829
1717852807200000000,-0.816175
1717852807210000000,-0.817490
1717852807220000000,-0.818774
1717852807230000000,-0.820024
1717852807240000000,-0.821241
1717852807250000000,-0.822422
1717852807260000000,-0.823567
1717852807270000000,-0.824674
1717852807280000000,-0.825742
1717852807290000000,-0.826771
1717852807300000000,-0.827758
1717852807310000000,-0.828704
1717852807320000000,-0.829607
1717852807330000000,-0.830467
1717852807340000000,-0.831281
1717852807350000000,-0.832051
1717852807360000000,-0.832775
1717852807370000000,-0.833452
1717852807380000000,-0.834081
1717852807390000000,-0.834663
1717852807400000000,-0.835195
1717852807410000000,-0.835679
1717852807420000000,-0.836113
1717852807430000000,-0.836497
1717852807440000000,-0.836831
1717852807450000000,-0.837113
1717852807460000000,-0.837345
1717852807470000000,-0.837526
1717852807480000000,-0.837655
1717852807490000000,-0.837732
1717852807500000000,-0.837758
1717852807510000000,-0.837732
1717852807520000000,-0.837655
1717852807530000000,-0.837526
1717852807540000000,-0.837345
1717852807550000000,-0.837113
1717852807560000000,-0.836831
1717852807570000000,-0.836497
1717852807580000000,-0.836113
1717852807590000000,-0.835679
1717852807600000000,-0.835195
1717852807610000000,-0.834663
1717852807620000000,-0.834081
1717852807630000000,-0.833452
1717852807640000000,-0.832775
1717852807650000000,-0.832051
1717852807660000000,-0.831281
1717852807670000000,-0.830467
1717852807680000000,-0.829607
1717852807690000000,-0.828704
1717852807700000000,-0.827758
1717852807710000000,-0.826771
1717852807720000000,-0.825742
1717852807730000000,-0.824674
1717852807740000000,-0.823567
1717852807750000000,-0.822422
1717852807760000000,-0.821241
1717852807770000000,-0.820024
1717852807780000000,-0.818774
1717852807790000000,-0.817490
1717852807800000000,-0.816175
1717852807810000000,-0.814829
1717852807820000000,-0.813454
1717852807830000000,-0.812052
1717852807840000000,-0.810623
1717852807850000000,-0.809169
1717852807860000000,-0.807692
1717852807870000000,-0.806193
1717852807880000000,-0.804673
1717852807890000000,-0.803134
1717852807900000000,-0.801578
1717852807910000000,-0.800006
1717852807920000000,-0.798420
1717852807930000000,-0.796820
1717852807940000000,-0.795209
1717852807950000000,-0.793589
1717852807960000000,-0.791961
1717852807970000000,-0.790326
1717852807980000000,-0.788686
1717852807990000000,-0.787043
1717852808000000000,-0.785398
1717852808010000000,-0.783753
1717852808020000000,-0.782110
1717852808030000000,-0.780471
1717852808040000000,-0.778836
1717852808050000000,-0.777207
1717852808060000000,-0.775587
1717852808070000000,-0.773976
1717852808080000000,-0.772377
1717852808090000000,-0.770790
1717852808100000000,-0.769218
1717852808110000000,-0.767662
1717852808120000000,-0.766123
1717852808130000000,-0.764604
1717852808140000000,-0.763104
1717852808150000000,-0.761627
1717852808160000000,-0.760174
1717852808170000000,-0.758745
1717852808180000000,-0.757342
1717852808190000000,-0.755968
1717852808200000000,-0.754622
1717852808210000000,-0.753306
1717852808220000000,-0.752023
1717852808230000000,-0.750772
1717852808240000000,-0.749555
1717852808250000000,-0.748374
1717852808260000000,-0.747229
1717852808270000000,-0.746122
1717852808280000000,-0.745054
1717852808290000000,-0.744026
1717852808300000000,-0.743038
1717852808310000000,-0.742092
1717852808320000000,-0.741189
1717852808330000000,-0.740330
1717852808340000000,-0.739515
1717852808350000000,-0.738745
1717852808360000000,-0.738022
1717852808370000000,-0.737345
1717852808380000000,-0.736715
1717852808390000000,-0.736134
1717852808400000000,-0.735601
1717852808410000000,-0.735117
1717852808420000000,-0.734683
1717852808430000000,-0.734299
1717852808440000000,-0.733966
1717852808450000000,-0.733683
1717852808460000000,-0.733451
1717852808470000000,-0.733271
1717852808480000000,-0.733142
1717852808490000000,-0.733064
1717852808500000000,-0.733038
1717852808510000000,-0.733064
1717852808520000000,-0.733142
1717852808530000000,-0.733271
1717852808540000000,-0.733451
1717852808550000000,-0.733683
1717852808560000000,-0.733966
1717852808570000000,-0.734299
1717852808580000000,-0.734683
1717852808590000000,-0.735117
1717852808600000000,-0.735601
1717852808610000000,-0.736134
1717852808620000000,-0.736715
1717852808630000000,-0.737345
1717852808640000000,-0.738022
1717852808650000000,-0.738745
1717852808660000000,-0.739515
1717852808670000000,-0.740330
1717852808680000000,-0.741189
1717852808690000000,-0.742092
1717852808700000000,-0.743038
1717852808710000000,-0.744026
1717852808720000000,-0.745054
1717852808730000000,-0.746122
1717852808740000000,-0.747229
1717852808750000000,-0.748374
1717852808760000000,-0.749555
1717852808770000000,-0.750772
1717852808780000000,-0.752023
1717852808790000000,-0.753306
1717852808800000000,-0.754622
1717852808810000000,-0.755968
1717852808820000000,-0.757342
1717852808830000000,-0.758745
1717852808840000000,-0.760174
1717852808850000000,-0.761627
1717852808860000000,-0.763104
1717852808870000000,-0.764604
1717852808880000000,-0.766123
1717852808890000000,-0.767662
1717852808900000000,-0.769218
1717852808910000000,-0.770790
1717852808920000000,-0.772377
1717852808930000000,-0.773976
1717852808940000000,-0.775587
1717852808950000000,-0.777207
1717852808960000000,-0.778836
1717852808970000000,-0.780471
1717852808980000000,-0.782110
1717852808990000000,-0.783753
1717852809000000000,-0.785398
1717852809010000000,-0.787043
1717852809020000000,-0.788686
1717852809030000000,-0.790326
1717852809040000000,-0.791961
1717852809050000000,-0.793589
1717852809060000000,-0.795209
1717852809070000000,-0.796820
1717852809080000000,-0.798420
1717852809090000000,-0.800006
1717852809100000000,-0.801578
1717852809110000000,-0.803134
1717852809120000000,-0.804673
1717852809130000000,-0.806193
1717852809140000000,-0.807692
1717852809150000000,-0.809169
1717852809160000000,-0.810623
1717852809170000000,-0.812052
1717852809180000000,-0.813454
1717852809190000000,-0.814829
1717852809200000000,-0.816175
1717852809210000000,-0.817490
1717852809220000000,-0.818774
1717852809230000000,-0.820024
1717852809240000000,-0.821241
1717852809250000000,-0.822422
1717852809260000000,-0.823567
1717852809270000000,-0.824674
1717852809280000000,-0.825742
1717852809290000000,-0.826771
1717852809300000000,-0.827758
1717852809310000000,-0.828704
1717852809320000000,-0.829607
1717852809330000000,-0.830467
1717852809340000000,-0.831281
1717852809350000000,-0.832051
1717852809360000000,-0.832775
1717852809370000000,-0.833452
1717852809380000000,-0.834081
1717852809390000000,-0.834663
1717852809400000000,-0.835195
1717852809410000000,-0.835679
1717852809420000000,-0.836113
1717852809430000000,-0.836497
1717852809440000000,-0.836831
1717852809450000000,-0.837113
1717852809460000000,-0.837345
1717852809470000000,-0.837526
1717852809480000000,-0.837655
1717852809490000000,-0.837732
1717852809500000000,-0.837758
1717852809510000000,-0.837732
1717852809520000000,-0.837655
1717852809530000000,-0.837526
1717852809540000000,-0.837345
1717852809550000000,-0.837113
1717852809560000000,-0.836831
1717852809570000000,-0.836497
1717852809580000000,-0.836113
1717852809590000000,-0.835679
1717852809600000000,-0.835195
1717852809610000000,-0.834663
1717852809620000000,-0.834081
1717852809630000000,-0.833452
1717852809640000000,-0.832775
1717852809650000000,-0.832051
1717852809660000000,-0.831281
1717852809670000000,-0.830467
1717852809680000000,-0.829607
1717852809690000000,-0.828704
1717852809700000000,-0.827758
1717852809710000000,-0.826771
1717852809720000000,-0.825742
1717852809730000000,-0.824674
1717852809740000000,-0.823567
1717852809750000000,-0.822422
1717852809760000000,-0.821241
1717852809770000000,-0.820024
1717852809780000000,-0.818774
1717852809790000000,-0.817490
1717852809800000000,-0.816175
1717852809810000000,-0.814829
1717852809820000000,-0.813454
1717852809830000000,-0.812052
1717852809840000000,-0.810623
1717852809850000000,-0.809169
1717852809860000000,-0.807692
1717852809870000000,-0.806193
1717852809880000000,-0.804673
1717852809890000000,-0.803134
1717852809900000000,-0.801578
1717852809910000000,-0.800006
1717852809920000000,-0.798420
1717852809930000000,-0.796820
1717852809940000000,-0.795209
1717852809950000000,-0.793589
1717852809960000000,-0.791961
1717852809970000000,-0.790326
1717852809980000000,-0.788686
1717852809990000000,-0.787043
1717852810000000000,-0.785398
1717852810010000000,-0.783753
1717852810020000000,-0.782110
1717852810030000000,-0.780471
1717852810040000000,-0.778836
1717852810050000000,-0.777207
1717852810060000000,-0.775587
1717852810070000000,-0.773976
1717852810080000000,-0.772377
1717852810090000000,-0.770790
1717852810100000000,-0.769218
1717852810110000000,-0.767662
1717852810120000000,-0.766123
1717852810130000000,-0.764604
1717852810140000000,-0.763104
1717852810150000000,-0.761627
1717852810160000000,-0.760174
1717852810170000000,-0.758745
1717852810180000000,-0.757342
1717852810190000000,-0.755968
1717852810200000000,-0.754622
1717852810210000000,-0.753306
1717852810220000000,-0.752023
1717852810230000000,-0.750772
1717852810240000000,-0.749555
1717852810250000000,-0.748374
1717852810260000000,-0.747229
1717852810270000000,-0.746122
1717852810280000000,-0.745054
1717852810290000000,-0.744026
1717852810300000000,-0.743038
1717852810310000000,-0.742092
1717852810320000000,-0.741189
1717852810330000000,-0.740330
1717852810340000000,-0.739515
1717852810350000000,-0.738745
1717852810360000000,-0.738022
1717852810370000000,-0.737345
1717852810380000000,-0.736715
1717852810390000000,-0.736134
1717852810400000000,-0.735601
1717852810410000000,-0.735117
1717852810420000000,-0.734683
1717852810430000000,-0.734299
1717852810440000000,-0.733966
1717852810450000000,-0.733683
1717852810460000000,-0.733451
1717852810470000000,-0.733271
1717852810480000000,-0.733142
1717852810490000000,-0.733064
1717852810500000000,-0.733038
1717852810510000000,-0.733064
1717852810520000000,-0.733142
1717852810530000000,-0.733271
1717852810540000000,-0.733451
1717852810550000000,-0.733683
1717852810560000000,-0.733966
1717852810570000000,-0.734299
1717852810580000000,-0.734683
1717852810590000000,-0.735117
1717852810600000000,-0.735601
1717852810610000000,-0.736134
1717852810620000000,-0.736715
1717852810630000000,-0.737345
1717852810640000000,-0.738022
1717852810650000000,-0.738745
1717852810660000000,-0.739515
1717852810670000000,-0.740330
1717852810680000000,-0.741189
1717852810690000000,-0.742092
1717852810700000000,-0.743038
1717852810710000000,-0.744026
1717852810720000000,-0.745054
1717852810730000000,-0.746122
1717852810740000000,-0.747229
1717852810750000000,-0.748374
1717852810760000000,-0.749555
1717852810770000000,-0.750772
1717852810780000000,-0.752023
1717852810790000000,-0.753306
1717852810800000000,-0.754622
1717852810810000000,-0.755968
1717852810820000000,-0.757342
1717852810830000000,-0.758745
1717852810840000000,-0.760174
1717852810850000000,-0.761627
1717852810860000000,-0.763104
1717852810870000000,-0.764604
1717852810880000000,-0.766123
1717852810890000000,-0.767662
1717852810900000000,-0.769218
1717852810910000000,-0.770790
1717852810920000000,-0.772377
1717852810930000000,-0.773976
1717852810940000000,-0.775587
1717852810950000000,-0.777207
1717852810960000000,-0.778836
1717852810970000000,-0.780471
1717852810980000000,-0.782110
1717852810990000000,-0.783753
1717852811000000000,-0.785398
1717852811010000000,-0.787043
1717852811020000000,-0.788686
1717852811030000000,-0.790326
1717852811040000000,-0.791961
1717852811050000000,-0.793589
1717852811060000000,-0.795209
1717852811070000000,-0.796820
1717852811080000000,-0.798420
1717852811090000000,-0.800006
1717852811100000000,-0.801578
1717852811110000000,-0.803134
1717852811120000000,-0.804673
1717852811130000000,-0.806193
1717852811140000000,-0.807692
1717852811150000000,-0.809169
1717852811160000000,-0.810623
1717852811170000000,-0.812052
1717852811180000000,-0.813454
1717852811190000000,-0.814829
1717852811200000000,-0.816175
1717852811210000000,-0.817490
1717852811220000000,-0.818774
1717852811230000000,-0.820024
1717852811240000000,-0.821241
1717852811250000000,-0.822422
1717852811260000000,-0.823567
1717852811270000000,-0.824674
1717852811280000000,-0.825742
1717852811290000000,-0.826771
1717852811300000000,-0.827758
1717852811310000000,-0.828704
1717852811320000000,-0.829607
1717852811330000000,-0.830467
1717852811340000000,-0.831281
1717852811350000000,-0.832051
1717852811360000000,-0.832775
1717852811370000000,-0.833452
1717852811380000000,-0.834081
1717852811390000000,-0.834663
1717852811400000000,-0.835195
1717852811410000000,-0.835679
1717852811420000000,-0.836113
1717852811430000000,-0.836497
1717852811440000000,-0.836831
1717852811450000000,-0.837113
1717852811460000000,-0.837345
1717852811470000000,-0.837526
1717852811480000000,-0.837655
1717852811490000000,-0.837732
1717852811500000000,-0.837758
1717852811510000000,-0.837732
1717852811520000000,-0.837655
1717852811530000000,-0.837526
1717852811540000000,-0.837345
1717852811550000000,-0.837113
1717852811560000000,-0.836831
1717852811570000000,-0.836497
1717852811580000000,-0.836113
1717852811590000000,-0.835679
1717852811600000000,-0.835195
1717852811610000000,-0.834663
1717852811620000000,-0.834081
1717852811630000000,-0.833452
1717852811640000000,-0.832775
1717852811650000000,-0.832051
1717852811660000000,-0.831281
1717852811670000000,-0.830467
1717852811680000000,-0.829607
1717852811690000000,-0.828704
1717852811700000000,-0.827758
1717852811710000000,-0.826771
1717852811720000000,-0.825742
1717852811730000000,-0.824674
1717852811740000000,-0.823567
1717852811750000000,-0.822422
1717852811760000000,-0.821241
1717852811770000000,-0.820024
1717852811780000000,-0.818774
1717852811790000000,-0.817490
1717852811800000000,-0.816175
1717852811810000000,-0.814829
1717852811820000000,-0.813454
1717852811830000000,-0.812052
1717852811840000000,-0.810623
1717852811850000000,-0.809169
1717852811860000000,-0.807692
1717852811870000000,-0.806193
1717852811880000000,-0.804673
1717852811890000000,-0.803134
1717852811900000000,-0.801578
1717852811910000000,-0.800006
1717852811920000000,-0.798420
1717852811930000000,-0.796820
1717852811940000000,-0.795209
1717852811950000000,-0.793589
1717852811960000000,-0.791961
1717852811970000000,-0.790326
1717852811980000000,-0.788686
1717852811990000000,-0.787043
1717852812000000000,-0.785398
1717852812010000000,-0.783753
1717852812020000000,-0.782110
1717852812030000000,-0.780471
1717852812040000000,-0.778836
1717852812050000000,-0.777207
1717852812060000000,-0.775587
1717852812070000000,-0.773976
1717852812080000000,-0.772377
1717852812090000000,-0.770790
1717852812100000000,-0.769218
1717852812110000000,-0.767662
1717852812120000000,-0.766123
1717852812130000000,-0.764604
1717852812140000000,-0.763104
1717852812150000000,-0.761627
1717852812160000000,-0.760174
1717852812170000000,-0.758745
1717852812180000000,-0.757342
1717852812190000000,-0.755968
1717852812200000000,-0.754622
1717852812210000000,-0.753306
1717852812220000000,-0.752023
1717852812230000000,-0.750772
1717852812240000000,-0.749555
1717852812250000000,-0.748374
1717852812260000000,-0.747229
1717852812270000000,-0.746122
1717852812280000000,-0.745054
1717852812290000000,-0.744026
1717852812300000000,-0.743038
1717852812310000000,-0.742092
1717852812320000000,-0.741189
1717852812330000000,-0.740330
1717852812340000000,-0.739515
1717852812350000000,-0.738745
1717852812360000000,-0.738022
1717852812370000000,-0.737345
1717852812380000000,-0.736715
1717852812390000000,-0.736134
1717852812400000000,-0.735601
1717852812410000000,-0.735117
1717852812420000000,-0.734683
1717852812430000000,-0.734299
1717852812440000000,-0.733966
1717852812450000000,-0.733683
1717852812460000000,-0.733451
1717852812470000000,-0.733271
1717852812480000000,-0.733142
1717852812490000000,-0.733064
1717852812500000000,-0.733038
1717852812510000000,-0.733064
1717852812520000000,-0.733142
1717852812530000000,-0.733271
1717852812540000000,-0.733451
1717852812550000000,-0.733683
1717852812560000000,-0.733966
1717852812570000000,-0.734299
1717852812580000000,-0.734683
1717852812590000000,-0.735117
1717852812600000000,-0.735601
1717852812610000000,-0.736134
1717852812620000000,-0.736715
1717852812630000000,-0.737345
1717852812640000000,-0.738022
1717852812650000000,-0.738745
1717852812660000000,-0.739515
1717852812670000000,-0.740330
1717852812680000000,-0.741189
1717852812690000000,-0.742092
1717852812700000000,-0.743038
1717852812710000000,-0.744026
1717852812720000000,-0.745054
1717852812730000000,-0.746122
1717852812740000000,-0.747229
1717852812750000000,-0.748374
1717852812760000000,-0.749555
1717852812770000000,-0.750772
1717852812780000000,-0.752023
1717852812790000000,-0.753306
1717852812800000000,-0.754622
1717852812810000000,-0.755968
1717852812820000000,-0.757342
1717852812830000000,-0.758745
1717852812840000000,-0.760174
1717852812850000000,-0.761627
1717852812860000000,-0.763104
1717852812870000000,-0.764604
1717852812880000000,-0.766123
1717852812890000000,-0.767662
1717852812900000000,-0.769218
1717852812910000000,-0.770790
1717852812920000000,-0.772377
1717852812930000000,-0.773976
1717852812940000000,-0.775587
1717852812950000000,-0.777207
1717852812960000000,-0.778836
1717852812970000000,-0.780471
1717852812980000000,-0.782110
1717852812990000000,-0.783753
1717852813000000000,-0.785398
1717852813010000000,-0.787043
1717852813020000000,-0.788686
1717852813030000000,-0.790326
1717852813040000000,-0.791961
1717852813050000000,-0.793589
1717852813060000000,-0.795209
1717852813070000000,-0.796820
1717852813080000000,-0.798420
1717852813090000000,-0.800006
1717852813100000000,-0.801578
1717852813110000000,-0.803134
1717852813120000000,-0.804673
1717852813130000000,-0.806193
1717852813140000000,-0.807692
1717852813150000000,-0.809169
1717852813160000000,-0.810623
1717852813170000000,-0.812052
1717852813180000000,-0.813454
1717852813190000000,-0.814829
1717852813200000000,-0.816175
1717852813210000000,-0.817490
1717852813220000000,-0.818774
1717852813230000000,-0.820024
1717852813240000000,-0.821241
1717852813250000000,-0.822422
1717852813260000000,-0.823567
1717852813270000000,-0.824674
1717852813280000000,-0.825742
1717852813290000000,-0.826771
1717852813300000000,-0.827758
1717852813310000000,-0.828704
1717852813320000000,-0.829607
1717852813330000000,-0.830467
1717852813340000000,-0.831281
1717852813350000000,-0.832051
1717852813360000000,-0.832775
1717852813370000000,-0.833452
1717852813380000000,-0.834081
1717852813390000000,-0.834663
1717852813400000000,-0.835195
1717852813410000000,-0.835679
1717852813420000000,-0.836113
1717852813430000000,-0.836497
1717852813440000000,-0.836831
1717852813450000000,-0.837113
1717852813460000000,-0.837345
1717852813470000000,-0.837526
1717852813480000000,-0.837655
1717852813490000000,-0.837732
1717852813500000000,-0.837758
1717852813510000000,-0.837732
1717852813520000000,-0.837655
1717852813530000000,-0.837526
1717852813540000000,-0.837345
1717852813550000000,-0.837113
1717852813560000000,-0.836831
1717852813570000000,-0.836497
1717852813580000000,-0.836113
1717852813590000000,-0.835679
1717852813600000000,-0.835195
1717852813610000000,-0.834663
1717852813620000000,-0.834081
1717852813630000000,-0.833452
1717852813640000000,-0.832775
1717852813650000000,-0.832051
1717852813660000000,-0.831281
1717852813670000000,-0.830467
1717852813680000000,-0.829607
1717852813690000000,-0.828704
1717852813700000000,-0.827758
1717852813710000000,-0.826771
1717852813720000000,-0.825742
1717852813730000000,-0.824674
1717852813740000000,-0.823567
1717852813750000000,-0.822422
1717852813760000000,-0.821241
1717852813770000000,-0.820024
1717852813780000000,-0.818774
1717852813790000000,-0.817490
1717852813800000000,-0.816175
1717852813810000000,-0.814829
1717852813820000000,-0.813454
1717852813830000000,-0.812052
1717852813840000000,-0.810623
1717852813850000000,-0.809169
1717852813860000000,-0.807692
1717852813870000000,-0.806193
1717852813880000000,-0.804673
1717852813890000000,-0.803134
1717852813900000000,-0.801578
1717852813910000000,-0.800006
1717852813920000000,-0.798420
1717852813930000000,-0.796820
1717852813940000000,-0.795209
1717852813950000000,-0.793589
1717852813960000000,-0.791961
1717852813970000000,-0.790326
1717852813980000000,-0.788686
1717852813990000000,-0.787043
1717852814000000000,-0.785398
1717852814010000000,-0.783753
1717852814020000000,-0.782110
1717852814030000000,-0.780471
1717852814040000000,-0.778836
1717852814050000000,-0.777207
1717852814060000000,-0.775587
1717852814070000000,-0.773976
1717852814080000000,-0.772377
1717852814090000000,-0.770790
1717852814100000000,-0.769218
1717852814110000000,-0.767662
1717852814120000000,-0.766123
1717852814130000000,-0.764604
1717852814140000000,-0.763104
1717852814150000000,-0.761627
1717852814160000000,-0.760174
1717852814170000000,-0.758745
1717852814180000000,-0.757342
1717852814190000000,-0.755968
1717852814200000000,-0.754622
1717852814210000000,-0.753306
1717852814220000000,-0.752023
1717852814230000000,-0.750772
1717852814240000000,-0.749555
1717852814250000000,-0.748374
1717852814260000000,-0.747229
1717852814270000000,-0.746122
1717852814280000000,-0.745054
1717852814290000000,-0.744026
1717852814300000000,-0.743038
1717852814310000000,-0.742092
1717852814320000000,-0.741189
1717852814330000000,-0.740330
1717852814340000000,-0.739515
1717852814350000000,-0.738745
1717852814360000000,-0.738022
1717852814370000000,-0.737345
1717852814380000000,-0.736715
1717852814390000000,-0.736134
1717852814400000000,-0.735601
1717852814410000000,-0.735117
1717852814420000000,-0.734683
1717852814430000000,-0.734299
1717852814440000000,-0.733966
1717852814450000000,-0.733683
1717852814460000000,-0.733451
1717852814470000000,-0.733271
1717852814480000000,-0.733142
1717852814490000000,-0.733064
1717852814500000000,-0.733038
1717852814510000000,-0.733064
1717852814520000000,-0.733142
1717852814530000000,-0.733271
1717852814540000000,-0.733451
1717852814550000000,-0.733683
1717852814560000000,-0.733966
1717852814570000000,-0.734299
1717852814580000000,-0.734683
1717852814590000000,-0.735117
1717852814600000000,-0.735601
1717852814610000000,-0.736134
1717852814620000000,-0.736715
1717852814630000000,-0.737345
1717852814640000000,-0.738022
1717852814650000000,-0.738745
1717852814660000000,-0.739515
1717852814670000000,-0.740330
1717852814680000000,-0.741189
1717852814690000000,-0.742092
1717852814700000000,-0.743038
1717852814710000000,-0.744026
1717852814720000000,-0.745054
1717852814730000000,-0.746122
1717852814740000000,-0.747229
1717852814750000000,-0.748374
1717852814760000000,-0.749555
1717852814770000000,-0.750772
1717852814780000000,-0.752023
1717852814790000000,-0.753306
1717852814800000000,-0.754622
1717852814810000000,-0.755968
1717852814820000000,-0.757342
1717852814830000000,-0.758745
1717852814840000000,-0.760174
1717852814850000000,-0.761627
1717852814860000000,-0.763104
1717852814870000000,-0.764604
1717852814880000000,-0.766123
1717852814890000000,-0.767662
1717852814900000000,-0.769218
1717852814910000000,-0.770790
1717852814920000000,-0.772377
1717852814930000000,-0.773976
1717852814940000000,-0.775587
1717852814950000000,-0.777207
1717852814960000000,-0.778836
1717852814970000000,-0.780471
1717852814980000000,-0.782110
1717852814990000000,-0.783753
1717852815000000000,-0.785398
1717852815010000000,-0.787043
1717852815020000000,-0.788686
1717852815030000000,-0.790326
1717852815040000000,-0.791961
1717852815050000000,-0.793589
1717852815060000000,-0.795209
1717852815070000000,-0.796820
1717852815080000000,-0.798420
1717852815090000000,-0.800006
1717852815100000000,-0.801578
1717852815110000000,-0.803134
1717852815120000000,-0.804673
1717852815130000000,-0.806193
1717852815140000000,-0.807692
1717852815150000000,-0.809169
1717852815160000000,-0.810623
1717852815170000000,-0.812052
1717852815180000000,-0.813454
1717852815190000000,-0.814829
1717852815200000000,-0.816175
1717852815210000000,-0.817490
1717852815220000000,-0.818774
1717852815230000000,-0.820024
1717852815240000000,-0.821241
1717852815250000000,-0.822422
1717852815260000000,-0.823567
1717852815270000000,-0.824674
1717852815280000000,-0.825742
1717852815290000000,-0.826771
1717852815300000000,-0.827758
1717852815310000000,-0.828704
1717852815320000000,-0.829607
1717852815330000000,-0.830467
1717852815340000000,-0.831281
1717852815350000000,-0.832051
1717852815360000000,-0.832775
1717852815370000000,-0.833452
1717852815380000000,-0.834081
1717852815390000000,-0.834663
1717852815400000000,-0.835195
1717852815410000000,-0.835679
1717852815420000000,-0.836113
1717852815430000000,-0.836497
1717852815440000000,-0.836831
1717852815450000000,-0.837113
1717852815460000000,-0.837345
1717852815470000000,-0.837526
1717852815480000000,-0.837655
1717852815490000000,-0.837732
1717852815500000000,-0.837758
1717852815510000000,-0.837732
1717852815520000000,-0.837655
1717852815530000000,-0.837526
1717852815540000000,-0.837345
1717852815550000000,-0.837113
1717852815560000000,-0.836831
1717852815570000000,-0.836497
1717852815580000000,-0.836113
1717852815590000000,-0.835679
1717852815600000000,-0.835195
1717852815610000000,-0.834663
1717852815620000000,-0.834081
1717852815630000000,-0.833452
1717852815640000000,-0.832775
1717852815650000000,-0.832051
1717852815660000000,-0.831281
1717852815670000000,-0.830467
1717852815680000000,-0.829607
1717852815690000000,-0.828704
1717852815700000000,-0.827758
1717852815710000000,-0.826771
1717852815720000000,-0.825742
1717852815730000000,-0.824674
1717852815740000000,-0.823567
1717852815750000000,-0.822422
1717852815760000000,-0.821241
1717852815770000000,-0.820024
1717852815780000000,-0.818774
1717852815790000000,-0.817490
1717852815800000000,-0.816175
1717852815810000000,-0.814829
1717852815820000000,-0.813454
1717852815830000000,-0.812052
1717852815840000000,-0.810623
1717852815850000000,-0.809169
1717852815860000000,-0.807692
1717852815870000000,-0.806193
1717852815880000000,-0.804673
1717852815890000000,-0.803134
1717852815900000000,-0.801578
1717852815910000000,-0.800006
1717852815920000000,-0.798420
1717852815930000000,-0.796820
1717852815940000000,-0.795209
1717852815950000000,-0.793589
1717852815960000000,-0.791961
1717852815970000000,-0.790326
1717852815980000000,-0.788686
1717852815990000000,-0.787043
1717852816000000000,-0.785398
1717852816010000000,-0.783753
1717852816020000000,-0.782110
1717852816030000000,-0.780471
1717852816040000000,-0.778836
1717852816050000000,-0.777207
1717852816060000000,-0.775587
1717852816070000000,-0.773976
1717852816080000000,-0.772377
1717852816090000000,-0.770790
1717852816100000000,-0.769218
1717852816110000000,-0.767662
1717852816120000000,-0.766123
1717852816130000000,-0.764604
1717852816140000000,-0.763104
1717852816150000000,-0.761627
1717852816160000000,-0.760174
1717852816170000000,-0.758745
1717852816180000000,-0.757342
1717852816190000000,-0.755968
1717852816200000000,-0.754622
1717852816210000000,-0.753306
1717852816220000000,-0.752023
1717852816230000000,-0.750772
1717852816240000000,-0.749555
1717852816250000000,-0.748374
1717852816260000000,-0.747229
1717852816270000000,-0.746122
1717852816280000000,-0.745054
1717852816290000000,-0.744026
1717852816300000000,-0.743038
1717852816310000000,-0.742092
1717852816320000000,-0.741189
1717852816330000000,-0.740330
1717852816340000000,-0.739515
1717852816350000000,-0.738745
1717852816360000000,-0.738022
1717852816370000000,-0.737345
1717852816380000000,-0.736715
1717852816390000000,-0.736134
1717852816400000000,-0.735601
1717852816410000000,-0.735117
1717852816420000000,-0.734683
1717852816430000000,-0.734299
1717852816440000000,-0.733966
1717852816450000000,-0.733683
1717852816460000000,-0.733451
1717852816470000000,-0.733271
1717852816480000000,-0.733142
1717852816490000000,-0.733064
1717852816500000000,-0.733038
1717852816510000000,-0.733064
1717852816520000000,-0.733142
1717852816530000000,-0.733271
1717852816540000000,-0.733451
1717852816550000000,-0.733683
1717852816560000000,-0.733966
1717852816570000000,-0.734299
1717852816580000000,-0.734683
1717852816590000000,-0.735117
1717852816600000000,-0.735601
1717852816610000000,-0.736134
1717852816620000000,-0.736715
1717852816630000000,-0.737345
1717852816640000000,-0.738022
1717852816650000000,-0.738745
1717852816660000000,-0.739515
1717852816670000000,-0.740330
1717852816680000000,-0.741189
1717852816690000000,-0.742092
1717852816700000000,-0.743038
1717852816710000000,-0.744026
1717852816720000000,-0.745054
1717852816730000000,-0.746122
1717852816740000000,-0.747229
1717852816750000000,-0.748374
1717852816760000000,-0.749555
1717852816770000000,-0.750772
1717852816780000000,-0.752023
1717852816790000000,-0.753306
1717852816800000000,-0.754622
1717852816810000000,-0.755968
1717852816820000000,-0.757342
1717852816830000000,-0.758745
1717852816840000000,-0.760174
1717852816850000000,-0.761627
1717852816860000000,-0.763104
1717852816870000000,-0.764604
1717852816880000000,-0.766123
1717852816890000000,-0.767662
1717852816900000000,-0.769218
1717852816910000000,-0.770790
1717852816920000000,-0.772377
1717852816930000000,-0.773976
1717852816940000000,-0.775587
1717852816950000000,-0.777207
1717852816960000000,-0.778836
1717852816970000000,-0.780471
1717852816980000000,-0.782110
1717852816990000000,-0.783753
1717852817000000000,-0.785398
1717852817010000000,-0.787043
1717852817020000000,-0.788686
1717852817030000000,-0.790326
1717852817040000000,-0.791961
1717852817050000000,-0.793589
1717852817060000000,-0.795209
1717852817070000000,-0.796820
1717852817080000000,-0.798420
1717852817090000000,-0.800006
1717852817100000000,-0.801578
1717852817110000000,-0.803134
1717852817120000000,-0.804673
1717852817130000000,-0.806193
1717852817140000000,-0.807692
1717852817150000000,-0.809169
1717852817160000000,-0.810623
1717852817170000000,-0.812052
1717852817180000000,-0.813454
1717852817190000000,-0.814829
1717852817200000000,-0.816175
1717852817210000000,-0.817490
1717852817220000000,-0.818774
1717852817230000000,-0.820024
1717852817240000000,-0.821241
1717852817250000000,-0.822422
1717852817260000000,-0.823567
1717852817270000000,-0.824674
1717852817280000000,-0.825742
1717852817290000000,-0.826771
1717852817300000000,-0.827758
1717852817310000000,-0.828704
1717852817320000000,-0.829607
1717852817330000000,-0.830467
1717852817340000000,-0.831281
1717852817350000000,-0.832051
1717852817360000000,-0.832775
1717852817370000000,-0.833452
1717852817380000000,-0.834081
1717852817390000000,-0.834663
1717852817400000000,-0.835195
1717852817410000000,-0.835679
1717852817420000000,-0.836113
1717852817430000000,-0.836497
1717852817440000000,-0.836831
1717852817450000000,-0.837113
1717852817460000000,-0.837345
1717852817470000000,-0.837526
1717852817480000000,-0.837655
1717852817490000000,-0.837732
1717852817500000000,-0.837758
1717852817510000000,-0.837732
1717852817520000000,-0.837655
1717852817530000000,-0.837526
1717852817540000000,-0.837345
1717852817550000000,-0.837113
1717852817560000000,-0.836831
1717852817570000000,-0.836497
1717852817580000000,-0.836113
1717852817590000000,-0.835679
1717852817600000000,-0.835195
1717852817610000000,-0.834663
1717852817620000000,-0.834081
1717852817630000000,-0.833452
1717852817640000000,-0.832775
1717852817650000000,-0.832051
1717852817660000000,-0.831281
1717852817670000000,-0.830467
1717852817680000000,-0.829607
1717852817690000000,-0.828704
1717852817700000000,-0.827758
1717852817710000000,-0.826771
1717852817720000000,-0.825742
1717852817730000000,-0.824674
1717852817740000000,-0.823567
1717852817750000000,-0.822422
1717852817760000000,-0.821241
1717852817770000000,-0.820024
1717852817780000000,-0.818774
1717852817790000000,-0.817490
1717852817800000000,-0.816175
1717852817810000000,-0.814829
1717852817820000000,-0.813454
1717852817830000000,-0.812052
1717852817840000000,-0.810623
1717852817850000000,-0.809169
1717852817860000000,-0.807692
1717852817870000000,-0.806193
1717852817880000000,-0.804673
1717852817890000000,-0.803134
1717852817900000000,-0.801578
1717852817910000000,-0.800006
1717852817920000000,-0.798420
1717852817930000000,-0.796820
1717852817940000000,-0.795209
1717852817950000000,-0.793589
1717852817960000000,-0.791961
1717852817970000000,-0.790326
1717852817980000000,-0.788686
1717852817990000000,-0.787043
1717852818000000000,-0.785398
1717852818010000000,-0.783753
1717852818020000000,-0.782110
1717852818030000000,-0.780471
1717852818040000000,-0.778836
1717852818050000000,-0.777207
1717852818060000000,-0.775587
1717852818070000000,-0.773976
1717852818080000000,-0.772377
1717852818090000000,-0.770790
1717852818100000000,-0.769218
1717852818110000000,-0.767662
1717852818120000000,-0.766123
1717852818130000000,-0.764604
1717852818140000000,-0.763104
1717852818150000000,-0.761627
1717852818160000000,-0.760174
1717852818170000000,-0.758745
1717852818180000000,-0.757342
1717852818190000000,-0.755968
1717852818200000000,-0.754622
1717852818210000000,-0.753306
1717852818220000000,-0.752023
1717852818230000000,-0.750772
1717852818240000000,-0.749555
1717852818250000000,-0.748374
1717852818260000000,-0.747229
1717852818270000000,-0.746122
1717852818280000000,-0.745054
1717852818290000000,-0.744026
1717852818300000000,-0.743038
1717852818310000000,-0.742092
1717852818320000000,-0.741189
1717852818330000000,-0.740330
1717852818340000000,-0.739515
1717852818350000000,-0.738745
1717852818360000000,-0.738022
1717852818370000000,-0.737345
1717852818380000000,-0.736715
1717852818390000000,-0.736134
1717852818400000000,-0.735601
1717852818410000000,-0.735117
1717852818420000000,-0.734683
1717852818430000000,-0.734299
1717852818440000000,-0.733966
1717852818450000000,-0.733683
1717852818460000000,-0.733451
1717852818470000000,-0.733271
1717852818480000000,-0.733142
1717852818490000000,-0.733064
1717852818500000000,-0.733038
1717852818510000000,-0.733064
1717852818520000000,-0.733142
1717852818530000000,-0.733271
1717852818540000000,-0.733451
1717852818550000000,-0.733683
1717852818560000000,-0.733966
1717852818570000000,-0.734299
1717852818580000000,-0.734683
1717852818590000000,-0.735117
1717852818600000000,-0.735601
1717852818610000000,-0.736134
1717852818620000000,-0.736715
1717852818630000000,-0.737345
1717852818640000000,-0.738022
1717852818650000000,-0.738745
1717852818660000000,-0.739515
1717852818670000000,-0.740330
1717852818680000000,-0.741189
1717852818690000000,-0.742092
1717852818700000000,-0.743038
1717852818710000000,-0.744026
1717852818720000000,-0.745054
1717852818730000000,-0.746122
1717852818740000000,-0.747229
1717852818750000000,-0.748374
1717852818760000000,-0.749555
1717852818770000000,-0.750772
1717852818780000000,-0.752023
1717852818790000000,-0.753306
1717852818800000000,-0.754622
1717852818810000000,-0.755968
1717852818820000000,-0.757342
1717852818830000000,-0.758745
1717852818840000000,-0.760174
1717852818850000000,-0.761627
1717852818860000000,-0.763104
1717852818870000000,-0.764604
1717852818880000000,-0.766123
1717852818890000000,-0.767662
1717852818900000000,-0.769218
1717852818910000000,-0.770790
1717852818920000000,-0.772377
1717852818930000000,-0.773976
1717852818940000000,-0.775587
1717852818950000000,-0.777207
1717852818960000000,-0.778836
1717852818970000000,-0.780471
1717852818980000000,-0.782110
1717852818990000000,-0.783753
1717852819000000000,-0.785398
1717852819010000000,-0.787043
1717852819020000000,-0.788686
1717852819030000000,-0.790326
1717852819040000000,-0.791961
1717852819050000000,-0.793589
1717852819060000000,-0.795209
1717852819070000000,-0.796820
1717852819080000000,-0.798420
1717852819090000000,-0.800006
1717852819100000000,-0.801578
1717852819110000000,-0.803134
1717852819120000000,-0.804673
1717852819130000000,-0.806193
1717852819140000000,-0.807692
1717852819150000000,-0.809169
1717852819160000000,-0.810623
1717852819170000000,-0.812052
1717852819180000000,-0.813454
1717852819190000000,-0.814829
1717852819200000000,-0.816175
1717852819210000000,-0.817490
1717852819220000000,-0.818774
1717852819230000000,-0.820024
1717852819240000000,-0.821241
1717852819250000000,-0.822422
1717852819260000000,-0.823567
1717852819270000000,-0.824674
1717852819280000000,-0.825742
1717852819290000000,-0.826771
1717852819300000000,-0.827758
1717852819310000000,-0.828704
1717852819320000000,-0.829607
1717852819330000000,-0.830467
1717852819340000000,-0.831281
1717852819350000000,-0.832051
1717852819360000000,-0.832775
1717852819370000000,-0.833452
1717852819380000000,-0.834081
1717852819390000000,-0.834663
1717852819400000000,-0.835195
1717852819410000000,-0.835679
1717852819420000000,-0.836113
1717852819430000000,-0.836497
1717852819440000000,-0.836831
1717852819450000000,-0.837113
1717852819460000000,-0.837345
1717852819470000000,-0.837526
1717852819480000000,-0.837655
1717852819490000000,-0.837732
1717852819500000000,-0.837758
1717852819510000000,-0.837732
1717852819520000000,-0.837655
1717852819530000000,-0.837526
1717852819540000000,-0.837345
1717852819550000000,-0.837113
1717852819560000000,-0.836831
1717852819570000000,-0.836497
1717852819580000000,-0.836113
1717852819590000000,-0.835679
1717852819600000000,-0.835195
1717852819610000000,-0.834663
1717852819620000000,-0.834081
1717852819630000000,-0.833452
1717852819640000000,-0.832775
1717852819650000000,-0.832051
1717852819660000000,-0.831281
1717852819670000000,-0.830467
1717852819680000000,-0.829607
1717852819690000000,-0.828704
1717852819700000000,-0.827758
1717852819710000000,-0.826771
1717852819720000000,-0.825742
1717852819730000000,-0.824674
1717852819740000000,-0.823567
1717852819750000000,-0.822422
1717852819760000000,-0.821241
1717852819770000000,-0.820024
1717852819780000000,-0.818774
1717852819790000000,-0.817490
1717852819800000000,-0.816175
1717852819810000000,-0.814829
1717852819820000000,-0.813454
1717852819830000000,-0.812052
1717852819840000000,-0.810623
1717852819850000000,-0.809169
1717852819860000000,-0.807692
1717852819870000000,-0.806193
1717852819880000000,-0.804673
1717852819890000000,-0.803134
1717852819900000000,-0.801578
1717852819910000000,-0.800006
1717852819920000000,-0.798420
1717852819930000000,-0.796820
1717852819940000000,-0.795209
1717852819950000000,-0.793589
1717852819960000000,-0.791961
1717852819970000000,-0.790326
1717852819980000000,-0.788686
1717852819990000000,-0.787043
1717852820000000000,-0.785398
1717852820010000000,-0.783753
1717852820020000000,-0.782110
1717852820030000000,-0.780471
1717852820040000000,-0.778836
1717852820050000000,-0.777207
1717852820060000000,-0.775587
1717852820070000000,-0.773976
1717852820080000000,-0.772377
1717852820090000000,-0.770790
1717852820100000000,-0.769218
1717852820110000000,-0.767662
1717852820120000000,-0.766123
1717852820130000000,-0.764604
1717852820140000000,-0.763104
1717852820150000000,-0.761627
1717852820160000000,-0.760174
1717852820170000000,-0.758745
1717852820180000000,-0.757342
1717852820190000000,-0.755968
1717852820200000000,-0.754622
1717852820210000000,-0.753306
1717852820220000000,-0.752023
1717852820230000000,-0.750772
1717852820240000000,-0.749555
1717852820250000000,-0.748374
1717852820260000000,-0.747229
1717852820270000000,-0.746122
1717852820280000000,-0.745054
1717852820290000000,-0.744026
1717852820300000000,-0.743038
1717852820310000000,-0.742092
1717852820320000000,-0.741189
1717852820330000000,-0.740330
1717852820340000000,-0.739515
1717852820350000000,-0.738745
1717852820360000000,-0.738022
1717852820370000000,-0.737345
1717852820380000000,-0.736715
1717852820390000000,-0.736134
1717852820400000000,-0.735601
1717852820410000000,-0.735117
1717852820420000000,-0.734683
1717852820430000000,-0.734299
1717852820440000000,-0.733966
1717852820450000000,-0.733683
1717852820460000000,-0.733451
1717852820470000000,-0.733271
1717852820480000000,-0.733142
1717852820490000000,-0.733064
1717852820500000000,-0.733038
1717852820510000000,-0.733064
1717852820520000000,-0.733142
1717852820530000000,-0.733271
1717852820540000000,-0.733451
1717852820550000000,-0.733683
1717852820560000000,-0.733966
1717852820570000000,-0.734299
1717852820580000000,-0.734683
1717852820590000000,-0.735117
1717852820600000000,-0.735601
1717852820610000000,-0.736134
1717852820620000000,-0.736715
1717852820630000000,-0.737345
1717852820640000000,-0.738022
1717852820650000000,-0.738745
1717852820660000000,-0.739515
1717852820670000000,-0.740330
1717852820680000000,-0.741189
1717852820690000000,-0.742092
1717852820700000000,-0.743038
1717852820710000000,-0.744026
1717852820720000000,-0.745054
1717852820730000000,-0.746122
1717852820740000000,-0.747229
1717852820750000000,-0.748374
1717852820760000000,-0.749555
1717852820770000000,-0.750772
1717852820780000000,-0.752023
1717852820790000000,-0.753306
1717852820800000000,-0.754622
1717852820810000000,-0.755968
1717852820820000000,-0.757342
1717852820830000000,-0.758745
1717852820840000000,-0.760174
1717852820850000000,-0.761627
1717852820860000000,-0.763104
1717852820870000000,-0.764604
1717852820880000000,-0.766123
1717852820890000000,-0.767662
1717852820900000000,-0.769218
1717852820910000000,-0.770790
1717852820920000000,-0.772377
1717852820930000000,-0.773976
1717852820940000000,-0.775587
1717852820950000000,-0.777207
1717852820960000000,-0.778836
1717852820970000000,-0.780471
1717852820980000000,-0.782110
1717852820990000000,-0.783753
1717852821000000000,-0.785398
1717852821010000000,-0.787043
1717852821020000000,-0.788686
1717852821030000000,-0.790326
1717852821040000000,-0.791961
1717852821050000000,-0.793589
1717852821060000000,-0.795209
1717852821070000000,-0.796820
1717852821080000000,-0.798420
1717852821090000000,-0.800006
1717852821100000000,-0.801578
1717852821110000000,-0.803134
1717852821120000000,-0.804673
1717852821130000000,-0.806193
1717852821140000000,-0.807692
1717852821150000000,-0.809169
1717852821160000000,-0.810623
1717852821170000000,-0.812052
1717852821180000000,-0.813454
1717852821190000000,-0.814829
1717852821200000000,-0.816175
1717852821210000000,-0.817490
1717852821220000000,-0.818774
1717852821230000000,-0.820024
1717852821240000000,-0.821241
1717852821250000000,-0.822422
1717852821260000000,-0.823567
1717852821270000000,-0.824674
1717852821280000000,-0.825742
1717852821290000000,-0.826771
1717852821300000000,-0.827758
1717852821310000000,-0.828704
1717852821320000000,-0.829607
1717852821330000000,-0.830467
1717852821340000000,-0.831281
1717852821350000000,-0.832051
1717852821360000000,-0.832775
1717852821370000000,-0.833452
1717852821380000000,-0.834081
1717852821390000000,-0.834663
1717852821400000000,-0.835195
1717852821410000000,-0.835679
1717852821420000000,-0.836113
1717852821430000000,-0.836497
1717852821440000000,-0.836831
1717852821450000000,-0.837113
1717852821460000000,-0.837345
1717852821470000000,-0.837526
1717852821480000000,-0.837655
1717852821490000000,-0.837732
1717852821500000000,-0.837758
1717852821510000000,-0.837732
1717852821520000000,-0.837655
1717852821530000000,-0.837526
1717852821540000000,-0.837345
1717852821550000000,-0.837113
1717852821560000000,-0.836831
1717852821570000000,-0.836497
1717852821580000000,-0.836113
1717852821590000000,-0.835679
1717852821600000000,-0.835195
1717852821610000000,-0.834663
1717852821620000000,-0.834081
1717852821630000000,-0.833452
1717852821640000000,-0.832775
1717852821650000000,-0.832051
1717852821660000000,-0.831281
1717852821670000000,-0.830467
1717852821680000000,-0.829607
1717852821690000000,-0.828704
1717852821700000000,-0.827758
1717852821710000000,-0.826771
1717852821720000000,-0.825742
1717852821730000000,-0.824674
1717852821740000000,-0.823567
1717852821750000000,-0.822422
1717852821760000000,-0.821241
1717852821770000000,-0.820024
1717852821780000000,-0.818774
1717852821790000000,-0.817490
1717852821800000000,-0.816175
1717852821810000000,-0.814829
1717852821820000000,-0.813454
1717852821830000000,-0.812052
1717852821840000000,-0.810623
1717852821850000000,-0.809169
1717852821860000000,-0.807692
1717852821870000000,-0.806193
1717852821880000000,-0.804673
1717852821890000000,-0.803134
1717852821900000000,-0.801578
1717852821910000000,-0.800006
1717852821920000000,-0.798420
1717852821930000000,-0.796820
1717852821940000000,-0.795209
1717852821950000000,-0.793589
1717852821960000000,-0.791961
1717852821970000000,-0.790326
1717852821980000000,-0.788686
1717852821990000000,-0.787043
1717852822000000000,-0.785398
1717852822010000000,-0.783753
1717852822020000000,-0.782110
1717852822030000000,-0.780471
1717852822040000000,-0.778836
1717852822050000000,-0.777207
1717852822060000000,-0.775587
1717852822070000000,-0.773976
1717852822080000000,-0.772377
1717852822090000000,-0.770790
1717852822100000000,-0.769218
1717852822110000000,-0.767662
1717852822120000000,-0.766123
1717852822130000000,-0.764604
1717852822140000000,-0.763104
1717852822150000000,-0.761627
1717852822160000000,-0.760174
1717852822170000000,-0.758745
1717852822180000000,-0.757342
1717852822190000000,-0.755968
1717852822200000000,-0.754622
1717852822210000000,-0.753306
1717852822220000000,-0.752023
1717852822230000000,-0.750772
1717852822240000000,-0.749555
1717852822250000000,-0.748374
1717852822260000000,-0.747229
1717852822270000000,-0.746122
1717852822280000000,-0.745054
1717852822290000000,-0.744026
1717852822300000000,-0.743038
1717852822310000000,-0.742092
1717852822320000000,-0.741189
1717852822330000000,-0.740330
1717852822340000000,-0.739515
1717852822350000000,-0.738745
1717852822360000000,-0.738022
1717852822370000000,-0.737345
1717852822380000000,-0.736715
1717852822390000000,-0.736134
1717852822400000000,-0.735601
1717852822410000000,-0.735117
1717852822420000000,-0.734683
1717852822430000000,-0.734299
1717852822440000000,-0.733966
1717852822450000000,-0.733683
1717852822460000000,-0.733451
1717852822470000000,-0.733271
1717852822480000000,-0.733142
1717852822490000000,-0.733064
1717852822500000000,-0.733038
1717852822510000000,-0.733064
1717852822520000000,-0.733142
1717852822530000000,-0.733271
1717852822540000000,-0.733451
1717852822550000000,-0.733683
1717852822560000000,-0.733966
1717852822570000000,-0.734299
1717852822580000000,-0.734683
1717852822590000000,-0.735117
1717852822600000000,-0.735601
1717852822610000000,-0.736134
1717852822620000000,-0.736715
1717852822630000000,-0.737345
1717852822640000000,-0.738022
1717852822650000000,-0.738745
1717852822660000000,-0.739515
1717852822670000000,-0.740330
1717852822680000000,-0.741189
1717852822690000000,-0.742092
1717852822700000000,-0.743038
1717852822710000000,-0.744026
1717852822720000000,-0.745054
1717852822730000000,-0.746122
1717852822740000000,-0.747229
1717852822750000000,-0.748374
1717852822760000000,-0.749555
1717852822770000000,-0.750772
1717852822780000000,-0.752023
1717852822790000000,-0.753306
1717852822800000000,-0.754622
1717852822810000000,-0.755968
1717852822820000000,-0.757342
1717852822830000000,-0.758745
1717852822840000000,-0.760174
1717852822850000000,-0.761627
1717852822860000000,-0.763104
1717852822870000000,-0.764604
1717852822880000000,-0.766123
1717852822890000000,-0.767662
1717852822900000000,-0.769218
1717852822910000000,-0.770790
1717852822920000000,-0.772377
1717852822930000000,-0.773976
1717852822940000000,-0.775587
1717852822950000000,-0.777207
1717852822960000000,-0.778836
1717852822970000000,-0.780471
1717852822980000000,-0.782110
1717852822990000000,-0.783753
1717852823000000000,-0.785398
1717852823010000000,-0.787043
1717852823020000000,-0.788686
1717852823030000000,-0.790326
1717852823040000000,-0.791961
1717852823050000000,-0.793589
1717852823060000000,-0.795209
1717852823070000000,-0.796820
1717852823080000000,-0.798420
1717852823090000000,-0.800006
1717852823100000000,-0.801578
1717852823110000000,-0.803134
1717852823120000000,-0.804673
1717852823130000000,-0.806193
1717852823140000000,-0.807692
1717852823150000000,-0.809169
1717852823160000000,-0.810623
1717852823170000000,-0.812052
1717852823180000000,-0.813454
1717852823190000000,-0.814829
1717852823200000000,-0.816175
1717852823210000000,-0.817490
1717852823220000000,-0.818774
1717852823230000000,-0.820024
1717852823240000000,-0.821241
1717852823250000000,-0.822422
1717852823260000000,-0.823567
1717852823270000000,-0.824674
1717852823280000000,-0.825742
1717852823290000000,-0.826771
1717852823300000000,-0.827758
1717852823310000000,-0.828704
1717852823320000000,-0.829607
1717852823330000000,-0.830467
1717852823340000000,-0.831281
1717852823350000000,-0.832051
1717852823360000000,-0.832775
1717852823370000000,-0.833452
1717852823380000000,-0.834081
1717852823390000000,-0.834663
1717852823400000000,-0.835195
1717852823410000000,-0.835679
1717852823420000000,-0.836113
1717852823430000000,-0.836497
1717852823440000000,-0.836831
1717852823450000000,-0.837113
1717852823460000000,-0.837345
1717852823470000000,-0.837526
1717852823480000000,-0.837655
1717852823490000000,-0.837732
1717852823500000000,-0.837758
1717852823510000000,-0.837732
1717852823520000000,-0.837655
1717852823530000000,-0.837526
1717852823540000000,-0.837345
1717852823550000000,-0.837113
1717852823560000000,-0.836831
1717852823570000000,-0.836497
1717852823580000000,-0.836113
1717852823590000000,-0.835679
1717852823600000000,-0.835195
1717852823610000000,-0.834663
1717852823620000000,-0.834081
1717852823630000000,-0.833452
1717852823640000000,-0.832775
1717852823650000000,-0.832051
1717852823660000000,-0.831281
1717852823670000000,-0.830467
1717852823680000000,-0.829607
1717852823690000000,-0.828704
1717852823700000000,-0.827758
1717852823710000000,-0.826771
1717852823720000000,-0.825742
1717852823730000000,-0.824674
1717852823740000000,-0.823567
1717852823750000000,-0.822422
1717852823760000000,-0.821241
1717852823770000000,-0.820024
1717852823780000000,-0.818774
1717852823790000000,-0.817490
1717852823800000000,-0.816175
1717852823810000000,-0.814829
1717852823820000000,-0.813454
1717852823830000000,-0.812052
1717852823840000000,-0.810623
1717852823850000000,-0.809169
1717852823860000000,-0.807692
1717852823870000000,-0.806193
1717852823880000000,-0.804673
1717852823890000000,-0.803134
1717852823900000000,-0.801578
1717852823910000000,-0.800006
1717852823920000000,-0.798420
1717852823930000000,-0.796820
1717852823940000000,-0.795209
1717852823950000000,-0.793589
1717852823960000000,-0.791961
1717852823970000000,-0.790326
1717852823980000000,-0.788686
1717852823990000000,-0.787043
1717852824000000000,-0.785398
1717852824010000000,-0.783753
1717852824020000000,-0.782110
1717852824030000000,-0.780471
1717852824040000000,-0.778836
1717852824050000000,-0.777207
1717852824060000000,-0.775587
1717852824070000000,-0.773976
1717852824080000000,-0.772377
1717852824090000000,-0.770790
1717852824100000000,-0.769218
1717852824110000000,-0.767662
1717852824120000000,-0.766123
1717852824130000000,-0.764604
1717852824140000000,-0.763104
1717852824150000000,-0.761627
1717852824160000000,-0.760174
1717852824170000000,-0.758745
1717852824180000000,-0.757342
1717852824190000000,-0.755968
1717852824200000000,-0.754622
1717852824210000000,-0.753306
1717852824220000000,-0.752023
1717852824230000000,-0.750772
1717852824240000000,-0.749555
1717852824250000000,-0.748374
1717852824260000000,-0.747229
1717852824270000000,-0.746122
1717852824280000000,-0.745054
1717852824290000000,-0.744026
1717852824300000000,-0.743038
1717852824310000000,-0.742092
1717852824320000000,-0.741189
1717852824330000000,-0.740330
1717852824340000000,-0.739515
1717852824350000000,-0.738745
1717852824360000000,-0.738022
1717852824370000000,-0.737345
1717852824380000000,-0.736715
1717852824390000000,-0.736134
1717852824400000000,-0.735601
1717852824410000000,-0.735117
1717852824420000000,-0.734683
1717852824430000000,-0.734299
1717852824440000000,-0.733966
1717852824450000000,-0.733683
1717852824460000000,-0.733451
1717852824470000000,-0.733271
1717852824480000000,-0.733142
1717852824490000000,-0.733064
1717852824500000000,-0.733038
1717852824510000000,-0.733064
1717852824520000000,-0.733142
1717852824530000000,-0.733271
1717852824540000000,-0.733451
1717852824550000000,-0.733683
1717852824560000000,-0.733966
1717852824570000000,-0.734299
1717852824580000000,-0.734683
1717852824590000000,-0.735117
1717852824600000000,-0.735601
1717852824610000000,-0.736134
1717852824620000000,-0.736715
1717852824630000000,-0.737345
1717852824640000000,-0.738022
1717852824650000000,-0.738745
1717852824660000000,-0.739515
1717852824670000000,-0.740330
1717852824680000000,-0.741189
1717852824690000000,-0.742092
1717852824700000000,-0.743038
1717852824710000000,-0.744026
1717852824720000000,-0.745054
1717852824730000000,-0.746122
1717852824740000000,-0.747229
1717852824750000000,-0.748374
1717852824760000000,-0.749555
1717852824770000000,-0.750772
1717852824780000000,-0.752023
1717852824790000000,-0.753306
1717852824800000000,-0.754622
1717852824810000000,-0.755968
1717852824820000000,-0.757342
1717852824830000000,-0.758745
1717852824840000000,-0.760174
1717852824850000000,-0.761627
1717852824860000000,-0.763104
1717852824870000000,-0.764604
1717852824880000000,-0.766123
1717852824890000000,-0.767662
1717852824900000000,-0.769218
1717852824910000000,-0.770790
1717852824920000000,-0.772377
1717852824930000000,-0.773976
1717852824940000000,-0.775587
1717852824950000000,-0.777207
1717852824960000000,-0.778836
1717852824970000000,-0.780471
1717852824980000000,-0.782110
1717852824990000000,-0.783753
1717852825000000000,-0.785398
1717852825010000000,-0.787043
1717852825020000000,-0.788686
1717852825030000000,-0.790326
1717852825040000000,-0.791961
1717852825050000000,-0.793589
1717852825060000000,-0.795209
1717852825070000000,-0.796820
1717852825080000000,-0.798420
1717852825090000000,-0.800006
1717852825100000000,-0.801578
1717852825110000000,-0.803134
1717852825120000000,-0.804673
1717852825130000000,-0.806193
1717852825140000000,-0.807692
1717852825150000000,-0.809169
1717852825160000000,-0.810623
1717852825170000000,-0.812052
1717852825180000000,-0.813454
1717852825190000000,-0.814829
1717852825200000000,-0.816175
1717852825210000000,-0.817490
1717852825220000000,-0.818774
1717852825230000000,-0.820024
1717852825240000000,-0.821241
1717852825250000000,-0.822422
1717852825260000000,-0.823567
1717852825270000000,-0.824674
1717852825280000000,-0.825742
1717852825290000000,-0.826771
1717852825300000000,-0.827758
1717852825310000000,-0.828704
1717852825320000000,-0.829607
1717852825330000000,-0.830467
1717852825340000000,-0.831281
1717852825350000000,-0.832051
1717852825360000000,-0.832775
1717852825370000000,-0.833452
1717852825380000000,-0.834081
1717852825390000000,-0.834663
1717852825400000000,-0.835195
1717852825410000000,-0.835679
1717852825420000000,-0.836113
1717852825430000000,-0.836497
1717852825440000000,-0.836831
1717852825450000000,-0.837113
1717852825460000000,-0.837345
1717852825470000000,-0.837526
1717852825480000000,-0.837655
1717852825490000000,-0.837732
1717852825500000000,-0.837758
1717852825510000000,-0.837732
1717852825520000000,-0.837655
1717852825530000000,-0.837526
1717852825540000000,-0.837345
1717852825550000000,-0.837113
1717852825560000000,-0.836831
1717852825570000000,-0.836497
1717852825580000000,-0.836113
1717852825590000000,-0.835679
1717852825600000000,-0.835195
1717852825610000000,-0.834663
1717852825620000000,-0.834081
1717852825630000000,-0.833452
1717852825640000000,-0.832775
1717852825650000000,-0.832051
1717852825660000000,-0.831281
1717852825670000000,-0.830467
1717852825680000000,-0.829607
1717852825690000000,-0.828704
1717852825700000000,-0.827758
1717852825710000000,-0.826771
1717852825720000000,-0.825742
1717852825730000000,-0.824674
1717852825740000000,-0.823567
1717852825750000000,-0.822422
1717852825760000000,-0.821241
1717852825770000000,-0.820024
1717852825780000000,-0.818774
1717852825790000000,-0.817490
1717852825800000000,-0.816175
1717852825810000000,-0.814829
1717852825820000000,-0.813454
1717852825830000000,-0.812052
1717852825840000000,-0.810623
1717852825850000000,-0.809169
1717852825860000000,-0.807692
1717852825870000000,-0.806193
1717852825880000000,-0.804673
1717852825890000000,-0.803134
1717852825900000000,-0.801578
1717852825910000000,-0.800006
1717852825920000000,-0.798420
1717852825930000000,-0.796820
1717852825940000000,-0.795209
1717852825950000000,-0.793589
1717852825960000000,-0.791961
1717852825970000000,-0.790326
1717852825980000000,-0.788686
1717852825990000000,-0.787043
1717852826000000000,-0.785398
1717852826010000000,-0.783753
1717852826020000000,-0.782110
1717852826030000000,-0.780471
1717852826040000000,-0.778836
1717852826050000000,-0.777207
1717852826060000000,-0.775587
1717852826070000000,-0.773976
1717852826080000000,-0.772377
1717852826090000000,-0.770790
1717852826100000000,-0.769218
1717852826110000000,-0.767662
1717852826120000000,-0.766123
1717852826130000000,-0.764604
1717852826140000000,-0.763104
1717852826150000000,-0.761627
1717852826160000000,-0.760174
1717852826170000000,-0.758745
1717852826180000000,-0.757342
1717852826190000000,-0.755968
1717852826200000000,-0.754622
1717852826210000000,-0.753306
1717852826220000000,-0.752023
1717852826230000000,-0.750772
1717852826240000000,-0.749555
1717852826250000000,-0.748374
1717852826260000000,-0.747229
1717852826270000000,-0.746122
1717852826280000000,-0.745054
1717852826290000000,-0.744026
1717852826300000000,-0.743038
1717852826310000000,-0.742092
1717852826320000000,-0.741189
1717852826330000000,-0.740330
1717852826340000000,-0.739515
1717852826350000000,-0.738745
1717852826360000000,-0.738022
1717852826370000000,-0.737345
1717852826380000000,-0.736715
1717852826390000000,-0.736134
1717852826400000000,-0.735601
1717852826410000000,-0.735117
1717852826420000000,-0.734683
1717852826430000000,-0.734299
1717852826440000000,-0.733966
1717852826450000000,-0.733683
1717852826460000000,-0.733451
1717852826470000000,-0.733271
1717852826480000000,-0.733142
1717852826490000000,-0.733064
1717852826500000000,-0.733038
1717852826510000000,-0.733064
1717852826520000000,-0.733142
1717852826530000000,-0.733271
1717852826540000000,-0.733451
1717852826550000000,-0.733683
1717852826560000000,-0.733966
1717852826570000000,-0.734299
1717852826580000000,-0.734683
1717852826590000000,-0.735117
1717852826600000000,-0.735601
1717852826610000000,-0.736134
1717852826620000000,-0.736715
1717852826630000000,-0.737345
1717852826640000000,-0.738022
1717852826650000000,-0.738745
1717852826660000000,-0.739515
1717852826670000000,-0.740330
1717852826680000000,-0.741189
1717852826690000000,-0.742092
1717852826700000000,-0.743038
1717852826710000000,-0.744026
1717852826720000000,-0.745054
1717852826730000000,-0.746122
1717852826740000000,-0.747229
1717852826750000000,-0.748374
1717852826760000000,-0.749555
1717852826770000000,-0.750772
1717852826780000000,-0.752023
1717852826790000000,-0.753306
1717852826800000000,-0.754622
1717852826810000000,-0.755968
1717852826820000000,-0.757342
1717852826830000000,-0.758745
1717852826840000000,-0.760174
1717852826850000000,-0.761627
1717852826860000000,-0.763104
1717852826870000000,-0.764604
1717852826880000000,-0.766123
1717852826890000000,-0.767662
1717852826900000000,-0.769218
1717852826910000000,-0.770790
1717852826920000000,-0.772377
1717852826930000000,-0.773976
1717852826940000000,-0.775587
1717852826950000000,-0.777207
1717852826960000000,-0.778836
1717852826970000000,-0.780471
1717852826980000000,-0.782110
1717852826990000000,-0.783753
1717852827000000000,-0.785398
1717852827010000000,-0.787043
1717852827020000000,-0.788686
1717852827030000000,-0.790326
1717852827040000000,-0.791961
1717852827050000000,-0.793589
1717852827060000000,-0.795209
1717852827070000000,-0.796820
1717852827080000000,-0.798420
1717852827090000000,-0.800006
1717852827100000000,-0.801578
1717852827110000000,-0.803134
1717852827120000000,-0.804673
1717852827130000000,-0.806193
1717852827140000000,-0.807692
1717852827150000000,-0.809169
1717852827160000000,-0.810623
1717852827170000000,-0.812052
1717852827180000000,-0.813454
1717852827190000000,-0.814829
1717852827200000000,-0.816175
1717852827210000000,-0.817490
1717852827220000000,-0.818774
1717852827230000000,-0.820024
1717852827240000000,-0.821241
1717852827250000000,-0.822422
1717852827260000000,-0.823567
1717852827270000000,-0.824674
1717852827280000000,-0.825742
1717852827290000000,-0.826771
1717852827300000000,-0.827758
1717852827310000000,-0.828704
1717852827320000000,-0.829607
1717852827330000000,-0.830467
1717852827340000000,-0.831281
1717852827350000000,-0.832051
1717852827360000000,-0.832775
1717852827370000000,-0.833452
1717852827380000000,-0.834081
1717852827390000000,-0.834663
1717852827400000000,-0.835195
1717852827410000000,-0.835679
1717852827420000000,-0.836113
1717852827430000000,-0.836497
1717852827440000000,-0.836831
1717852827450000000,-0.837113
1717852827460000000,-0.837345
1717852827470000000,-0.837526
1717852827480000000,-0.837655
1717852827490000000,-0.837732
1717852827500000000,-0.837758
1717852827510000000,-0.837732
1717852827520000000,-0.837655
1717852827530000000,-0.837526
1717852827540000000,-0.837345
1717852827550000000,-0.837113
1717852827560000000,-0.836831
1717852827570000000,-0.836497
1717852827580000000,-0.836113
1717852827590000000,-0.835679
1717852827600000000,-0.835195
1717852827610000000,-0.834663
1717852827620000000,-0.834081
1717852827630000000,-0.833452
1717852827640000000,-0.832775
1717852827650000000,-0.832051
1717852827660000000,-0.831281
1717852827670000000,-0.830467
1717852827680000000,-0.829607
1717852827690000000,-0.828704
1717852827700000000,-0.827758
1717852827710000000,-0.826771
1717852827720000000,-0.825742
1717852827730000000,-0.824674
1717852827740000000,-0.823567
1717852827750000000,-0.822422
1717852827760000000,-0.821241
1717852827770000000,-0.820024
1717852827780000000,-0.818774
1717852827790000000,-0.817490
1717852827800000000,-0.816175
1717852827810000000,-0.814829
1717852827820000000,-0.813454
1717852827830000000,-0.812052
1717852827840000000,-0.810623
1717852827850000000,-0.809169
1717852827860000000,-0.807692
1717852827870000000,-0.806193
1717852827880000000,-0.804673
1717852827890000000,-0.803134
1717852827900000000,-0.801578
1717852827910000000,-0.800006
1717852827920000000,-0.798420
1717852827930000000,-0.796820
1717852827940000000,-0.795209
1717852827950000000,-0.793589
1717852827960000000,-0.791961
1717852827970000000,-0.790326
1717852827980000000,-0.788686
1717852827990000000,-0.787043
1717852828000000000,-0.785398
1717852828010000000,-0.783753
1717852828020000000,-0.782110
1717852828030000000,-0.780471
1717852828040000000,-0.778836
1717852828050000000,-0.777207
1717852828060000000,-0.775587
1717852828070000000,-0.773976
1717852828080000000,-0.772377
1717852828090000000,-0.770790
1717852828100000000,-0.769218
1717852828110000000,-0.767662
1717852828120000000,-0.766123
1717852828130000000,-0.764604
1717852828140000000,-0.763104
1717852828150000000,-0.761627
1717852828160000000,-0.760174
1717852828170000000,-0.758745
1717852828180000000,-0.757342
1717852828190000000,-0.755968
1717852828200000000,-0.754622
1717852828210000000,-0.753306
1717852828220000000,-0.752023
1717852828230000000,-0.750772
1717852828240000000,-0.749555
1717852828250000000,-0.748374
1717852828260000000,-0.747229
1717852828270000000,-0.746122
1717852828280000000,-0.745054
1717852828290000000,-0.744026
1717852828300000000,-0.743038
1717852828310000000,-0.742092
1717852828320000000,-0.741189
1717852828330000000,-0.740330
1717852828340000000,-0.739515
1717852828350000000,-0.738745
1717852828360000000,-0.738022
1717852828370000000,-0.737345
1717852828380000000,-0.736715
1717852828390000000,-0.736134
1717852828400000000,-0.735601
1717852828410000000,-0.735117
1717852828420000000,-0.734683
1717852828430000000,-0.734299
1717852828440000000,-0.733966
1717852828450000000,-0.733683
1717852828460000000,-0.733451
1717852828470000000,-0.733271
1717852828480000000,-0.733142
1717852828490000000,-0.733064
1717852828500000000,-0.733038
1717852828510000000,-0.733064
1717852828520000000,-0.733142
1717852828530000000,-0.733271
1717852828540000000,-0.733451
1717852828550000000,-0.733683
1717852828560000000,-0.733966
1717852828570000000,-0.734299
1717852828580000000,-0.734683
1717852828590000000,-0.735117
1717852828600000000,-0.735601
1717852828610000000,-0.736134
1717852828620000000,-0.736715
1717852828630000000,-0.737345
1717852828640000000,-0.738022
1717852828650000000,-0.738745
1717852828660000000,-0.739515
1717852828670000000,-0.740330
1717852828680000000,-0.741189
1717852828690000000,-0.742092
1717852828700000000,-0.743038
1717852828710000000,-0.744026
1717852828720000000,-0.745054
1717852828730000000,-0.746122
1717852828740000000,-0.747229
1717852828750000000,-0.748374
1717852828760000000,-0.749555
1717852828770000000,-0.750772
1717852828780000000,-0.752023
1717852828790000000,-0.753306
1717852828800000000,-0.754622
1717852828810000000,-0.755968
1717852828820000000,-0.757342
1717852828830000000,-0.758745
1717852828840000000,-0.760174
1717852828850000000,-0.761627
1717852828860000000,-0.763104
1717852828870000000,-0.764604
1717852828880000000,-0.766123
1717852828890000000,-0.767662
1717852828900000000,-0.769218
1717852828910000000,-0.770790
1717852828920000000,-0.772377
1717852828930000000,-0.773976
1717852828940000000,-0.775587
1717852828950000000,-0.777207
1717852828960000000,-0.778836
1717852828970000000,-0.780471
1717852828980000000,-0.782110
1717852828990000000,-0.783753
1717852829000000000,-0.785398
1717852829010000000,-0.787043
1717852829020000000,-0.788686
1717852829030000000,-0.790326
1717852829040000000,-0.791961
1717852829050000000,-0.793589
1717852829060000000,-0.795209
1717852829070000000,-0.796820
1717852829080000000,-0.798420
1717852829090000000,-0.800006
1717852829100000000,-0.801578
1717852829110000000,-0.803134
1717852829120000000,-0.804673
1717852829130000000,-0.806193
1717852829140000000,-0.807692
1717852829150000000,-0.809169
1717852829160000000,-0.810623
1717852829170000000,-0.812052
1717852829180000000,-0.813454
1717852829190000000,-0.814829
1717852829200000000,-0.816175
1717852829210000000,-0.817490
1717852829220000000,-0.818774
1717852829230000000,-0.820024
1717852829240000000,-0.821241
1717852829250000000,-0.822422
1717852829260000000,-0.823567
1717852829270000000,-0.824674
1717852829280000000,-0.825742
1717852829290000000,-0.826771
1717852829300000000,-0.827758
1717852829310000000,-0.828704
1717852829320000000,-0.829607
1717852829330000000,-0.830467
1717852829340000000,-0.831281
1717852829350000000,-0.832051
1717852829360000000,-0.832775
1717852829370000000,-0.833452
1717852829380000000,-0.834081
1717852829390000000,-0.834663
1717852829400000000,-0.835195
1717852829410000000,-0.835679
1717852829420000000,-0.836113
1717852829430000000,-0.836497
1717852829440000000,-0.836831
1717852829450000000,-0.837113
1717852829460000000,-0.837345
1717852829470000000,-0.837526
1717852829480000000,-0.837655
1717852829490000000,-0.837732
1717852829500000000,-0.837758
1717852829510000000,-0.837732
1717852829520000000,-0.837655
1717852829530000000,-0.837526
1717852829540000000,-0.837345
1717852829550000000,-0.837113
1717852829560000000,-0.836831
1717852829570000000,-0.836497
1717852829580000000,-0.836113
1717852829590000000,-0.835679
1717852829600000000,-0.835195
1717852829610000000,-0.834663
1717852829620000000,-0.834081
1717852829630000000,-0.833452
1717852829640000000,-0.832775
1717852829650000000,-0.832051
1717852829660000000,-0.831281
1717852829670000000,-0.830467
1717852829680000000,-0.829607
1717852829690000000,-0.828704
1717852829700000000,-0.827758
1717852829710000000,-0.826771
1717852829720000000,-0.825742
1717852829730000000,-0.824674
1717852829740000000,-0.823567
1717852829750000000,-0.822422
1717852829760000000,-0.821241
1717852829770000000,-0.820024
1717852829780000000,-0.818774
1717852829790000000,-0.817490
1717852829800000000,-0.816175
1717852829810000000,-0.814829
1717852829820000000,-0.813454
1717852829830000000,-0.812052
1717852829840000000,-0.810623
1717852829850000000,-0.809169
1717852829860000000,-0.807692
1717852829870000000,-0.806193
1717852829880000000,-0.804673
1717852829890000000,-0.803134
1717852829900000000,-0.801578
1717852829910000000,-0.800006
1717852829920000000,-0.798420
1717852829930000000,-0.796820
1717852829940000000,-0.795209
1717852829950000000,-0.793589
1717852829960000000,-0.791961
1717852829970000000,-0.790326
1717852829980000000,-0.788686
1717852829990000000,-0.787043
